cas,ir_labels,uv_labels,ir_peaks,uv_peaks
529-34-0,"['aromatic_ch', 'ether_co', 'aromatic_cc', 'amide_cn', 'alkyl_halide_ccl', 'amide_nh', 'ester_co_c', 'aromatic_out_of_plane_ch', 'benzene_ring_breathing', 'nitro_no2_sym', 'sulfone_so2', 'alkyl_halide_cbr', 'alkyl_halide_cI', 'sulfate_so4', 'alkane_ch_sp3', 'amine_cn', 'alkene_cc', 'alkene_ch_sp2', 'alkene_out_of_plane_ch', 'carboxylic_acid_oh_broad']",[],"[472.1442885771543, 544.2885771543087, 630.8617234468938, 739.0781563126252, 883.3667334669339, 1013.2264529058116, 1114.2284569138278, 1179.1583166332666, 1215.2304609218436, 1272.9458917835673, 1316.2324649298598, 1438.877755511022, 1597.5951903807616, 1698.5971943887776, 1756.312625250501, 2874.5490981963926, 2939.478957915832, 3069.3386773547095, 3393.987975951904, 450.501002004008, 501.002004008016, 522.6452905811623, 587.5751503006012, 666.9338677354709, 703.0060120240481, 739.0781563126252, 811.2224448897796, 919.438877755511, 977.1543086172345, 1042.0841683366734, 1085.370741482966, 1128.6573146292585, 1150.3006012024048, 1200.801603206413, 1244.0881763527054, 1301.803607214429, 1366.7334669338677, 1496.5931863727455, 1626.4529058116232, 1799.5991983967936, 1893.3867735470942, 2030.4609218436874, 2896.1923847695393, 2989.9799599198395, 3206.4128256513027]","[214.04682274247492, 248.16053511705684, 292.3076923076923, 304.3478260869565]"
542-88-1,"['amine_cn', 'aromatic_out_of_plane_ch', 'benzene_ring_breathing', 'nitro_no2_sym', 'aromatic_ch', 'alkene_out_of_plane_ch', 'nitro_no2_asym', 'ether_co', 'aromatic_cc', 'alkyl_halide_ccl', 'alkyl_halide_cbr', 'sulfone_so2', 'amide_cn', 'ester_co_c', 'alkyl_halide_cI', 'sulfate_so4']",[],"[551.5030060120241, 811.2224448897796, 897.7955911823647, 984.3687374749499, 1063.7274549098197, 1186.372745490982, 1251.302605210421, 1294.5891783567135, 1402.805611222445, 1474.9498997995993, 1713.0260521042085, 2088.176352705411, 2153.1062124248497, 2521.0420841683367, 2917.8356713426856, 2997.194388777555, 3769.138276553106, 501.002004008016, 775.1503006012024, 998.7975951903808, 1078.1563126252504, 1135.871743486974, 1208.0160320641282, 1265.7314629258517, 1359.5190380761524, 1597.5951903807616, 2023.246492985972, 3076.553106212425, 3769.138276553106, 630.8617234468938, 674.1482965931864, 919.438877755511, 1034.8697394789579, 1063.7274549098197, 1092.5851703406813, 1121.442885771543, 1229.6593186372745, 1316.2324649298598, 1446.0921843687374, 2030.4609218436874, 2953.9078156312626, 501.002004008016, 825.6513026052105, 998.7975951903808, 1063.7274549098197, 1150.3006012024048, 1208.0160320641282, 1265.7314629258517, 1294.5891783567135, 1431.6633266533067, 1539.879759519038, 1669.739478957916, 2073.7474949899797, 2297.3947895791584, 2528.2565130260523, 2939.478957915832, 3018.8376753507014, 3170.3406813627253, 3783.5671342685373]",[]
108-84-9,"['ether_co', 'aromatic_cc', 'amide_cn', 'anhydride_co', 'alkyl_halide_ccl', 'ester_co_c', 'aromatic_out_of_plane_ch', 'benzene_ring_breathing', 'alkyne_cc', 'nitro_no2_sym', 'sulfone_so2', 'alkyl_halide_cbr', 'ester_co', 'alkyl_halide_cI', 'sulfate_so4', 'alkane_ch_sp3', 'amine_cn', 'alkene_cc', 'alkene_out_of_plane_ch', 'carboxylic_acid_oh_broad']",[],"[594.7895791583167, 1020.440881763527, 1114.2284569138278, 1229.6593186372745, 1280.1603206412826, 1359.5190380761524, 1446.0921843687374, 1705.811623246493, 1749.0981963927857, 2953.9078156312626, 580.3607214428857, 731.8637274549098, 832.8657314629259, 905.0100200400802, 984.3687374749499, 1092.5851703406813, 1150.3006012024048, 1193.5871743486973, 1316.2324649298598, 1410.0200400801605, 1496.5931863727455, 1626.4529058116232, 2109.819639278557, 3776.3527054108217]",[]
74-84-0,"['alkane_ch_sp3', 'amine_cn', 'aromatic_out_of_plane_ch', 'alkyl_halide_ccl', 'carboxylic_acid_oh_broad', 'amide_cn', 'ester_co_c', 'alkyl_halide_cI']",[],"[464.92985971943887, 659.7194388777555, 1222.4448897795592, 1691.3827655310622, 2420.040080160321, 2802.4048096192387, 2896.1923847695393, 3610.4208416833667, 3783.5671342685373, 832.8657314629259, 1438.877755511022, 2917.8356713426856, 2953.9078156312626, 2997.194388777555]",[]
79-00-5,"['amine_cn', 'aromatic_out_of_plane_ch', 'nitro_no2_sym', 'alkene_out_of_plane_ch', 'ether_co', 'alkyl_halide_ccl', 'amide_cn', 'ester_co_c', 'alkyl_halide_cI', 'sulfate_so4']",[],"[674.1482965931864, 739.0781563126252, 789.5791583166333, 941.0821643286573, 1056.5130260521041, 1164.7294589178357, 1208.0160320641282, 1265.7314629258517, 1309.0180360721442, 1438.877755511022, 2975.551102204409, 674.1482965931864, 746.2925851703407, 789.5791583166333, 941.0821643286573, 1049.2985971943888, 1164.7294589178357, 1208.0160320641282, 1265.7314629258517, 1309.0180360721442, 1438.877755511022, 2975.551102204409, 674.1482965931864, 746.2925851703407, 789.5791583166333, 941.0821643286573, 1049.2985971943888, 1164.7294589178357, 1208.0160320641282, 1265.7314629258517, 1309.0180360721442, 1438.877755511022, 2975.551102204409, 674.1482965931864, 746.2925851703407, 789.5791583166333, 941.0821643286573, 1049.2985971943888, 1164.7294589178357, 1208.0160320641282, 1265.7314629258517, 1309.0180360721442, 1438.877755511022, 2975.551102204409, 681.3627254509017, 746.2925851703407, 789.5791583166333, 941.0821643286573, 1056.5130260521041, 1164.7294589178357, 1208.0160320641282, 1265.7314629258517, 1309.0180360721442, 1438.877755511022, 2975.551102204409, 681.3627254509017, 746.2925851703407, 789.5791583166333, 941.0821643286573, 1056.5130260521041, 1164.7294589178357, 1208.0160320641282, 1265.7314629258517, 1309.0180360721442, 1438.877755511022, 2975.551102204409, 674.1482965931864, 739.0781563126252, 789.5791583166333, 941.0821643286573, 1056.5130260521041, 1164.7294589178357, 1208.0160320641282, 1265.7314629258517, 1309.0180360721442, 1438.877755511022, 2975.551102204409, 674.1482965931864, 739.0781563126252, 789.5791583166333, 941.0821643286573, 1056.5130260521041, 1164.7294589178357, 1208.0160320641282, 1265.7314629258517, 1309.0180360721442, 1438.877755511022, 2975.551102204409, 674.1482965931864, 746.2925851703407, 789.5791583166333, 941.0821643286573, 1056.5130260521041, 1164.7294589178357, 1208.0160320641282, 1265.7314629258517, 1309.0180360721442, 1438.877755511022, 2975.551102204409, 681.3627254509017, 746.2925851703407, 789.5791583166333, 941.0821643286573, 1056.5130260521041, 1164.7294589178357, 1208.0160320641282, 1265.7314629258517, 1309.0180360721442, 1438.877755511022, 2975.551102204409, 674.1482965931864, 739.0781563126252, 789.5791583166333, 933.8677354709419, 1049.2985971943888, 1157.5150300601204, 1208.0160320641282, 1265.7314629258517, 1309.0180360721442, 1438.877755511022, 2975.551102204409, 681.3627254509017, 746.2925851703407, 789.5791583166333, 941.0821643286573, 1056.5130260521041, 1164.7294589178357, 1208.0160320641282, 1265.7314629258517, 1309.0180360721442, 1438.877755511022, 2975.551102204409, 479.35871743486973, 623.6472945891784, 710.2204408817636, 775.1503006012024, 868.937875751503, 1114.2284569138278, 1186.372745490982, 1236.8737474949899, 1294.5891783567135, 1366.7334669338677, 2917.8356713426856, 3783.5671342685373, 515.4308617234469, 666.9338677354709, 717.4348697394789, 767.935871743487, 919.438877755511, 1034.8697394789579, 1150.3006012024048, 1193.5871743486973, 1244.0881763527054, 1294.5891783567135, 1431.6633266533067, 2953.9078156312626, 674.1482965931864, 746.2925851703407, 789.5791583166333, 941.0821643286573, 1056.5130260521041, 1164.7294589178357, 1208.0160320641282, 1265.7314629258517, 1309.0180360721442, 1438.877755511022, 2975.551102204409, 674.1482965931864, 746.2925851703407, 789.5791583166333, 941.0821643286573, 1056.5130260521041, 1164.7294589178357, 1208.0160320641282, 1265.7314629258517, 1309.0180360721442, 1438.877755511022, 2975.551102204409, 674.1482965931864, 739.0781563126252, 789.5791583166333, 933.8677354709419, 1049.2985971943888, 1157.5150300601204, 1208.0160320641282, 1265.7314629258517, 1309.0180360721442, 1438.877755511022, 2975.551102204409, 674.1482965931864, 746.2925851703407, 789.5791583166333, 941.0821643286573, 1056.5130260521041, 1164.7294589178357, 1208.0160320641282, 1265.7314629258517, 1309.0180360721442, 1438.877755511022, 2975.551102204409, 674.1482965931864, 739.0781563126252, 789.5791583166333, 933.8677354709419, 1049.2985971943888, 1157.5150300601204, 1208.0160320641282, 1265.7314629258517, 1309.0180360721442, 1438.877755511022, 2975.551102204409]",[]
75-15-0,"['alkane_ch_sp3', 'amine_cn', 'aromatic_out_of_plane_ch', 'alkyne_cc', 'anhydride_co', 'nitro_no2_asym', 'isocyanate_nco', 'alkyl_halide_ccl', 'nitrile_cn', 'carboxylic_acid_oh_broad', 'aromatic_cc', 'amide_cn', 'ester_co_c', 'alkyl_halide_cI', 'alkyl_halide_cbr']",[],"[472.1442885771543, 537.0741482965932, 760.7214428857715, 969.939879759519, 1229.6593186372745, 1799.5991983967936, 1979.9599198396793, 2246.8937875751503, 2528.2565130260523, 2874.5490981963926, 3365.130260521042, 3761.923847695391, 1467.7354709418837, 1518.2364729458918, 2153.1062124248497, 479.35871743486973, 688.5771543086173, 840.0801603206413, 1222.4448897795592, 1568.7374749498997, 2225.250501002004, 2362.3246492985973, 2903.4068136272545, 3776.3527054108217, 450.501002004008, 580.3607214428857, 753.5070140280561, 1215.2304609218436, 1792.3847695390782, 2254.1082164328654, 2383.9679358717435, 2860.120240480962, 3783.5671342685373]",[]
512-56-1,"['alkane_ch_sp3', 'amine_cn', 'aromatic_out_of_plane_ch', 'benzene_ring_breathing', 'alkene_out_of_plane_ch', 'alkyl_halide_ccl', 'carboxylic_acid_oh_broad', 'amide_nh', 'aromatic_cc', 'amide_cn', 'ester_co_c', 'alkyl_halide_cI', 'alkyl_halide_cbr']",[],"[731.8637274549098, 825.6513026052105, 1049.2985971943888, 1099.7995991983967, 1171.943887775551, 1294.5891783567135, 1453.306613226453, 2852.9058116232463, 2946.693386773547, 428.85771543086173, 479.35871743486973, 594.7895791583167, 674.1482965931864, 775.1503006012024, 926.6533066132265, 1150.3006012024048, 1229.6593186372745, 1395.5911823647293, 1496.5931863727455, 1756.312625250501, 1850.1002004008017, 1987.1743486973949, 2881.763527054108, 2982.7655310621244, 3256.913827655311, 3660.921843687375, 3783.5671342685373]",[]
106-42-3,"['alkane_ch_sp3', 'amine_cn', 'aromatic_out_of_plane_ch', 'benzene_ring_breathing', 'alkyne_cc', 'aromatic_ch', 'alkene_ch_sp2', 'nitro_no2_asym', 'ether_co', 'aromatic_cc', 'carboxylic_acid_oh_broad', 'alkyl_halide_ccl', 'amide_cn', 'ester_co_c', 'alkyl_halide_cI', 'alkyl_halide_cbr', 'sulfate_so4']",[],"[796.7935871743487, 1034.8697394789579, 1114.2284569138278, 1229.6593186372745, 1482.1643286573146, 1518.2364729458918, 1561.5230460921844, 1626.4529058116232, 1785.1703406813626, 1886.1723446893789, 2744.689378757515, 2881.763527054108, 2932.2645290581163, 3018.8376753507014, 796.7935871743487, 1034.8697394789579, 1121.442885771543, 1229.6593186372745, 1518.2364729458918, 1626.4529058116232, 1792.3847695390782, 1893.3867735470942, 2744.689378757515, 2881.763527054108, 2939.478957915832, 3018.8376753507014, 796.7935871743487, 1056.5130260521041, 1121.442885771543, 1229.6593186372745, 1518.2364729458918, 1626.4529058116232, 1792.3847695390782, 1893.3867735470942, 2744.689378757515, 2888.9779559118238, 2939.478957915832, 3018.8376753507014, 796.7935871743487, 1056.5130260521041, 1121.442885771543, 1229.6593186372745, 1518.2364729458918, 1626.4529058116232, 1792.3847695390782, 1893.3867735470942, 2744.689378757515, 2888.9779559118238, 2939.478957915832, 3018.8376753507014, 796.7935871743487, 1056.5130260521041, 1121.442885771543, 1229.6593186372745, 1518.2364729458918, 1626.4529058116232, 1792.3847695390782, 1893.3867735470942, 2744.689378757515, 2888.9779559118238, 2939.478957915832, 3018.8376753507014, 472.1442885771543, 746.2925851703407, 789.5791583166333, 1027.6553106212425, 1114.2284569138278, 1222.4448897795592, 1467.7354709418837, 1511.0220440881765, 1597.5951903807616, 1871.743486973948, 2874.5490981963926, 2917.8356713426856, 2997.194388777555, 796.7935871743487, 1042.0841683366734, 1121.442885771543, 1229.6593186372745, 1518.2364729458918, 1626.4529058116232, 1792.3847695390782, 1893.3867735470942, 2744.689378757515, 2881.763527054108, 2939.478957915832, 3026.052104208417, 796.7935871743487, 1034.8697394789579, 1114.2284569138278, 1229.6593186372745, 1482.1643286573146, 1518.2364729458918, 1561.5230460921844, 1626.4529058116232, 1785.1703406813626, 1886.1723446893789, 2744.689378757515, 2881.763527054108, 2932.2645290581163, 3018.8376753507014, 623.6472945891784, 739.0781563126252, 883.3667334669339, 1078.1563126252504, 1143.0861723446894, 1193.5871743486973, 1265.7314629258517, 1388.3767535070142, 1489.37875751503, 1590.3807615230462, 1691.3827655310622, 1821.2424849699398, 2131.4629258517034, 2557.1142284569137, 2665.3306613226455, 2766.3326653306613, 2903.4068136272545, 2982.7655310621244, 3581.563126252505, 3927.8557114228456, 796.7935871743487, 1049.2985971943888, 1114.2284569138278, 1229.6593186372745, 1518.2364729458918, 1626.4529058116232, 1785.1703406813626, 1886.1723446893789, 2744.689378757515, 2881.763527054108, 2939.478957915832, 3018.8376753507014, 796.7935871743487, 1049.2985971943888, 1114.2284569138278, 1229.6593186372745, 1518.2364729458918, 1626.4529058116232, 1785.1703406813626, 1886.1723446893789, 2744.689378757515, 2881.763527054108, 2939.478957915832, 3018.8376753507014, 796.7935871743487, 1034.8697394789579, 1121.442885771543, 1229.6593186372745, 1518.2364729458918, 1626.4529058116232, 1792.3847695390782, 1893.3867735470942, 2744.689378757515, 2881.763527054108, 2939.478957915832, 3018.8376753507014, 443.2865731462926, 558.7174348697395, 760.7214428857715, 832.8657314629259, 1013.2264529058116, 1085.370741482966, 1157.5150300601204, 1272.9458917835673, 1410.0200400801605, 1489.37875751503, 1590.3807615230462, 1676.9539078156313, 1814.0280561122245, 2016.0320641282565, 2766.3326653306613, 2888.9779559118238, 2961.122244488978, 3191.983967935872, 3978.3567134268537, 796.7935871743487, 1049.2985971943888, 1114.2284569138278, 1229.6593186372745, 1518.2364729458918, 1626.4529058116232, 1785.1703406813626, 1886.1723446893789, 2744.689378757515, 2881.763527054108, 2939.478957915832, 3018.8376753507014, 796.7935871743487, 1042.0841683366734, 1121.442885771543, 1229.6593186372745, 1518.2364729458918, 1626.4529058116232, 1792.3847695390782, 1893.3867735470942, 2744.689378757515, 2881.763527054108, 2939.478957915832, 3026.052104208417, 796.7935871743487, 1049.2985971943888, 1114.2284569138278, 1229.6593186372745, 1518.2364729458918, 1626.4529058116232, 1785.1703406813626, 1886.1723446893789, 2744.689378757515, 2881.763527054108, 2939.478957915832, 3018.8376753507014, 796.7935871743487, 1034.8697394789579, 1121.442885771543, 1229.6593186372745, 1518.2364729458918, 1626.4529058116232, 1792.3847695390782, 1893.3867735470942, 2744.689378757515, 2881.763527054108, 2939.478957915832, 3018.8376753507014, 796.7935871743487, 1034.8697394789579, 1114.2284569138278, 1229.6593186372745, 1482.1643286573146, 1518.2364729458918, 1561.5230460921844, 1626.4529058116232, 1785.1703406813626, 1886.1723446893789, 2744.689378757515, 2881.763527054108, 2932.2645290581163, 3018.8376753507014, 796.7935871743487, 1042.0841683366734, 1121.442885771543, 1229.6593186372745, 1518.2364729458918, 1626.4529058116232, 1792.3847695390782, 1893.3867735470942, 2744.689378757515, 2881.763527054108, 2939.478957915832, 3026.052104208417, 724.6492985971944, 861.7234468937876, 1085.370741482966, 1193.5871743486973, 1280.1603206412826, 1590.3807615230462, 1691.3827655310622, 1821.2424849699398, 2138.677354709419, 2773.547094188377, 2903.4068136272545, 2968.3366733466933, 796.7935871743487, 1034.8697394789579, 1121.442885771543, 1229.6593186372745, 1518.2364729458918, 1626.4529058116232, 1792.3847695390782, 1893.3867735470942, 2744.689378757515, 2881.763527054108, 2939.478957915832, 3018.8376753507014, 796.7935871743487, 1056.5130260521041, 1121.442885771543, 1229.6593186372745, 1518.2364729458918, 1626.4529058116232, 1792.3847695390782, 1893.3867735470942, 2744.689378757515, 2888.9779559118238, 2939.478957915832, 3018.8376753507014, 796.7935871743487, 1042.0841683366734, 1121.442885771543, 1229.6593186372745, 1518.2364729458918, 1626.4529058116232, 1792.3847695390782, 1893.3867735470942, 2744.689378757515, 2881.763527054108, 2939.478957915832, 3026.052104208417, 508.21643286573146, 580.3607214428857, 890.5811623246493, 1070.941883767535, 1135.871743486974, 1193.5871743486973, 1301.803607214429, 1395.5911823647293, 1482.1643286573146, 1590.3807615230462, 1684.1683366733466, 1806.8136272545091, 2016.0320641282565, 2751.9038076152306, 2888.9779559118238, 2975.551102204409, 3076.553106212425, 3776.3527054108217, 796.7935871743487, 1034.8697394789579, 1114.2284569138278, 1229.6593186372745, 1482.1643286573146, 1518.2364729458918, 1554.308617234469, 1626.4529058116232, 1785.1703406813626, 1886.1723446893789, 2744.689378757515, 2881.763527054108, 2932.2645290581163, 3018.8376753507014, 796.7935871743487, 1034.8697394789579, 1114.2284569138278, 1229.6593186372745, 1482.1643286573146, 1518.2364729458918, 1561.5230460921844, 1626.4529058116232, 1785.1703406813626, 1886.1723446893789, 2744.689378757515, 2881.763527054108, 2932.2645290581163, 3018.8376753507014, 796.7935871743487, 1049.2985971943888, 1114.2284569138278, 1229.6593186372745, 1518.2364729458918, 1626.4529058116232, 1785.1703406813626, 1886.1723446893789, 2744.689378757515, 2881.763527054108, 2939.478957915832, 3018.8376753507014, 796.7935871743487, 1034.8697394789579, 1121.442885771543, 1229.6593186372745, 1518.2364729458918, 1626.4529058116232, 1792.3847695390782, 1893.3867735470942, 2744.689378757515, 2881.763527054108, 2939.478957915832, 3018.8376753507014, 796.7935871743487, 1042.0841683366734, 1121.442885771543, 1229.6593186372745, 1518.2364729458918, 1626.4529058116232, 1792.3847695390782, 1893.3867735470942, 2744.689378757515, 2881.763527054108, 2939.478957915832, 3026.052104208417, 796.7935871743487, 1056.5130260521041, 1121.442885771543, 1229.6593186372745, 1518.2364729458918, 1626.4529058116232, 1792.3847695390782, 1893.3867735470942, 2744.689378757515, 2888.9779559118238, 2939.478957915832, 3018.8376753507014]",[]
526-73-8,"['alkane_ch_sp3', 'amine_cn', 'aromatic_out_of_plane_ch', 'benzene_ring_breathing', 'alkyne_cc', 'aromatic_ch', 'alkene_ch_sp2', 'nitro_no2_asym', 'ether_co', 'aromatic_cc', 'carboxylic_acid_oh_broad', 'alkyl_halide_ccl', 'nitrile_cn', 'amide_cn', 'ester_co_c', 'alkyl_halide_cbr', 'sulfate_so4']",[],"[515.4308617234469, 695.7915831663327, 753.5070140280561, 796.7935871743487, 991.5831663326653, 1078.1563126252504, 1381.1623246492986, 1474.9498997995993, 1575.9519038076153, 1713.0260521042085, 1835.6713426853707, 1907.8156312625251, 2874.5490981963926, 2917.8356713426856, 3040.4809619238476, 616.4328657314629, 688.5771543086173, 731.8637274549098, 854.5090180360721, 912.2244488977956, 1049.2985971943888, 1121.442885771543, 1222.4448897795592, 1294.5891783567135, 1410.0200400801605, 1568.7374749498997, 1633.6673346693387, 1691.3827655310622, 1821.2424849699398, 1878.9579158316633, 2210.821643286573, 2759.118236472946, 2888.9779559118238, 3004.4088176352707, 3639.2785571142285, 3935.070140280561]",[262.2073578595318]
100-01-6,"['amine_cn', 'amine_nh_primary', 'aromatic_out_of_plane_ch', 'nitro_no2_sym', 'aromatic_ch', 'nitro_no2_asym', 'ether_co', 'amide_nh', 'aromatic_cc', 'alkyl_halide_cbr', 'alkyl_halide_ccl', 'sulfone_so2', 'amine_nh_secondary', 'ester_co_c', 'amide_cn', 'sulfate_so4']",[],"[609.2184368737475, 674.1482965931864, 731.8637274549098, 840.0801603206413, 1107.0140280561122, 1157.5150300601204, 1222.4448897795592, 1272.9458917835673, 1337.875751503006, 1511.0220440881765, 1612.0240480961925, 1662.5250501002004, 1886.1723446893789, 3047.695390781563, 3199.198396793587, 3422.8456913827654, 3509.418837675351]","[226.08695652173913, 368.561872909699, 422.74247491638795]"
64-17-5,"['aromatic_ch', 'ether_co', 'amine_nh_secondary', 'amide_cn', 'anhydride_co', 'amide_nh', 'alkyl_halide_ccl', 'ester_co_c', 'aromatic_out_of_plane_ch', 'benzene_ring_breathing', 'alcohol_phenol_oh', 'nitro_no2_sym', 'sulfone_so2', 'alkyl_halide_cI', 'amine_nh_primary', 'alkane_ch_sp3', 'amine_cn', 'sulfate_so4', 'alkene_out_of_plane_ch', 'alkene_ch_sp2', 'carboxylic_acid_oh_broad']",[],"[890.5811623246493, 1063.7274549098197, 1244.0881763527054, 1395.5911823647293, 2903.4068136272545, 2982.7655310621244, 3668.1362725450904, 890.5811623246493, 1063.7274549098197, 1244.0881763527054, 1395.5911823647293, 2903.4068136272545, 2975.551102204409, 3675.3507014028055, 890.5811623246493, 1063.7274549098197, 1244.0881763527054, 1402.805611222445, 2903.4068136272545, 2982.7655310621244, 3668.1362725450904, 890.5811623246493, 1063.7274549098197, 1244.0881763527054, 1402.805611222445, 2903.4068136272545, 2982.7655310621244, 3668.1362725450904, 479.35871743486973, 717.4348697394789, 948.2965931863728, 1157.5150300601204, 1309.0180360721442, 1842.885771543086, 2319.0380761523047, 2932.2645290581163, 3336.2725450901803, 3790.7815631262524, 890.5811623246493, 1063.7274549098197, 1244.0881763527054, 1395.5911823647293, 2903.4068136272545, 2982.7655310621244, 3668.1362725450904, 890.5811623246493, 1063.7274549098197, 1244.0881763527054, 1402.805611222445, 2903.4068136272545, 2982.7655310621244, 3668.1362725450904, 890.5811623246493, 1070.941883767535, 1251.302605210421, 1395.5911823647293, 2903.4068136272545, 2982.7655310621244, 3668.1362725450904, 890.5811623246493, 1070.941883767535, 1251.302605210421, 1395.5911823647293, 2903.4068136272545, 2982.7655310621244, 3668.1362725450904, 890.5811623246493, 1063.7274549098197, 1244.0881763527054, 1395.5911823647293, 2903.4068136272545, 2975.551102204409, 3675.3507014028055, 890.5811623246493, 1063.7274549098197, 1244.0881763527054, 1395.5911823647293, 2903.4068136272545, 2982.7655310621244, 3668.1362725450904, 890.5811623246493, 1063.7274549098197, 1244.0881763527054, 1395.5911823647293, 2903.4068136272545, 2982.7655310621244, 3668.1362725450904, 890.5811623246493, 1063.7274549098197, 1244.0881763527054, 1395.5911823647293, 2903.4068136272545, 2982.7655310621244, 3668.1362725450904, 890.5811623246493, 1063.7274549098197, 1244.0881763527054, 1395.5911823647293, 2903.4068136272545, 2982.7655310621244, 3668.1362725450904, 890.5811623246493, 1063.7274549098197, 1244.0881763527054, 1395.5911823647293, 2903.4068136272545, 2975.551102204409, 3675.3507014028055, 876.1523046092184, 1034.8697394789579, 1236.8737474949899, 1395.5911823647293, 1438.877755511022, 1915.0300601202405, 2910.62124248497, 2953.9078156312626, 3653.7074148296592, 890.5811623246493, 1063.7274549098197, 1244.0881763527054, 1402.805611222445, 2903.4068136272545, 2982.7655310621244, 3668.1362725450904, 890.5811623246493, 1063.7274549098197, 1244.0881763527054, 1395.5911823647293, 2903.4068136272545, 2982.7655310621244, 3668.1362725450904, 890.5811623246493, 1070.941883767535, 1251.302605210421, 1395.5911823647293, 2903.4068136272545, 2982.7655310621244, 3668.1362725450904, 890.5811623246493, 1063.7274549098197, 1244.0881763527054, 1395.5911823647293, 2903.4068136272545, 2975.551102204409, 3675.3507014028055, 890.5811623246493, 1063.7274549098197, 1244.0881763527054, 1395.5911823647293, 2903.4068136272545, 2982.7655310621244, 3668.1362725450904, 890.5811623246493, 1063.7274549098197, 1244.0881763527054, 1402.805611222445, 2903.4068136272545, 2982.7655310621244, 3668.1362725450904, 472.1442885771543, 782.3647294589179, 854.5090180360721, 933.8677354709419, 1070.941883767535, 1179.1583166332666, 1352.3046092184368, 1431.6633266533067, 1835.6713426853707, 2001.6032064128258, 2946.693386773547, 3047.695390781563, 3603.2064128256516, 3769.138276553106, 890.5811623246493, 1063.7274549098197, 1244.0881763527054, 1395.5911823647293, 2903.4068136272545, 2982.7655310621244, 3675.3507014028055, 890.5811623246493, 1063.7274549098197, 1244.0881763527054, 1395.5911823647293, 2903.4068136272545, 2975.551102204409, 3675.3507014028055, 890.5811623246493, 1063.7274549098197, 1244.0881763527054, 1402.805611222445, 2903.4068136272545, 2982.7655310621244, 3675.3507014028055, 890.5811623246493, 1070.941883767535, 1251.302605210421, 1395.5911823647293, 2903.4068136272545, 2982.7655310621244, 3668.1362725450904, 890.5811623246493, 1070.941883767535, 1251.302605210421, 1395.5911823647293, 2903.4068136272545, 2982.7655310621244, 3668.1362725450904]",[]
540-84-1,"['alkane_ch_sp3', 'amine_cn', 'aromatic_out_of_plane_ch', 'benzene_ring_breathing', 'alkyne_cc', 'nitro_no2_sym', 'alkene_out_of_plane_ch', 'nitro_no2_asym', 'aromatic_cc', 'carboxylic_acid_oh_broad', 'alkyl_halide_ccl', 'sulfone_so2', 'amide_nh', 'amide_cn', 'ester_co_c']",[],"[1193.5871743486973, 1352.3046092184368, 1467.7354709418837, 2903.4068136272545, 2953.9078156312626, 2997.194388777555, 767.935871743487, 897.7955911823647, 955.5110220440882, 998.7975951903808, 1222.4448897795592, 1330.6613226452905, 1417.2344689378758, 1503.807615230461, 2145.8917835671346, 2333.4669338677354, 2766.3326653306613, 3776.3527054108217, 897.7955911823647, 955.5110220440882, 1013.2264529058116, 1150.3006012024048, 1193.5871743486973, 1236.8737474949899, 1280.1603206412826, 1337.875751503006, 1431.6633266533067, 1518.2364729458918, 2340.681362725451, 2780.7615230460924, 2932.2645290581163, 3098.1963927855713, 3177.555110220441, 897.7955911823647, 955.5110220440882, 1013.2264529058116, 1150.3006012024048, 1193.5871743486973, 1236.8737474949899, 1280.1603206412826, 1337.875751503006, 1431.6633266533067, 1547.0941883767534, 2340.681362725451, 2780.7615230460924, 2932.2645290581163, 3090.9819639278558, 3177.555110220441]",[]
110-54-3,"['alkane_ch_sp3', 'amine_cn', 'aromatic_out_of_plane_ch', 'nitro_no2_sym', 'alkene_out_of_plane_ch', 'ether_co', 'alkyl_halide_ccl', 'sulfone_so2', 'alkyl_halide_cbr', 'carboxylic_acid_oh_broad', 'amide_cn', 'ester_co_c', 'alkyl_halide_cI', 'sulfate_so4']",[],"[464.92985971943887, 565.9318637274549, 782.3647294589179, 847.2945891783568, 933.8677354709419, 1107.0140280561122, 1186.372745490982, 1272.9458917835673, 1323.4468937875752, 1410.0200400801605, 1979.9599198396793, 2080.9619238476953, 2448.8977955911823, 2701.4028056112224, 2759.118236472946, 3480.561122244489, 3747.49498997996, 1366.7334669338677, 1446.0921843687374, 2867.3346693386775, 2953.9078156312626, 3004.4088176352707, 681.3627254509017, 847.2945891783568, 948.2965931863728, 1107.0140280561122, 1200.801603206413, 1424.4488977955912, 1597.5951903807616, 2340.681362725451, 2773.547094188377, 2903.4068136272545, 3963.927855711423]",[]
504-29-0,"['aromatic_ch', 'ether_co', 'aromatic_cc', 'amine_nh_secondary', 'amide_cn', 'anhydride_co', 'alkyl_halide_ccl', 'amide_nh', 'ester_co_c', 'aromatic_out_of_plane_ch', 'benzene_ring_breathing', 'alcohol_phenol_oh', 'alkyne_cc', 'nitro_no2_sym', 'alkyl_halide_cbr', 'alkyl_halide_cI', 'sulfate_so4', 'amine_nh_primary', 'amine_cn', 'alkene_out_of_plane_ch', 'alkene_ch_sp2', 'carboxylic_acid_oh_broad']",[],"[565.9318637274549, 695.7915831663327, 811.2224448897796, 897.7955911823647, 941.0821643286573, 1092.5851703406813, 1215.2304609218436, 1575.9519038076153, 1684.1683366733466, 1785.1703406813626, 1857.314629258517, 1900.6012024048096, 3220.8416833667334, 3617.6352705410823, 464.92985971943887, 493.7875751503006, 544.2885771543087, 710.2204408817636, 746.2925851703407, 825.6513026052105, 926.6533066132265, 1013.2264529058116, 1092.5851703406813, 1171.943887775551, 1215.2304609218436, 1294.5891783567135, 1352.3046092184368, 1460.5210420841684, 1511.0220440881765, 1763.5270541082164, 1886.1723446893789, 2124.248496993988, 2210.821643286573, 2492.184368737475, 2802.4048096192387, 3047.695390781563, 3112.625250501002, 3249.699398797595, 3365.130260521042, 3444.4889779559117, 3783.5671342685373]","[228.09364548494983, 298.32775919732444]"
298-00-0,"['alkane_ch_sp3', 'amine_cn', 'aromatic_out_of_plane_ch', 'benzene_ring_breathing', 'nitro_no2_sym', 'alkene_out_of_plane_ch', 'nitro_no2_asym', 'ether_co', 'aromatic_cc', 'alkyl_halide_ccl', 'alkyl_halide_cbr', 'carboxylic_acid_oh_broad', 'sulfone_so2', 'amide_cn', 'ester_co_c', 'alkyl_halide_cI', 'sulfate_so4']",[],"[486.5731462925852, 558.7174348697395, 710.2204408817636, 789.5791583166333, 883.3667334669339, 984.3687374749499, 1135.871743486974, 1186.372745490982, 1272.9458917835673, 1402.805611222445, 1460.5210420841684, 1561.5230460921844, 1741.88376753507, 2044.8897795591183, 2874.5490981963926, 3047.695390781563, 3776.3527054108217, 645.2905811623247, 746.2925851703407, 825.6513026052105, 912.2244488977956, 1049.2985971943888, 1099.7995991983967, 1171.943887775551, 1215.2304609218436, 1258.5170340681361, 1337.875751503006, 1446.0921843687374, 1482.1643286573146, 1532.6653306613227, 1575.9519038076153, 2852.9058116232463, 2946.693386773547]",[]
109-87-5,"['alkane_ch_sp3', 'amine_cn', 'aromatic_out_of_plane_ch', 'benzene_ring_breathing', 'nitro_no2_sym', 'alkene_out_of_plane_ch', 'ether_co', 'carboxylic_acid_oh_broad', 'alkyl_halide_cbr', 'sulfone_so2', 'amide_cn', 'alkyl_halide_cI', 'sulfate_so4']",[],"[573.1462925851704, 912.2244488977956, 1034.8697394789579, 1121.442885771543, 1438.877755511022, 2037.6753507014027, 2831.2625250501, 2917.8356713426856, 421.64328657314627, 515.4308617234469, 854.5090180360721, 984.3687374749499, 1092.5851703406813, 1330.6613226452905, 1424.4488977955912, 1900.6012024048096, 2016.0320641282565, 2463.3266533066135, 2795.190380761523, 2867.3346693386775, 2982.7655310621244, 3783.5671342685373]",[]
123-86-4,"['alkane_ch_sp3', 'amine_cn', 'aromatic_out_of_plane_ch', 'benzene_ring_breathing', 'thiol_sh', 'nitro_no2_sym', 'anhydride_co', 'aromatic_cc', 'carboxylic_acid_oh_broad', 'alkyl_halide_ccl', 'sulfone_so2', 'amide_cn', 'ester_co_c']",[],"[710.2204408817636, 1150.3006012024048, 1337.875751503006, 1424.4488977955912, 1597.5951903807616, 2658.11623246493, 2910.62124248497, 3769.138276553106, 602.004008016032, 1027.6553106212425, 1186.372745490982, 1229.6593186372745, 1280.1603206412826, 1352.3046092184368, 1756.312625250501, 1799.5991983967936, 2953.9078156312626]",[]
292-64-8,"['alkane_ch_sp3', 'amine_cn', 'aromatic_out_of_plane_ch', 'benzene_ring_breathing', 'nitro_no2_sym', 'ether_co', 'alkyl_halide_ccl', 'carboxylic_acid_oh_broad', 'alkyl_halide_cbr', 'amide_cn', 'ester_co_c', 'sulfate_so4']",[],"[472.1442885771543, 616.4328657314629, 832.8657314629259, 897.7955911823647, 1006.0120240480962, 1070.941883767535, 1208.0160320641282, 1316.2324649298598, 1388.3767535070142, 1496.5931863727455, 1684.1683366733466, 2023.246492985972, 2759.118236472946, 2874.5490981963926, 3978.3567134268537, 1438.877755511022, 2860.120240480962, 2917.8356713426856, 2961.122244488978]",[]
107-15-3,"['aromatic_ch', 'ether_co', 'aromatic_cc', 'amide_cn', 'amine_nh_secondary', 'alkyl_halide_ccl', 'amide_nh', 'ester_co_c', 'aromatic_out_of_plane_ch', 'benzene_ring_breathing', 'nitro_no2_sym', 'alkyl_halide_cbr', 'alkyl_halide_cI', 'sulfate_so4', 'alkane_ch_sp3', 'amine_cn', 'amine_nh_primary', 'alkene_ch_sp2', 'alkene_out_of_plane_ch', 'carboxylic_acid_oh_broad']",[],"[464.92985971943887, 753.5070140280561, 840.0801603206413, 1034.8697394789579, 1352.3046092184368, 1453.306613226453, 1597.5951903807616, 2860.120240480962, 2917.8356713426856, 3393.987975951904, 443.2865731462926, 565.9318637274549, 666.9338677354709, 840.0801603206413, 984.3687374749499, 1070.941883767535, 1222.4448897795592, 1330.6613226452905, 1417.2344689378758, 1489.37875751503, 2023.246492985972, 2888.9779559118238, 3047.695390781563, 3350.7014028056115, 3790.7815631262524]",[]
528-29-0,"['aromatic_out_of_plane_ch', 'nitro_no2_sym', 'nitro_no2_asym', 'aromatic_cc', 'alkyl_halide_ccl', 'sulfone_so2', 'amide_cn']",[],"[695.7915831663327, 760.7214428857715, 832.8657314629259, 1287.374749498998, 1337.875751503006, 1381.1623246492986, 1489.37875751503, 1547.0941883767534, 1619.2384769539078, 2896.1923847695393]",[]
460-00-4,"['amine_cn', 'aromatic_out_of_plane_ch', 'benzene_ring_breathing', 'nitro_no2_asym', 'ether_co', 'aromatic_cc', 'alkyl_halide_ccl', 'alkyl_halide_cbr', 'amide_cn', 'ester_co_c', 'alkyl_halide_cI', 'sulfate_so4']",[],"[450.501002004008, 479.35871743486973, 522.6452905811623, 573.1462925851704, 623.6472945891784, 767.935871743487, 854.5090180360721, 984.3687374749499, 1034.8697394789579, 1128.6573146292585, 1179.1583166332666, 1265.7314629258517, 1337.875751503006, 1453.306613226453, 1568.7374749498997, 1612.0240480961925, 1684.1683366733466, 1785.1703406813626, 1943.8877755511023, 2268.5370741482966, 2795.190380761523, 3805.2104208416836, 479.35871743486973, 587.5751503006012, 811.2224448897796, 998.7975951903808, 1056.5130260521041, 1143.0861723446894, 1229.6593186372745, 1474.9498997995993, 1575.9519038076153]",[270.23411371237455]
626-62-0,"['alkane_ch_sp3', 'amine_cn', 'aromatic_out_of_plane_ch', 'benzene_ring_breathing', 'anhydride_co', 'alkene_out_of_plane_ch', 'ether_co', 'aromatic_cc', 'carboxylic_acid_oh_broad', 'alkyl_halide_ccl', 'amide_cn', 'ester_co', 'ester_co_c', 'alkyl_halide_cI', 'alkyl_halide_cbr', 'sulfate_so4']",[],"[580.3607214428857, 674.1482965931864, 825.6513026052105, 905.0100200400802, 1049.2985971943888, 1114.2284569138278, 1193.5871743486973, 1272.9458917835673, 1395.5911823647293, 1474.9498997995993, 1749.0981963927857, 2362.3246492985973, 2715.831663326653, 2881.763527054108, 3776.3527054108217, 479.35871743486973, 645.2905811623247, 796.7935871743487, 991.5831663326653, 1078.1563126252504, 1157.5150300601204, 1236.8737474949899, 1323.4468937875752, 1438.877755511022, 2852.9058116232463, 2925.0501002004007, 2961.122244488978, 3033.2665330661325]","[214.04682274247492, 260.2006688963211, 300.3344481605351]"
540-54-5,"['amine_cn', 'aromatic_out_of_plane_ch', 'nitro_no2_sym', 'alkene_out_of_plane_ch', 'aromatic_cc', 'alkyl_halide_ccl', 'alkyl_halide_cbr', 'carboxylic_acid_oh_broad', 'amide_cn', 'ester_co_c', 'alkyl_halide_cI']",[],"[450.501002004008, 565.9318637274549, 674.1482965931864, 760.7214428857715, 811.2224448897796, 876.1523046092184, 919.438877755511, 1171.943887775551, 1272.9458917835673, 1359.5190380761524, 1402.805611222445, 1489.37875751503, 1943.8877755511023, 2376.7535070140284, 2896.1923847695393, 3783.5671342685373, 638.0761523046092, 717.4348697394789, 789.5791583166333, 876.1523046092184, 1034.8697394789579, 1287.374749498998, 1381.1623246492986, 1438.877755511022, 2961.122244488978]",[]
75-27-4,"['amine_cn', 'aromatic_out_of_plane_ch', 'alkene_out_of_plane_ch', 'alkyl_halide_ccl', 'alkyl_halide_cbr', 'amide_cn', 'ester_co_c', 'alkyl_halide_cI']",[],"[472.1442885771543, 638.0761523046092, 753.5070140280561, 811.2224448897796, 905.0100200400802, 1193.5871743486973, 1453.306613226453, 1648.0961923847697, 2355.1102204408817, 2795.190380761523, 3062.124248496994, 3783.5671342685373, 594.7895791583167, 652.5050100200401, 717.4348697394789, 753.5070140280561, 804.0080160320641, 1157.5150300601204, 1200.801603206413]",[]
431-03-8,"['amine_cn', 'aromatic_out_of_plane_ch', 'alkyne_cc', 'nitro_no2_sym', 'alkene_out_of_plane_ch', 'nitro_no2_asym', 'ether_co', 'amide_nh', 'aromatic_cc', 'alkyl_halide_ccl', 'sulfone_so2', 'amide_cn', 'ester_co_c', 'alkyl_halide_cbr', 'sulfate_so4']",[],"[652.5050100200401, 739.0781563126252, 926.6533066132265, 977.1543086172345, 1229.6593186372745, 1373.947895791583, 1568.7374749498997, 2203.607214428858, 3199.198396793587, 3935.070140280561, 558.7174348697395, 897.7955911823647, 1049.2985971943888, 1092.5851703406813, 1143.0861723446894, 1337.875751503006, 1417.2344689378758, 1648.0961923847697, 1698.5971943887776, 1777.9559118236473, 3011.623246492986, 3415.6312625250503]",[]
57-55-6,"['alkane_ch_sp3', 'amine_cn', 'aromatic_out_of_plane_ch', 'benzene_ring_breathing', 'anhydride_co', 'nitro_no2_sym', 'aromatic_ch', 'alkene_ch_sp2', 'alkene_out_of_plane_ch', 'ether_co', 'alkyl_halide_ccl', 'carboxylic_acid_oh_broad', 'alkyl_halide_cbr', 'amide_cn', 'ester_co_c', 'alkyl_halide_cI', 'sulfate_so4']",[],"[493.7875751503006, 782.3647294589179, 868.937875751503, 969.939879759519, 1013.2264529058116, 1107.0140280561122, 1171.943887775551, 1770.741482965932, 2946.693386773547, 3011.623246492986, 3776.3527054108217, 645.2905811623247, 782.3647294589179, 811.2224448897796, 890.5811623246493, 969.939879759519, 1013.2264529058116, 1114.2284569138278, 1179.1583166332666, 1258.5170340681361, 1309.0180360721442, 1352.3046092184368, 1446.0921843687374, 2095.3907815631264, 2946.693386773547, 3026.052104208417, 515.4308617234469, 832.8657314629259, 912.2244488977956, 1034.8697394789579, 1236.8737474949899, 1366.7334669338677, 1438.877755511022, 2874.5490981963926, 2917.8356713426856, 2961.122244488978, 3632.064128256513]",[]
100-74-3,"['alkane_ch_sp3', 'amine_cn', 'aromatic_out_of_plane_ch', 'benzene_ring_breathing', 'nitro_no2_sym', 'aromatic_ch', 'alkene_out_of_plane_ch', 'alkene_ch_sp2', 'ether_co', 'alkyl_halide_ccl', 'carboxylic_acid_oh_broad', 'alkyl_halide_cbr', 'aromatic_cc', 'sulfone_so2', 'amide_cn', 'ester_co_c', 'alkyl_halide_cI', 'sulfate_so4']",[],"[594.7895791583167, 753.5070140280561, 847.2945891783568, 926.6533066132265, 1013.2264529058116, 1070.941883767535, 1114.2284569138278, 1294.5891783567135, 1345.0901803607214, 1438.877755511022, 2795.190380761523, 2852.9058116232463, 2953.9078156312626, 464.92985971943887, 587.5751503006012, 630.8617234468938, 688.5771543086173, 825.6513026052105, 883.3667334669339, 912.2244488977956, 962.7254509018036, 1042.0841683366734, 1085.370741482966, 1179.1583166332666, 1222.4448897795592, 1280.1603206412826, 1330.6613226452905, 1373.947895791583, 1417.2344689378758, 1489.37875751503, 1612.0240480961925, 1814.0280561122245, 2016.0320641282565, 2355.1102204408817, 2701.4028056112224, 2831.2625250501, 2881.763527054108, 3083.76753507014, 3769.138276553106]",[]
623-91-6,"['ether_co', 'aromatic_cc', 'amine_nh_secondary', 'amide_cn', 'amide_nh', 'alkyl_halide_ccl', 'ester_co_c', 'aromatic_out_of_plane_ch', 'benzene_ring_breathing', 'alkyne_cc', 'nitro_no2_sym', 'nitro_no2_asym', 'sulfone_so2', 'alkyl_halide_cbr', 'alkyl_halide_cI', 'amine_nh_primary', 'sulfate_so4', 'amine_cn', 'alkene_cc']",[],"[486.5731462925852, 580.3607214428857, 695.7915831663327, 832.8657314629259, 890.5811623246493, 1006.0120240480962, 1070.941883767535, 1121.442885771543, 1200.801603206413, 1272.9458917835673, 1345.0901803607214, 1395.5911823647293, 1424.4488977955912, 1568.7374749498997, 1676.9539078156313, 1842.885771543086, 2196.392785571142, 3040.4809619238476, 3393.987975951904, 3790.7815631262524]",[]
592-42-7,"['alkane_ch_sp3', 'amine_cn', 'aromatic_out_of_plane_ch', 'aldehyde_co', 'ketone_co', 'nitro_no2_sym', 'aromatic_ch', 'alkene_ch_sp2', 'alkene_out_of_plane_ch', 'aromatic_cc', 'carboxylic_acid_oh_broad', 'alkyl_halide_cbr', 'alkyl_halide_ccl', 'amide_cn', 'ester_co_c', 'alkyl_halide_cI', 'carboxylic_acid_co']",[],"[493.7875751503006, 580.3607214428857, 746.2925851703407, 962.7254509018036, 1164.7294589178357, 1352.3046092184368, 1482.1643286573146, 1619.2384769539078, 1720.2404809619238, 1929.4589178356714, 2080.9619238476953, 2333.4669338677354, 2874.5490981963926, 2961.122244488978, 3033.2665330661325, 3783.5671342685373, 623.6472945891784, 847.2945891783568, 897.7955911823647, 977.1543086172345, 1294.5891783567135, 1417.2344689378758, 1619.2384769539078, 1814.0280561122245, 2852.9058116232463, 2917.8356713426856, 2975.551102204409, 3069.3386773547095]",[]
100-61-8,"['aromatic_ch', 'ether_co', 'aromatic_cc', 'amine_nh_secondary', 'amide_cn', 'amide_nh', 'alkyl_halide_ccl', 'ester_co_c', 'aromatic_out_of_plane_ch', 'benzene_ring_breathing', 'alcohol_phenol_oh', 'alkyne_cc', 'nitro_no2_sym', 'nitro_no2_asym', 'isocyanate_nco', 'sulfone_so2', 'alkyl_halide_cbr', 'nitrile_cn', 'alkyl_halide_cI', 'amine_nh_primary', 'alkane_ch_sp3', 'amine_cn', 'sulfate_so4', 'alkene_ch_sp2', 'alkene_out_of_plane_ch', 'carboxylic_acid_oh_broad']",[],"[486.5731462925852, 674.1482965931864, 731.8637274549098, 1070.941883767535, 1157.5150300601204, 1236.8737474949899, 1309.0180360721442, 1467.7354709418837, 1496.5931863727455, 1597.5951903807616, 1640.881763527054, 2816.8336673346694, 2903.4068136272545, 3047.695390781563, 3437.2745490981965, 472.1442885771543, 565.9318637274549, 666.9338677354709, 724.6492985971944, 847.2945891783568, 905.0100200400802, 969.939879759519, 1013.2264529058116, 1049.2985971943888, 1107.0140280561122, 1229.6593186372745, 1294.5891783567135, 1395.5911823647293, 1460.5210420841684, 1554.308617234469, 1655.310621242485, 1799.5991983967936, 1871.743486973948, 2167.5350701402804, 2622.044088176353, 2845.691382765531, 2961.122244488978, 3004.4088176352707, 3271.3426853707415, 3783.5671342685373, 623.6472945891784, 674.1482965931864, 724.6492985971944, 854.5090180360721, 926.6533066132265, 1020.440881763527, 1049.2985971943888, 1107.0140280561122, 1236.8737474949899, 1294.5891783567135, 1402.805611222445, 1561.5230460921844, 1749.0981963927857, 1878.9579158316633, 2254.1082164328654, 2629.258517034068, 2845.691382765531, 2968.3366733466933, 3004.4088176352707, 3170.3406813627253, 3949.498997995992]","[230.10033444816054, 242.14046822742475, 294.314381270903]"
108-95-2,"['aromatic_ch', 'ether_co', 'aromatic_cc', 'amide_cn', 'alkyl_halide_ccl', 'amide_nh', 'ester_co_c', 'aromatic_out_of_plane_ch', 'benzene_ring_breathing', 'alcohol_phenol_oh', 'alkyne_cc', 'nitro_no2_sym', 'nitro_no2_asym', 'sulfone_so2', 'alkyl_halide_cbr', 'alkyl_halide_cI', 'sulfate_so4', 'amine_cn', 'alkene_cc', 'alkene_ch_sp2', 'alkene_out_of_plane_ch', 'carboxylic_acid_oh_broad']",[],"[486.5731462925852, 674.1482965931864, 739.0781563126252, 796.7935871743487, 876.1523046092184, 1049.2985971943888, 1157.5150300601204, 1236.8737474949899, 1316.2324649298598, 1474.9498997995993, 1547.0941883767534, 1590.3807615230462, 1676.9539078156313, 1915.0300601202405, 3033.2665330661325, 3639.2785571142285, 486.5731462925852, 558.7174348697395, 666.9338677354709, 717.4348697394789, 789.5791583166333, 854.5090180360721, 912.2244488977956, 1049.2985971943888, 1092.5851703406813, 1294.5891783567135, 1424.4488977955912, 1532.6653306613227, 1669.739478957916, 1741.88376753507, 1814.0280561122245, 1893.3867735470942, 2131.4629258517034, 2542.685370741483, 2802.4048096192387, 2917.8356713426856, 3076.553106212425, 3134.2685370741483, 3574.3486973947897, 3776.3527054108217]","[214.04682274247492, 274.24749163879596]"
75-72-9,"['amine_cn', 'aromatic_out_of_plane_ch', 'benzene_ring_breathing', 'ether_co', 'alkyl_halide_ccl', 'amide_cn', 'ester_co_c', 'alkyl_halide_cI', 'sulfate_so4']",[],"[479.35871743486973, 666.9338677354709, 1013.2264529058116, 1157.5150300601204, 1251.302605210421, 1280.1603206412826, 1698.5971943887776, 2355.1102204408817, 3776.3527054108217, 760.7214428857715, 1085.370741482966, 1193.5871743486973]",[]
616-38-6,"['alkane_ch_sp3', 'amine_cn', 'aromatic_out_of_plane_ch', 'benzene_ring_breathing', 'alkene_cc', 'anhydride_co', 'alkene_out_of_plane_ch', 'nitro_no2_asym', 'amide_nh', 'carboxylic_acid_oh_broad', 'aromatic_cc', 'alkyl_halide_ccl', 'amide_cn', 'ester_co_c', 'alkyl_halide_cI', 'alkyl_halide_cbr']",[],"[443.2865731462926, 493.7875751503006, 537.0741482965932, 594.7895791583167, 710.2204408817636, 825.6513026052105, 883.3667334669339, 941.0821643286573, 1049.2985971943888, 1121.442885771543, 1402.805611222445, 1511.0220440881765, 1626.4529058116232, 1676.9539078156313, 1864.5290581162326, 1929.4589178356714, 2008.8176352705411, 2153.1062124248497, 2333.4669338677354, 2593.186372745491, 2694.188376753507, 2881.763527054108, 2925.0501002004007, 2982.7655310621244, 3278.557114228457, 3776.3527054108217, 796.7935871743487, 969.939879759519, 1229.6593186372745, 1272.9458917835673, 1438.877755511022, 1756.312625250501, 2953.9078156312626]",[]
108-38-3,"['alkane_ch_sp3', 'amine_cn', 'aromatic_out_of_plane_ch', 'benzene_ring_breathing', 'aromatic_ch', 'alkene_ch_sp2', 'alkene_out_of_plane_ch', 'nitro_no2_asym', 'ether_co', 'aromatic_cc', 'carboxylic_acid_oh_broad', 'alkyl_halide_ccl', 'amide_cn', 'ester_co_c', 'alkyl_halide_cI', 'alkyl_halide_cbr', 'sulfate_so4']",[],"[695.7915831663327, 767.935871743487, 876.1523046092184, 1049.2985971943888, 1099.7995991983967, 1171.943887775551, 1388.3767535070142, 1496.5931863727455, 1619.2384769539078, 1770.741482965932, 1857.314629258517, 1929.4589178356714, 2744.689378757515, 2881.763527054108, 2939.478957915832, 3033.2665330661325, 688.5771543086173, 767.935871743487, 876.1523046092184, 1049.2985971943888, 1092.5851703406813, 1388.3767535070142, 1496.5931863727455, 1612.0240480961925, 1749.0981963927857, 1850.1002004008017, 1929.4589178356714, 2744.689378757515, 2881.763527054108, 2932.2645290581163, 3033.2665330661325, 594.7895791583167, 731.8637274549098, 811.2224448897796, 933.8677354709419, 1070.941883767535, 1215.2304609218436, 1294.5891783567135, 1417.2344689378758, 1561.5230460921844, 1705.811623246493, 1799.5991983967936, 1878.9579158316633, 1979.9599198396793, 2766.3326653306613, 2888.9779559118238, 2968.3366733466933, 3343.486973947896, 609.2184368737475, 674.1482965931864, 717.4348697394789, 854.5090180360721, 933.8677354709419, 1070.941883767535, 1121.442885771543, 1193.5871743486973, 1402.805611222445, 1575.9519038076153, 1640.881763527054, 1691.3827655310622, 1828.4569138276554, 1893.3867735470942, 2052.104208416834, 2766.3326653306613, 2896.1923847695393, 2997.194388777555, 3300.2004008016033, 3935.070140280561, 695.7915831663327, 767.935871743487, 876.1523046092184, 1049.2985971943888, 1099.7995991983967, 1171.943887775551, 1388.3767535070142, 1496.5931863727455, 1619.2384769539078, 1770.741482965932, 1857.314629258517, 1929.4589178356714, 2744.689378757515, 2881.763527054108, 2939.478957915832, 3033.2665330661325, 695.7915831663327, 767.935871743487, 876.1523046092184, 1049.2985971943888, 1099.7995991983967, 1388.3767535070142, 1496.5931863727455, 1612.0240480961925, 1756.312625250501, 1850.1002004008017, 1929.4589178356714, 2744.689378757515, 2881.763527054108, 2939.478957915832, 3033.2665330661325, 695.7915831663327, 767.935871743487, 876.1523046092184, 1049.2985971943888, 1092.5851703406813, 1388.3767535070142, 1496.5931863727455, 1612.0240480961925, 1756.312625250501, 1850.1002004008017, 1936.6733466933867, 2744.689378757515, 2881.763527054108, 2939.478957915832, 3033.2665330661325, 688.5771543086173, 767.935871743487, 876.1523046092184, 1049.2985971943888, 1092.5851703406813, 1388.3767535070142, 1496.5931863727455, 1612.0240480961925, 1749.0981963927857, 1850.1002004008017, 1929.4589178356714, 2744.689378757515, 2881.763527054108, 2932.2645290581163, 3033.2665330661325, 695.7915831663327, 767.935871743487, 876.1523046092184, 1049.2985971943888, 1099.7995991983967, 1171.943887775551, 1388.3767535070142, 1496.5931863727455, 1619.2384769539078, 1770.741482965932, 1857.314629258517, 1929.4589178356714, 2744.689378757515, 2881.763527054108, 2939.478957915832, 3033.2665330661325, 688.5771543086173, 767.935871743487, 876.1523046092184, 1049.2985971943888, 1092.5851703406813, 1388.3767535070142, 1496.5931863727455, 1612.0240480961925, 1749.0981963927857, 1850.1002004008017, 1929.4589178356714, 2744.689378757515, 2881.763527054108, 2932.2645290581163, 3033.2665330661325, 674.1482965931864, 753.5070140280561, 876.1523046092184, 1078.1563126252504, 1373.947895791583, 1474.9498997995993, 1597.5951903807616, 1749.0981963927857, 1835.6713426853707, 1915.0300601202405, 2867.3346693386775, 2917.8356713426856, 3033.2665330661325, 695.7915831663327, 767.935871743487, 876.1523046092184, 1049.2985971943888, 1092.5851703406813, 1388.3767535070142, 1496.5931863727455, 1612.0240480961925, 1756.312625250501, 1850.1002004008017, 1936.6733466933867, 2744.689378757515, 2881.763527054108, 2939.478957915832, 3033.2665330661325, 695.7915831663327, 767.935871743487, 876.1523046092184, 1049.2985971943888, 1092.5851703406813, 1171.943887775551, 1388.3767535070142, 1496.5931863727455, 1619.2384769539078, 1756.312625250501, 1850.1002004008017, 1929.4589178356714, 2744.689378757515, 2881.763527054108, 2939.478957915832, 3033.2665330661325, 695.7915831663327, 767.935871743487, 883.3667334669339, 1049.2985971943888, 1099.7995991983967, 1388.3767535070142, 1496.5931863727455, 1612.0240480961925, 1756.312625250501, 1850.1002004008017, 1929.4589178356714, 2744.689378757515, 2881.763527054108, 2939.478957915832, 3033.2665330661325, 695.7915831663327, 767.935871743487, 876.1523046092184, 1049.2985971943888, 1092.5851703406813, 1171.943887775551, 1388.3767535070142, 1496.5931863727455, 1619.2384769539078, 1756.312625250501, 1850.1002004008017, 1929.4589178356714, 2744.689378757515, 2881.763527054108, 2939.478957915832, 3033.2665330661325, 695.7915831663327, 767.935871743487, 876.1523046092184, 1049.2985971943888, 1099.7995991983967, 1388.3767535070142, 1496.5931863727455, 1612.0240480961925, 1756.312625250501, 1850.1002004008017, 1929.4589178356714, 2744.689378757515, 2881.763527054108, 2939.478957915832, 3033.2665330661325, 688.5771543086173, 767.935871743487, 876.1523046092184, 1049.2985971943888, 1092.5851703406813, 1388.3767535070142, 1496.5931863727455, 1612.0240480961925, 1749.0981963927857, 1850.1002004008017, 1929.4589178356714, 2744.689378757515, 2881.763527054108, 2932.2645290581163, 3033.2665330661325, 695.7915831663327, 767.935871743487, 876.1523046092184, 1049.2985971943888, 1092.5851703406813, 1171.943887775551, 1388.3767535070142, 1496.5931863727455, 1619.2384769539078, 1756.312625250501, 1850.1002004008017, 1929.4589178356714, 2744.689378757515, 2881.763527054108, 2939.478957915832, 3033.2665330661325, 695.7915831663327, 767.935871743487, 876.1523046092184, 1049.2985971943888, 1099.7995991983967, 1171.943887775551, 1388.3767535070142, 1496.5931863727455, 1619.2384769539078, 1770.741482965932, 1857.314629258517, 1929.4589178356714, 2744.689378757515, 2881.763527054108, 2939.478957915832, 3033.2665330661325, 695.7915831663327, 767.935871743487, 876.1523046092184, 1049.2985971943888, 1099.7995991983967, 1388.3767535070142, 1496.5931863727455, 1612.0240480961925, 1756.312625250501, 1850.1002004008017, 1929.4589178356714, 2744.689378757515, 2881.763527054108, 2939.478957915832, 3033.2665330661325, 695.7915831663327, 767.935871743487, 876.1523046092184, 1049.2985971943888, 1092.5851703406813, 1388.3767535070142, 1496.5931863727455, 1612.0240480961925, 1756.312625250501, 1850.1002004008017, 1936.6733466933867, 2744.689378757515, 2881.763527054108, 2939.478957915832, 3033.2665330661325, 695.7915831663327, 767.935871743487, 876.1523046092184, 1049.2985971943888, 1092.5851703406813, 1388.3767535070142, 1496.5931863727455, 1612.0240480961925, 1756.312625250501, 1850.1002004008017, 1936.6733466933867, 2744.689378757515, 2881.763527054108, 2939.478957915832, 3033.2665330661325, 688.5771543086173, 767.935871743487, 876.1523046092184, 1049.2985971943888, 1092.5851703406813, 1388.3767535070142, 1496.5931863727455, 1612.0240480961925, 1749.0981963927857, 1850.1002004008017, 1929.4589178356714, 2744.689378757515, 2881.763527054108, 2932.2645290581163, 3033.2665330661325, 695.7915831663327, 767.935871743487, 876.1523046092184, 1049.2985971943888, 1092.5851703406813, 1171.943887775551, 1388.3767535070142, 1496.5931863727455, 1619.2384769539078, 1756.312625250501, 1850.1002004008017, 1929.4589178356714, 2744.689378757515, 2881.763527054108, 2939.478957915832, 3033.2665330661325, 695.7915831663327, 767.935871743487, 876.1523046092184, 1049.2985971943888, 1092.5851703406813, 1388.3767535070142, 1496.5931863727455, 1612.0240480961925, 1756.312625250501, 1850.1002004008017, 1936.6733466933867, 2744.689378757515, 2881.763527054108, 2939.478957915832, 3033.2665330661325, 695.7915831663327, 767.935871743487, 876.1523046092184, 1049.2985971943888, 1099.7995991983967, 1388.3767535070142, 1496.5931863727455, 1612.0240480961925, 1756.312625250501, 1850.1002004008017, 1929.4589178356714, 2744.689378757515, 2881.763527054108, 2939.478957915832, 3033.2665330661325, 695.7915831663327, 767.935871743487, 876.1523046092184, 1049.2985971943888, 1099.7995991983967, 1171.943887775551, 1388.3767535070142, 1496.5931863727455, 1619.2384769539078, 1770.741482965932, 1857.314629258517, 1929.4589178356714, 2744.689378757515, 2881.763527054108, 2939.478957915832, 3033.2665330661325, 731.8637274549098, 811.2224448897796, 933.8677354709419, 1208.0160320641282, 1410.0200400801605, 1561.5230460921844, 1684.1683366733466, 1806.8136272545091, 1886.1723446893789, 2369.539078156313, 2780.7615230460924, 2982.7655310621244, 3978.3567134268537, 695.7915831663327, 767.935871743487, 876.1523046092184, 1049.2985971943888, 1092.5851703406813, 1171.943887775551, 1388.3767535070142, 1496.5931863727455, 1619.2384769539078, 1756.312625250501, 1850.1002004008017, 1929.4589178356714, 2744.689378757515, 2881.763527054108, 2939.478957915832, 3033.2665330661325]",[]
71-55-6,"['alkane_ch_sp3', 'amine_cn', 'aromatic_out_of_plane_ch', 'benzene_ring_breathing', 'nitro_no2_sym', 'aromatic_ch', 'alkene_out_of_plane_ch', 'ether_co', 'alkyl_halide_ccl', 'carboxylic_acid_oh_broad', 'alkyl_halide_cbr', 'amide_cn', 'ester_co_c', 'alkyl_halide_cI', 'sulfate_so4']",[],"[724.6492985971944, 1092.5851703406813, 1388.3767535070142, 3011.623246492986, 724.6492985971944, 1092.5851703406813, 1388.3767535070142, 3011.623246492986, 479.35871743486973, 645.2905811623247, 847.2945891783568, 912.2244488977956, 1034.8697394789579, 1171.943887775551, 1352.3046092184368, 1417.2344689378758, 1597.5951903807616, 2355.1102204408817, 2593.186372745491, 2917.8356713426856, 2982.7655310621244, 3047.695390781563, 3776.3527054108217, 724.6492985971944, 1092.5851703406813, 1388.3767535070142, 3011.623246492986, 724.6492985971944, 1085.370741482966, 1381.1623246492986, 1453.306613226453, 3011.623246492986, 724.6492985971944, 1085.370741482966, 1381.1623246492986, 1453.306613226453, 3011.623246492986, 724.6492985971944, 1085.370741482966, 1381.1623246492986, 1453.306613226453, 3011.623246492986, 724.6492985971944, 1085.370741482966, 1381.1623246492986, 1453.306613226453, 3011.623246492986, 724.6492985971944, 1092.5851703406813, 1388.3767535070142, 3011.623246492986, 724.6492985971944, 1092.5851703406813, 1388.3767535070142, 3011.623246492986, 724.6492985971944, 1092.5851703406813, 1388.3767535070142, 1453.306613226453, 2953.9078156312626, 3011.623246492986, 724.6492985971944, 1092.5851703406813, 1388.3767535070142, 3011.623246492986, 724.6492985971944, 1092.5851703406813, 1388.3767535070142, 3011.623246492986, 724.6492985971944, 1092.5851703406813, 1388.3767535070142, 1453.306613226453, 2953.9078156312626, 3011.623246492986, 724.6492985971944, 1092.5851703406813, 1388.3767535070142, 3011.623246492986, 724.6492985971944, 1092.5851703406813, 1388.3767535070142, 3011.623246492986, 724.6492985971944, 1092.5851703406813, 1388.3767535070142, 3011.623246492986, 724.6492985971944, 1092.5851703406813, 1388.3767535070142, 3011.623246492986, 724.6492985971944, 1092.5851703406813, 1388.3767535070142, 3011.623246492986, 724.6492985971944, 1092.5851703406813, 1388.3767535070142, 3011.623246492986, 724.6492985971944, 1092.5851703406813, 1388.3767535070142, 3011.623246492986, 724.6492985971944, 1092.5851703406813, 1388.3767535070142, 1453.306613226453, 2953.9078156312626, 3011.623246492986, 724.6492985971944, 1085.370741482966, 1381.1623246492986, 1453.306613226453, 3011.623246492986, 724.6492985971944, 1092.5851703406813, 1388.3767535070142, 1453.306613226453, 2953.9078156312626, 3011.623246492986, 724.6492985971944, 1092.5851703406813, 1388.3767535070142, 1453.306613226453, 2953.9078156312626, 3011.623246492986, 724.6492985971944, 1092.5851703406813, 1388.3767535070142, 3011.623246492986, 515.4308617234469, 666.9338677354709, 710.2204408817636, 876.1523046092184, 1070.941883767535, 1373.947895791583, 1431.6633266533067, 2953.9078156312626]",[]
101-84-8,"['amine_cn', 'aromatic_out_of_plane_ch', 'benzene_ring_breathing', 'alkyne_cc', 'aromatic_ch', 'alkene_out_of_plane_ch', 'nitro_no2_asym', 'ether_co', 'aromatic_cc', 'alkyl_halide_ccl', 'amide_cn', 'ester_co_c', 'sulfate_so4']",[],"[436.07214428857714, 666.9338677354709, 724.6492985971944, 775.1503006012024, 847.2945891783568, 890.5811623246493, 933.8677354709419, 1049.2985971943888, 1099.7995991983967, 1186.372745490982, 1431.6633266533067, 1518.2364729458918, 1821.2424849699398, 2109.819639278557, 3769.138276553106, 472.1442885771543, 674.1482965931864, 739.0781563126252, 854.5090180360721, 1150.3006012024048, 1229.6593186372745, 1280.1603206412826, 1431.6633266533067, 1474.9498997995993, 1575.9519038076153, 3076.553106212425]",[270.23411371237455]
62-53-3,"['aromatic_ch', 'ether_co', 'aromatic_cc', 'amine_nh_secondary', 'amide_cn', 'amide_nh', 'alkyl_halide_ccl', 'ester_co_c', 'aromatic_out_of_plane_ch', 'benzene_ring_breathing', 'alcohol_phenol_oh', 'alkyne_cc', 'nitro_no2_asym', 'nitrile_cn', 'alkyl_halide_cbr', 'alkyl_halide_cI', 'amine_nh_primary', 'sulfate_so4', 'amine_cn', 'alkene_out_of_plane_ch', 'alkene_ch_sp2', 'carboxylic_acid_oh_broad']",[],"[529.8597194388777, 666.9338677354709, 717.4348697394789, 847.2945891783568, 969.939879759519, 1013.2264529058116, 1078.1563126252504, 1128.6573146292585, 1193.5871743486973, 1395.5911823647293, 1532.6653306613227, 1734.6693386773547, 1792.3847695390782, 1871.743486973948, 2239.679358717435, 2686.9739478957918, 2946.693386773547, 3069.3386773547095, 3141.482965931864, 3271.3426853707415, 3430.060120240481, 3776.3527054108217, 472.1442885771543, 587.5751503006012, 652.5050100200401, 724.6492985971944, 868.937875751503, 1070.941883767535, 1157.5150300601204, 1265.7314629258517, 1316.2324649298598, 1482.1643286573146, 1547.0941883767534, 1597.5951903807616, 1640.881763527054, 1915.0300601202405, 3033.2665330661325, 3076.553106212425, 3393.987975951904, 3473.3466933867735, 616.4328657314629, 724.6492985971944, 861.7234468937876, 948.2965931863728, 1020.440881763527, 1092.5851703406813, 1135.871743486974, 1200.801603206413, 1446.0921843687374, 1547.0941883767534, 1684.1683366733466, 1756.312625250501, 1886.1723446893789, 2484.9699398797597, 2838.4769539078156, 3069.3386773547095, 3141.482965931864, 3278.557114228457, 3408.4168336673347, 3935.070140280561]","[214.04682274247492, 326.4214046822742, 394.6488294314381]"
75-71-8,"['amine_cn', 'aromatic_out_of_plane_ch', 'alkene_out_of_plane_ch', 'ether_co', 'alkyl_halide_ccl', 'alkyl_halide_cbr', 'amide_cn', 'ester_co_c', 'alkyl_halide_cI', 'sulfate_so4']",[],"[666.9338677354709, 883.3667334669339, 919.438877755511, 1099.7995991983967, 1157.5150300601204, 666.9338677354709, 883.3667334669339, 919.438877755511, 1099.7995991983967, 1157.5150300601204, 666.9338677354709, 883.3667334669339, 919.438877755511, 1099.7995991983967, 1157.5150300601204, 666.9338677354709, 883.3667334669339, 926.6533066132265, 1099.7995991983967, 1157.5150300601204, 674.1482965931864, 883.3667334669339, 926.6533066132265, 1099.7995991983967, 1157.5150300601204, 666.9338677354709, 883.3667334669339, 926.6533066132265, 1099.7995991983967, 1157.5150300601204, 666.9338677354709, 883.3667334669339, 926.6533066132265, 1099.7995991983967, 1157.5150300601204, 674.1482965931864, 883.3667334669339, 926.6533066132265, 1099.7995991983967, 1157.5150300601204, 666.9338677354709, 883.3667334669339, 919.438877755511, 1099.7995991983967, 1157.5150300601204, 674.1482965931864, 883.3667334669339, 926.6533066132265, 1099.7995991983967, 1157.5150300601204, 674.1482965931864, 883.3667334669339, 926.6533066132265, 1099.7995991983967, 1157.5150300601204, 666.9338677354709, 883.3667334669339, 919.438877755511, 1099.7995991983967, 1157.5150300601204, 666.9338677354709, 883.3667334669339, 919.438877755511, 1099.7995991983967, 1157.5150300601204, 666.9338677354709, 883.3667334669339, 919.438877755511, 1099.7995991983967, 1157.5150300601204, 666.9338677354709, 883.3667334669339, 919.438877755511, 1099.7995991983967, 1157.5150300601204, 666.9338677354709, 883.3667334669339, 919.438877755511, 1099.7995991983967, 1157.5150300601204, 674.1482965931864, 883.3667334669339, 926.6533066132265, 1099.7995991983967, 1157.5150300601204, 472.1442885771543, 602.004008016032, 703.0060120240481, 897.7955911823647, 955.5110220440882, 1128.6573146292585, 1200.801603206413, 1272.9458917835673, 1446.0921843687374, 1698.5971943887776, 2088.176352705411, 2218.0360721442885, 2275.751503006012, 3783.5671342685373, 868.937875751503, 912.2244488977956, 1078.1563126252504, 1143.0861723446894, 666.9338677354709, 883.3667334669339, 919.438877755511, 1099.7995991983967, 1157.5150300601204, 666.9338677354709, 883.3667334669339, 926.6533066132265, 1099.7995991983967, 1157.5150300601204, 666.9338677354709, 883.3667334669339, 919.438877755511, 1099.7995991983967, 1157.5150300601204, 666.9338677354709, 883.3667334669339, 919.438877755511, 1099.7995991983967, 1157.5150300601204, 666.9338677354709, 883.3667334669339, 919.438877755511, 1099.7995991983967, 1157.5150300601204, 666.9338677354709, 883.3667334669339, 919.438877755511, 1099.7995991983967, 1157.5150300601204, 666.9338677354709, 883.3667334669339, 919.438877755511, 962.7254509018036, 1099.7995991983967, 1157.5150300601204, 666.9338677354709, 883.3667334669339, 926.6533066132265, 1099.7995991983967, 1157.5150300601204]",[]
79-20-9,"['ether_co', 'aromatic_cc', 'amine_nh_secondary', 'amide_cn', 'anhydride_co', 'amide_nh', 'alkyl_halide_ccl', 'ester_co_c', 'aromatic_out_of_plane_ch', 'benzene_ring_breathing', 'alcohol_phenol_oh', 'alkyne_cc', 'nitro_no2_sym', 'nitro_no2_asym', 'sulfone_so2', 'alkyl_halide_cbr', 'alkyl_halide_cI', 'amine_nh_primary', 'alkane_ch_sp3', 'amine_cn', 'sulfate_so4', 'alkene_cc', 'alkene_out_of_plane_ch', 'carboxylic_acid_oh_broad', 'amide_co']",[],"[558.7174348697395, 753.5070140280561, 919.438877755511, 1171.943887775551, 1330.6613226452905, 1410.0200400801605, 1597.5951903807616, 1705.811623246493, 1850.1002004008017, 1951.1022044088177, 2167.5350701402804, 2254.1082164328654, 2326.2525050100203, 2557.1142284569137, 2708.617234468938, 2881.763527054108, 2997.194388777555, 3343.486973947896, 3783.5671342685373, 479.35871743486973, 580.3607214428857, 623.6472945891784, 760.7214428857715, 933.8677354709419, 998.7975951903808, 1121.442885771543, 1337.875751503006, 1402.805611222445, 1511.0220440881765, 1640.881763527054, 1857.314629258517, 1929.4589178356714, 2167.5350701402804, 2369.539078156313, 2542.685370741483, 2874.5490981963926, 2975.551102204409, 3271.3426853707415, 3776.3527054108217, 609.2184368737475, 832.8657314629259, 1034.8697394789579, 1186.372745490982, 1236.8737474949899, 1280.1603206412826, 1359.5190380761524, 1431.6633266533067, 1756.312625250501, 1799.5991983967936, 2953.9078156312626, 558.7174348697395, 782.3647294589179, 926.6533066132265, 1128.6573146292585, 1323.4468937875752, 1410.0200400801605, 1590.3807615230462, 1943.8877755511023, 2326.2525050100203, 3242.4849699398796, 3963.927855711423]",[]
75-77-4,"['aromatic_out_of_plane_ch', 'alkene_out_of_plane_ch', 'alkyl_halide_ccl', 'alkyl_halide_cbr', 'amide_cn', 'alkyl_halide_cI']",[],"[544.2885771543087, 659.7194388777555, 731.8637274549098, 782.3647294589179, 962.7254509018036, 1294.5891783567135, 1438.877755511022, 1799.5991983967936, 2326.2525050100203, 3393.987975951904, 3769.138276553106]",[]
107-18-6,"['aromatic_ch', 'ether_co', 'aromatic_cc', 'amine_nh_secondary', 'amide_cn', 'anhydride_co', 'amide_nh', 'alkyl_halide_ccl', 'ester_co_c', 'aromatic_out_of_plane_ch', 'benzene_ring_breathing', 'alcohol_phenol_oh', 'nitro_no2_sym', 'alkyl_halide_cbr', 'alkyl_halide_cI', 'amine_nh_primary', 'alkane_ch_sp3', 'amine_cn', 'sulfate_so4', 'alkene_ch_sp2', 'alkene_out_of_plane_ch', 'carboxylic_acid_oh_broad']",[],"[529.8597194388777, 652.5050100200401, 818.4368737474949, 962.7254509018036, 1078.1563126252504, 1164.7294589178357, 1280.1603206412826, 1402.805611222445, 1597.5951903807616, 1792.3847695390782, 1915.0300601202405, 2160.3206412825652, 2982.7655310621244, 3062.124248496994, 3336.2725450901803, 3754.7094188376755, 529.8597194388777, 818.4368737474949, 962.7254509018036, 1078.1563126252504, 1164.7294589178357, 1280.1603206412826, 1402.805611222445, 1597.5951903807616, 1799.5991983967936, 1915.0300601202405, 2023.246492985972, 2153.1062124248497, 3054.909819639279, 3321.8436873747496, 3776.3527054108217, 544.2885771543087, 912.2244488977956, 1006.0120240480962, 1114.2284569138278, 1193.5871743486973, 1352.3046092184368, 1633.6673346693387, 1835.6713426853707, 2874.5490981963926, 3076.553106212425, 3646.492985971944]",[]
98-01-1,"['aromatic_ch', 'ether_co', 'aromatic_cc', 'amide_cn', 'carboxylic_acid_co', 'thiol_sh', 'amide_nh', 'alkyl_halide_ccl', 'ester_co_c', 'aromatic_out_of_plane_ch', 'benzene_ring_breathing', 'nitro_no2_sym', 'nitro_no2_asym', 'sulfone_so2', 'alkyl_halide_cbr', 'alkyl_halide_cI', 'sulfate_so4', 'amine_cn', 'alkene_cc', 'ketone_co', 'alkene_out_of_plane_ch', 'carboxylic_acid_oh_broad']",[],"[652.5050100200401, 818.4368737474949, 861.7234468937876, 905.0100200400802, 969.939879759519, 1049.2985971943888, 1099.7995991983967, 1179.1583166332666, 1309.0180360721442, 1417.2344689378758, 1539.879759519038, 1590.3807615230462, 1756.312625250501, 1857.314629258517, 1922.2444889779558, 2333.4669338677354, 2737.4749498997994, 2831.2625250501, 2989.9799599198395, 3292.9859719438878, 3797.995991983968, 551.5030060120241, 645.2905811623247, 804.0080160320641, 854.5090180360721, 912.2244488977956, 977.1543086172345, 1049.2985971943888, 1114.2284569138278, 1186.372745490982, 1309.0180360721442, 1438.877755511022, 1539.879759519038, 1612.0240480961925, 1878.9579158316633, 2888.9779559118238, 3451.703406813627, 594.7895791583167, 746.2925851703407, 876.1523046092184, 998.7975951903808, 1070.941883767535, 1150.3006012024048, 1229.6593186372745, 1388.3767535070142, 1467.7354709418837, 1554.308617234469, 1669.739478957916, 1713.0260521042085, 1763.5270541082164, 2795.190380761523, 623.6472945891784, 681.3627254509017, 804.0080160320641, 861.7234468937876, 905.0100200400802, 969.939879759519, 1042.0841683366734, 1107.0140280561122, 1179.1583166332666, 1258.5170340681361, 1301.803607214429, 1417.2344689378758, 1503.807615230461, 1626.4529058116232, 1871.743486973948, 1929.4589178356714, 2427.254509018036, 2600.400801603206, 2730.2605210420843, 2773.547094188377, 2831.2625250501, 3004.4088176352707, 3292.9859719438878]",[]
106-99-0,"['amine_cn', 'benzene_ring_breathing', 'anhydride_co', 'nitro_no2_sym', 'aromatic_ch', 'alkene_ch_sp2', 'alkene_out_of_plane_ch', 'nitro_no2_asym', 'aromatic_cc', 'carboxylic_acid_oh_broad', 'alkyl_halide_ccl', 'amide_cn', 'ester_co_c', 'alkyl_halide_cI', 'alkyl_halide_cbr']",[],"[919.438877755511, 1013.2264529058116, 1280.1603206412826, 1381.1623246492986, 1597.5951903807616, 1648.0961923847697, 1821.2424849699398, 3004.4088176352707, 3098.1963927855713, 912.2244488977956, 1013.2264529058116, 1280.1603206412826, 1381.1623246492986, 1597.5951903807616, 1648.0961923847697, 1821.2424849699398, 3004.4088176352707, 3098.1963927855713, 472.1442885771543, 623.6472945891784, 962.7254509018036, 1200.801603206413, 1345.0901803607214, 1460.5210420841684, 1532.6653306613227, 1633.6673346693387, 1698.5971943887776, 1785.1703406813626, 1857.314629258517, 2145.8917835671346, 2773.547094188377, 3026.052104208417, 3783.5671342685373, 912.2244488977956, 1006.0120240480962, 1280.1603206412826, 1381.1623246492986, 1597.5951903807616, 1821.2424849699398, 3011.623246492986, 3098.1963927855713, 883.3667334669339, 919.438877755511, 1006.0120240480962, 1280.1603206412826, 1381.1623246492986, 1597.5951903807616, 1821.2424849699398, 3004.4088176352707, 3098.1963927855713, 919.438877755511, 1006.0120240480962, 1272.9458917835673, 1381.1623246492986, 1597.5951903807616, 1821.2424849699398, 3004.4088176352707, 3098.1963927855713, 912.2244488977956, 1013.2264529058116, 1280.1603206412826, 1381.1623246492986, 1597.5951903807616, 1821.2424849699398, 3011.623246492986, 3098.1963927855713, 912.2244488977956, 1006.0120240480962, 1280.1603206412826, 1381.1623246492986, 1597.5951903807616, 1821.2424849699398, 3011.623246492986, 3098.1963927855713, 912.2244488977956, 1006.0120240480962, 1280.1603206412826, 1381.1623246492986, 1597.5951903807616, 1821.2424849699398, 3011.623246492986, 3098.1963927855713, 919.438877755511, 1013.2264529058116, 1272.9458917835673, 1381.1623246492986, 1597.5951903807616, 1756.312625250501, 1821.2424849699398, 1965.5310621242486, 3004.4088176352707, 3098.1963927855713, 919.438877755511, 1013.2264529058116, 1272.9458917835673, 1381.1623246492986, 1597.5951903807616, 1756.312625250501, 1821.2424849699398, 1965.5310621242486, 3004.4088176352707, 3098.1963927855713, 912.2244488977956, 1006.0120240480962, 1280.1603206412826, 1381.1623246492986, 1597.5951903807616, 1821.2424849699398, 3011.623246492986, 3098.1963927855713, 912.2244488977956, 1013.2264529058116, 1280.1603206412826, 1381.1623246492986, 1597.5951903807616, 1648.0961923847697, 1821.2424849699398, 3004.4088176352707, 3098.1963927855713, 912.2244488977956, 1006.0120240480962, 1272.9458917835673, 1381.1623246492986, 1597.5951903807616, 1821.2424849699398, 3004.4088176352707, 3098.1963927855713, 674.1482965931864, 919.438877755511, 1013.2264529058116, 1272.9458917835673, 1381.1623246492986, 1597.5951903807616, 1756.312625250501, 1821.2424849699398, 1965.5310621242486, 3004.4088176352707, 3098.1963927855713, 912.2244488977956, 1013.2264529058116, 1280.1603206412826, 1381.1623246492986, 1597.5951903807616, 1648.0961923847697, 1821.2424849699398, 3004.4088176352707, 3098.1963927855713, 883.3667334669339, 919.438877755511, 1006.0120240480962, 1280.1603206412826, 1381.1623246492986, 1597.5951903807616, 1821.2424849699398, 3004.4088176352707, 3098.1963927855713, 508.21643286573146, 912.2244488977956, 991.5831663326653, 1034.8697394789579, 1265.7314629258517, 1359.5190380761524, 1590.3807615230462, 1640.881763527054, 1799.5991983967936, 2989.9799599198395, 3076.553106212425, 883.3667334669339, 919.438877755511, 1006.0120240480962, 1280.1603206412826, 1381.1623246492986, 1597.5951903807616, 1821.2424849699398, 3004.4088176352707, 3098.1963927855713, 883.3667334669339, 919.438877755511, 1006.0120240480962, 1280.1603206412826, 1381.1623246492986, 1597.5951903807616, 1821.2424849699398, 3004.4088176352707, 3098.1963927855713, 912.2244488977956, 1013.2264529058116, 1280.1603206412826, 1381.1623246492986, 1597.5951903807616, 1648.0961923847697, 1821.2424849699398, 3004.4088176352707, 3098.1963927855713, 912.2244488977956, 1006.0120240480962, 1272.9458917835673, 1381.1623246492986, 1597.5951903807616, 1821.2424849699398, 3004.4088176352707, 3098.1963927855713, 919.438877755511, 1013.2264529058116, 1272.9458917835673, 1381.1623246492986, 1597.5951903807616, 1756.312625250501, 1821.2424849699398, 1965.5310621242486, 3004.4088176352707, 3098.1963927855713, 912.2244488977956, 1006.0120240480962, 1272.9458917835673, 1381.1623246492986, 1597.5951903807616, 1821.2424849699398, 3004.4088176352707, 3098.1963927855713, 919.438877755511, 1006.0120240480962, 1280.1603206412826, 1381.1623246492986, 1597.5951903807616, 1648.0961923847697, 1821.2424849699398, 3004.4088176352707, 3098.1963927855713, 912.2244488977956, 1006.0120240480962, 1272.9458917835673, 1381.1623246492986, 1597.5951903807616, 1821.2424849699398, 3004.4088176352707, 3098.1963927855713, 919.438877755511, 1013.2264529058116, 1272.9458917835673, 1381.1623246492986, 1597.5951903807616, 1756.312625250501, 1821.2424849699398, 3004.4088176352707, 3098.1963927855713]","[206.02006688963212, 290.3010033444816, 328.428093645485]"
75-78-5,"['aromatic_out_of_plane_ch', 'nitro_no2_sym', 'alkene_out_of_plane_ch', 'isocyanate_nco', 'alkyl_halide_ccl', 'sulfone_so2', 'alkyl_halide_cbr', 'amide_cn', 'alkyl_halide_cI']",[],"[486.5731462925852, 630.8617234468938, 739.0781563126252, 818.4368737474949, 948.2965931863728, 1171.943887775551, 1316.2324649298598, 1821.2424849699398, 2261.322645290581, 3004.4088176352707, 3797.995991983968, 529.8597194388777, 573.1462925851704, 681.3627254509017, 796.7935871743487, 876.1523046092184, 1258.5170340681361, 1402.805611222445, 2961.122244488978]",[]
75-28-5,"['alkane_ch_sp3', 'amine_cn', 'aromatic_out_of_plane_ch', 'benzene_ring_breathing', 'thiol_sh', 'nitro_no2_sym', 'aromatic_ch', 'alkyl_halide_ccl', 'carboxylic_acid_oh_broad', 'amide_cn', 'ester_co_c', 'alkyl_halide_cI']",[],"[1157.5150300601204, 1359.5190380761524, 1446.0921843687374, 2910.62124248497, 2953.9078156312626, 3004.4088176352707, 472.1442885771543, 508.21643286573146, 674.1482965931864, 840.0801603206413, 1027.6553106212425, 1208.0160320641282, 1424.4488977955912, 2362.3246492985973, 2679.759519038076, 2766.3326653306613, 2917.8356713426856, 3026.052104208417, 3271.3426853707415, 3718.637274549098, 3783.5671342685373]",[]
108-39-4,"['aromatic_ch', 'ether_co', 'aromatic_cc', 'amide_cn', 'amide_nh', 'alkyl_halide_ccl', 'ester_co_c', 'aromatic_out_of_plane_ch', 'benzene_ring_breathing', 'alcohol_phenol_oh', 'alkyne_cc', 'nitro_no2_sym', 'nitro_no2_asym', 'sulfone_so2', 'alkyl_halide_cbr', 'alkyl_halide_cI', 'sulfate_so4', 'alkane_ch_sp3', 'amine_cn', 'alkene_out_of_plane_ch', 'alkene_ch_sp2', 'carboxylic_acid_oh_broad']",[],"[414.42885771543087, 486.5731462925852, 666.9338677354709, 717.4348697394789, 753.5070140280561, 804.0080160320641, 905.0100200400802, 955.5110220440882, 1063.7274549098197, 1107.0140280561122, 1186.372745490982, 1244.0881763527054, 1301.803607214429, 1402.805611222445, 1561.5230460921844, 1756.312625250501, 1864.5290581162326, 2124.248496993988, 2759.118236472946, 2888.9779559118238, 2997.194388777555, 3119.8396793587176, 3567.134268537074, 3769.138276553106, 457.71543086172346, 515.4308617234469, 674.1482965931864, 753.5070140280561, 840.0801603206413, 912.2244488977956, 991.5831663326653, 1070.941883767535, 1107.0140280561122, 1150.3006012024048, 1272.9458917835673, 1474.9498997995993, 1597.5951903807616, 1640.881763527054, 2917.8356713426856, 3033.2665330661325, 3639.2785571142285]","[224.08026755852842, 272.2408026755853]"
67-56-1,"['aromatic_ch', 'ether_co', 'amide_cn', 'amine_nh_secondary', 'amide_nh', 'alkyl_halide_ccl', 'ester_co_c', 'aromatic_out_of_plane_ch', 'benzene_ring_breathing', 'alcohol_phenol_oh', 'nitro_no2_sym', 'alkyne_ch_sp', 'sulfone_so2', 'alkyl_halide_cI', 'sulfate_so4', 'alkane_ch_sp3', 'amine_cn', 'amine_nh_primary', 'alkene_ch_sp2', 'carboxylic_acid_oh_broad']",[],"[890.5811623246493, 1164.7294589178357, 1886.1723446893789, 2311.823647294589, 2860.120240480962, 3083.76753507014, 3610.4208416833667, 3761.923847695391, 1006.0120240480962, 1042.0841683366734, 1063.7274549098197, 1352.3046092184368, 2874.5490981963926, 2975.551102204409, 3668.1362725450904, 1006.0120240480962, 1042.0841683366734, 1063.7274549098197, 1352.3046092184368, 2874.5490981963926, 2975.551102204409, 3668.1362725450904, 1006.0120240480962, 1056.5130260521041, 1330.6613226452905, 1460.5210420841684, 2066.5330661322646, 2867.3346693386775, 2953.9078156312626, 3704.2084168336673, 1006.0120240480962, 1056.5130260521041, 1337.875751503006, 1460.5210420841684, 2066.5330661322646, 2867.3346693386775, 2968.3366733466933, 3668.1362725450904, 3704.2084168336673, 1013.2264529058116, 1056.5130260521041, 1345.0901803607214, 2874.5490981963926, 2968.3366733466933, 3711.422845691383, 1006.0120240480962, 1042.0841683366734, 1063.7274549098197, 1337.875751503006, 2874.5490981963926, 2968.3366733466933, 3675.3507014028055, 1013.2264529058116, 1056.5130260521041, 1345.0901803607214, 2874.5490981963926, 2975.551102204409, 3668.1362725450904, 1006.0120240480962, 1027.6553106212425, 1063.7274549098197, 1359.5190380761524, 1467.7354709418837, 2066.5330661322646, 2881.763527054108, 2975.551102204409, 3668.1362725450904, 3711.422845691383, 1013.2264529058116, 1056.5130260521041, 1345.0901803607214, 2874.5490981963926, 2975.551102204409, 3668.1362725450904, 1013.2264529058116, 1056.5130260521041, 1345.0901803607214, 2874.5490981963926, 2968.3366733466933, 3711.422845691383, 1013.2264529058116, 1056.5130260521041, 1345.0901803607214, 2874.5490981963926, 2975.551102204409, 3668.1362725450904, 1013.2264529058116, 1056.5130260521041, 1345.0901803607214, 2874.5490981963926, 2968.3366733466933, 3711.422845691383, 1006.0120240480962, 1042.0841683366734, 1063.7274549098197, 1345.0901803607214, 2874.5490981963926, 2968.3366733466933, 3675.3507014028055, 1006.0120240480962, 1042.0841683366734, 1063.7274549098197, 1345.0901803607214, 2874.5490981963926, 2968.3366733466933, 3675.3507014028055, 1006.0120240480962, 1042.0841683366734, 1063.7274549098197, 1352.3046092184368, 2874.5490981963926, 2975.551102204409, 3668.1362725450904, 1006.0120240480962, 1042.0841683366734, 1063.7274549098197, 1359.5190380761524, 2874.5490981963926, 2975.551102204409, 3668.1362725450904, 479.35871743486973, 717.4348697394789, 1034.8697394789579, 1164.7294589178357, 1438.877755511022, 1965.5310621242486, 2506.613226452906, 2888.9779559118238, 3300.2004008016033, 3790.7815631262524, 1006.0120240480962, 1056.5130260521041, 1345.0901803607214, 1460.5210420841684, 2066.5330661322646, 2867.3346693386775, 2968.3366733466933, 3704.2084168336673, 1006.0120240480962, 1056.5130260521041, 1337.875751503006, 1460.5210420841684, 2066.5330661322646, 2867.3346693386775, 2968.3366733466933, 3668.1362725450904, 3704.2084168336673, 1006.0120240480962, 1042.0841683366734, 1063.7274549098197, 1352.3046092184368, 2874.5490981963926, 2975.551102204409, 3668.1362725450904, 1006.0120240480962, 1042.0841683366734, 1063.7274549098197, 1345.0901803607214, 2874.5490981963926, 2968.3366733466933, 3675.3507014028055, 1013.2264529058116, 1056.5130260521041, 1345.0901803607214, 2874.5490981963926, 2975.551102204409, 3668.1362725450904, 1013.2264529058116, 1056.5130260521041, 1345.0901803607214, 2874.5490981963926, 2968.3366733466933, 3711.422845691383, 1013.2264529058116, 1056.5130260521041, 1345.0901803607214, 2874.5490981963926, 2975.551102204409, 3668.1362725450904, 1006.0120240480962, 1056.5130260521041, 1337.875751503006, 1460.5210420841684, 2066.5330661322646, 2867.3346693386775, 2968.3366733466933, 3704.2084168336673, 1006.0120240480962, 1042.0841683366734, 1063.7274549098197, 1345.0901803607214, 2874.5490981963926, 2968.3366733466933, 3675.3507014028055]",[]
107-87-9,"['alkane_ch_sp3', 'amine_cn', 'aromatic_out_of_plane_ch', 'benzene_ring_breathing', 'thiol_sh', 'nitro_no2_sym', 'ketone_co', 'alkene_out_of_plane_ch', 'aromatic_cc', 'carboxylic_acid_oh_broad', 'alkyl_halide_ccl', 'sulfone_so2', 'amide_cn', 'ester_co_c', 'carboxylic_acid_co', 'alkyl_halide_cbr']",[],"[558.7174348697395, 659.7194388777555, 760.7214428857715, 926.6533066132265, 1013.2264529058116, 1222.4448897795592, 1323.4468937875752, 1402.805611222445, 1597.5951903807616, 2650.9018036072143, 2917.8356713426856, 3343.486973947896, 3761.923847695391, 515.4308617234469, 580.3607214428857, 948.2965931863728, 1157.5150300601204, 1352.3046092184368, 1438.877755511022, 1669.739478957916, 1713.0260521042085, 1763.5270541082164, 2953.9078156312626, 3437.2745490981965]",[]
372-09-8,"['amine_cn', 'anhydride_co', 'ether_co', 'alkyl_halide_ccl', 'sulfate_so4']",[],"[609.2184368737475, 659.7194388777555, 703.0060120240481, 1114.2284569138278, 1359.5190380761524, 1777.9559118236473, 2326.2525050100203, 2340.681362725451, 2383.9679358717435, 3574.3486973947897]",[]
100-41-4,"['alkane_ch_sp3', 'amine_cn', 'aromatic_out_of_plane_ch', 'benzene_ring_breathing', 'nitro_no2_sym', 'aromatic_ch', 'alkene_ch_sp2', 'alkene_out_of_plane_ch', 'nitro_no2_asym', 'ether_co', 'aromatic_cc', 'carboxylic_acid_oh_broad', 'alkyl_halide_ccl', 'amide_cn', 'ester_co_c', 'alkyl_halide_cI', 'alkyl_halide_cbr', 'sulfate_so4']",[],"[695.7915831663327, 746.2925851703407, 897.7955911823647, 962.7254509018036, 1034.8697394789579, 1330.6613226452905, 1381.1623246492986, 1460.5210420841684, 1496.5931863727455, 1604.809619238477, 1799.5991983967936, 1871.743486973948, 1943.8877755511023, 2881.763527054108, 2939.478957915832, 2975.551102204409, 3033.2665330661325, 3076.553106212425, 609.2184368737475, 666.9338677354709, 724.6492985971944, 883.3667334669339, 933.8677354709419, 1013.2264529058116, 1135.871743486974, 1222.4448897795592, 1352.3046092184368, 1402.805611222445, 1482.1643286573146, 1525.4509018036072, 1720.2404809619238, 1785.1703406813626, 1850.1002004008017, 1915.0300601202405, 2088.176352705411, 2910.62124248497, 3011.623246492986, 3062.124248496994, 3292.9859719438878, 3927.8557114228456, 695.7915831663327, 746.2925851703407, 897.7955911823647, 962.7254509018036, 1034.8697394789579, 1330.6613226452905, 1381.1623246492986, 1460.5210420841684, 1496.5931863727455, 1604.809619238477, 1799.5991983967936, 1871.743486973948, 1943.8877755511023, 2881.763527054108, 2939.478957915832, 2975.551102204409, 3033.2665330661325, 3076.553106212425, 695.7915831663327, 746.2925851703407, 897.7955911823647, 962.7254509018036, 1034.8697394789579, 1330.6613226452905, 1381.1623246492986, 1460.5210420841684, 1496.5931863727455, 1604.809619238477, 1799.5991983967936, 1871.743486973948, 1943.8877755511023, 2881.763527054108, 2939.478957915832, 2975.551102204409, 3033.2665330661325, 3076.553106212425, 703.0060120240481, 746.2925851703407, 905.0100200400802, 969.939879759519, 1034.8697394789579, 1330.6613226452905, 1388.3767535070142, 1460.5210420841684, 1496.5931863727455, 1612.0240480961925, 1799.5991983967936, 1871.743486973948, 1951.1022044088177, 2888.9779559118238, 2975.551102204409, 3040.4809619238476, 3083.76753507014, 703.0060120240481, 746.2925851703407, 905.0100200400802, 969.939879759519, 1034.8697394789579, 1330.6613226452905, 1388.3767535070142, 1460.5210420841684, 1496.5931863727455, 1612.0240480961925, 1799.5991983967936, 1871.743486973948, 1951.1022044088177, 2888.9779559118238, 2975.551102204409, 3040.4809619238476, 3083.76753507014, 450.501002004008, 515.4308617234469, 652.5050100200401, 717.4348697394789, 847.2945891783568, 933.8677354709419, 991.5831663326653, 1215.2304609218436, 1345.0901803607214, 1410.0200400801605, 1474.9498997995993, 1554.308617234469, 1633.6673346693387, 1756.312625250501, 1828.4569138276554, 1900.6012024048096, 2059.318637274549, 2896.1923847695393, 2997.194388777555, 3047.695390781563, 703.0060120240481, 746.2925851703407, 905.0100200400802, 969.939879759519, 1034.8697394789579, 1330.6613226452905, 1388.3767535070142, 1460.5210420841684, 1503.807615230461, 1612.0240480961925, 1799.5991983967936, 1871.743486973948, 1951.1022044088177, 2888.9779559118238, 2946.693386773547, 2975.551102204409, 3040.4809619238476, 3076.553106212425, 558.7174348697395, 688.5771543086173, 890.5811623246493, 1013.2264529058116, 1309.0180360721442, 1474.9498997995993, 1575.9519038076153, 1777.9559118236473, 1857.314629258517, 1929.4589178356714, 2888.9779559118238, 2953.9078156312626, 3018.8376753507014, 3054.909819639279, 3769.138276553106, 695.7915831663327, 746.2925851703407, 905.0100200400802, 969.939879759519, 1034.8697394789579, 1330.6613226452905, 1381.1623246492986, 1460.5210420841684, 1496.5931863727455, 1612.0240480961925, 1799.5991983967936, 1871.743486973948, 1943.8877755511023, 2888.9779559118238, 2975.551102204409, 3040.4809619238476, 3076.553106212425, 703.0060120240481, 746.2925851703407, 905.0100200400802, 969.939879759519, 1034.8697394789579, 1330.6613226452905, 1388.3767535070142, 1460.5210420841684, 1496.5931863727455, 1612.0240480961925, 1799.5991983967936, 1871.743486973948, 1951.1022044088177, 2888.9779559118238, 2975.551102204409, 3040.4809619238476, 3076.553106212425, 703.0060120240481, 746.2925851703407, 905.0100200400802, 969.939879759519, 1034.8697394789579, 1330.6613226452905, 1388.3767535070142, 1460.5210420841684, 1496.5931863727455, 1612.0240480961925, 1799.5991983967936, 1871.743486973948, 1951.1022044088177, 2888.9779559118238, 2975.551102204409, 3040.4809619238476, 3076.553106212425, 695.7915831663327, 746.2925851703407, 905.0100200400802, 969.939879759519, 1034.8697394789579, 1330.6613226452905, 1381.1623246492986, 1460.5210420841684, 1496.5931863727455, 1612.0240480961925, 1799.5991983967936, 1871.743486973948, 1943.8877755511023, 2888.9779559118238, 2975.551102204409, 3040.4809619238476, 3076.553106212425, 703.0060120240481, 746.2925851703407, 905.0100200400802, 969.939879759519, 1034.8697394789579, 1330.6613226452905, 1388.3767535070142, 1460.5210420841684, 1503.807615230461, 1612.0240480961925, 1799.5991983967936, 1871.743486973948, 1951.1022044088177, 2888.9779559118238, 2946.693386773547, 2975.551102204409, 3040.4809619238476, 3076.553106212425, 703.0060120240481, 746.2925851703407, 905.0100200400802, 969.939879759519, 1034.8697394789579, 1330.6613226452905, 1388.3767535070142, 1460.5210420841684, 1496.5931863727455, 1612.0240480961925, 1799.5991983967936, 1871.743486973948, 1951.1022044088177, 2888.9779559118238, 2975.551102204409, 3040.4809619238476, 3076.553106212425, 703.0060120240481, 746.2925851703407, 905.0100200400802, 969.939879759519, 1034.8697394789579, 1330.6613226452905, 1388.3767535070142, 1460.5210420841684, 1503.807615230461, 1612.0240480961925, 1799.5991983967936, 1871.743486973948, 1951.1022044088177, 2888.9779559118238, 2946.693386773547, 2975.551102204409, 3040.4809619238476, 3076.553106212425, 703.0060120240481, 746.2925851703407, 905.0100200400802, 969.939879759519, 1034.8697394789579, 1330.6613226452905, 1388.3767535070142, 1460.5210420841684, 1496.5931863727455, 1612.0240480961925, 1799.5991983967936, 1871.743486973948, 1951.1022044088177, 2888.9779559118238, 2975.551102204409, 3040.4809619238476, 3083.76753507014, 695.7915831663327, 746.2925851703407, 905.0100200400802, 969.939879759519, 1034.8697394789579, 1330.6613226452905, 1381.1623246492986, 1460.5210420841684, 1496.5931863727455, 1612.0240480961925, 1799.5991983967936, 1871.743486973948, 1943.8877755511023, 2888.9779559118238, 2975.551102204409, 3040.4809619238476, 3076.553106212425, 695.7915831663327, 746.2925851703407, 897.7955911823647, 962.7254509018036, 1034.8697394789579, 1330.6613226452905, 1381.1623246492986, 1460.5210420841684, 1496.5931863727455, 1604.809619238477, 1799.5991983967936, 1871.743486973948, 1943.8877755511023, 2881.763527054108, 2939.478957915832, 2975.551102204409, 3033.2665330661325, 3076.553106212425, 695.7915831663327, 746.2925851703407, 897.7955911823647, 962.7254509018036, 1034.8697394789579, 1330.6613226452905, 1381.1623246492986, 1460.5210420841684, 1496.5931863727455, 1604.809619238477, 1799.5991983967936, 1871.743486973948, 1943.8877755511023, 2881.763527054108, 2939.478957915832, 2975.551102204409, 3033.2665330661325, 3076.553106212425, 703.0060120240481, 746.2925851703407, 905.0100200400802, 969.939879759519, 1034.8697394789579, 1330.6613226452905, 1388.3767535070142, 1460.5210420841684, 1496.5931863727455, 1612.0240480961925, 1799.5991983967936, 1871.743486973948, 1951.1022044088177, 2888.9779559118238, 2975.551102204409, 3040.4809619238476, 3076.553106212425, 695.7915831663327, 746.2925851703407, 905.0100200400802, 969.939879759519, 1034.8697394789579, 1330.6613226452905, 1381.1623246492986, 1460.5210420841684, 1496.5931863727455, 1612.0240480961925, 1799.5991983967936, 1871.743486973948, 1943.8877755511023, 2888.9779559118238, 2975.551102204409, 3040.4809619238476, 3076.553106212425, 695.7915831663327, 746.2925851703407, 905.0100200400802, 969.939879759519, 1034.8697394789579, 1330.6613226452905, 1381.1623246492986, 1460.5210420841684, 1496.5931863727455, 1612.0240480961925, 1799.5991983967936, 1871.743486973948, 1943.8877755511023, 2888.9779559118238, 2975.551102204409, 3040.4809619238476, 3076.553106212425, 703.0060120240481, 746.2925851703407, 905.0100200400802, 969.939879759519, 1034.8697394789579, 1330.6613226452905, 1388.3767535070142, 1460.5210420841684, 1496.5931863727455, 1612.0240480961925, 1799.5991983967936, 1871.743486973948, 1951.1022044088177, 2888.9779559118238, 2975.551102204409, 3040.4809619238476, 3076.553106212425, 508.21643286573146, 580.3607214428857, 717.4348697394789, 876.1523046092184, 926.6533066132265, 991.5831663326653, 1128.6573146292585, 1215.2304609218436, 1345.0901803607214, 1402.805611222445, 1474.9498997995993, 1518.2364729458918, 1554.308617234469, 1626.4529058116232, 1770.741482965932, 1835.6713426853707, 1900.6012024048096, 1979.9599198396793, 2903.4068136272545, 2946.693386773547, 3004.4088176352707, 3054.909819639279, 3776.3527054108217, 703.0060120240481, 746.2925851703407, 905.0100200400802, 969.939879759519, 1034.8697394789579, 1330.6613226452905, 1388.3767535070142, 1460.5210420841684, 1496.5931863727455, 1612.0240480961925, 1799.5991983967936, 1871.743486973948, 1951.1022044088177, 2888.9779559118238, 2975.551102204409, 3040.4809619238476, 3083.76753507014, 703.0060120240481, 746.2925851703407, 905.0100200400802, 969.939879759519, 1034.8697394789579, 1330.6613226452905, 1388.3767535070142, 1460.5210420841684, 1503.807615230461, 1612.0240480961925, 1799.5991983967936, 1871.743486973948, 1951.1022044088177, 2888.9779559118238, 2946.693386773547, 2975.551102204409, 3040.4809619238476, 3076.553106212425, 703.0060120240481, 746.2925851703407, 905.0100200400802, 969.939879759519, 1034.8697394789579, 1330.6613226452905, 1388.3767535070142, 1460.5210420841684, 1503.807615230461, 1612.0240480961925, 1799.5991983967936, 1871.743486973948, 1951.1022044088177, 2888.9779559118238, 2946.693386773547, 2975.551102204409, 3040.4809619238476, 3076.553106212425, 703.0060120240481, 746.2925851703407, 905.0100200400802, 969.939879759519, 1034.8697394789579, 1330.6613226452905, 1388.3767535070142, 1460.5210420841684, 1496.5931863727455, 1612.0240480961925, 1799.5991983967936, 1871.743486973948, 1951.1022044088177, 2888.9779559118238, 2975.551102204409, 3040.4809619238476, 3083.76753507014]",[]
110-82-7,"['aromatic_ch', 'ether_co', 'aromatic_cc', 'amide_cn', 'thiol_sh', 'ester_co_c', 'aromatic_out_of_plane_ch', 'benzene_ring_breathing', 'alkyne_cc', 'nitro_no2_sym', 'nitro_no2_asym', 'sulfone_so2', 'alkyl_halide_cbr', 'alkyl_halide_cI', 'sulfate_so4', 'alkane_ch_sp3', 'amine_cn', 'alkene_out_of_plane_ch', 'carboxylic_acid_oh_broad']",[],"[804.0080160320641, 883.3667334669339, 1208.0160320641282, 1381.1623246492986, 2174.749498997996, 2730.2605210420843, 2824.048096192385, 2888.9779559118238, 3199.198396793587, 3783.5671342685373, 840.0801603206413, 883.3667334669339, 969.939879759519, 1070.941883767535, 1193.5871743486973, 1309.0180360721442, 1539.879759519038, 2643.687374749499, 2744.689378757515, 2824.048096192385, 2888.9779559118238, 3119.8396793587176, 3220.8416833667334, 3783.5671342685373, 1431.6633266533067, 2845.691382765531, 2917.8356713426856, 2961.122244488978, 551.5030060120241, 876.1523046092184, 926.6533066132265, 1107.0140280561122, 1366.7334669338677, 1410.0200400801605, 1489.37875751503, 2145.8917835671346, 2326.2525050100203, 2441.6833667334668, 2614.8296593186374, 2730.2605210420843, 2802.4048096192387, 2874.5490981963926, 2968.3366733466933, 3033.2665330661325, 3191.983967935872, 3603.2064128256516, 3978.3567134268537]",[]
75-44-5,"['alkane_ch_sp3', 'amine_cn', 'aromatic_out_of_plane_ch', 'benzene_ring_breathing', 'ketone_co', 'alkene_out_of_plane_ch', 'alkyl_halide_ccl', 'carboxylic_acid_oh_broad', 'alkyl_halide_cbr', 'aldehyde_co', 'amide_cn', 'ester_co_c', 'alkyl_halide_cI', 'carboxylic_acid_co']",[],"[479.35871743486973, 616.4328657314629, 767.935871743487, 941.0821643286573, 1042.0841683366734, 1222.4448897795592, 1446.0921843687374, 1720.2404809619238, 1893.3867735470942, 2910.62124248497, 3567.134268537074, 3747.49498997996]",[]
105-60-2,"['aromatic_ch', 'ether_co', 'aromatic_cc', 'amide_cn', 'amine_nh_secondary', 'carboxylic_acid_co', 'amide_nh', 'alkyl_halide_ccl', 'ester_co_c', 'aromatic_out_of_plane_ch', 'alkyne_cc', 'nitro_no2_sym', 'nitro_no2_asym', 'alkyl_halide_cbr', 'alkyl_halide_cI', 'amine_nh_primary', 'alkane_ch_sp3', 'amine_cn', 'sulfate_so4', 'ketone_co', 'alkene_ch_sp2', 'alkene_out_of_plane_ch', 'carboxylic_acid_oh_broad']",[],"[472.1442885771543, 681.3627254509017, 948.2965931863728, 1114.2284569138278, 1186.372745490982, 1301.803607214429, 1352.3046092184368, 1431.6633266533067, 1705.811623246493, 1763.5270541082164, 2867.3346693386775, 2917.8356713426856, 2961.122244488978, 3437.2745490981965, 616.4328657314629, 674.1482965931864, 840.0801603206413, 933.8677354709419, 998.7975951903808, 1034.8697394789579, 1099.7995991983967, 1143.0861723446894, 1215.2304609218436, 1251.302605210421, 1309.0180360721442, 1330.6613226452905, 1388.3767535070142, 1460.5210420841684, 1511.0220440881765, 1597.5951903807616, 2117.0340681362723, 2867.3346693386775, 3011.623246492986, 3134.2685370741483, 3278.557114228457, 3408.4168336673347]",[]
60-29-7,"['alkane_ch_sp3', 'amine_cn', 'aromatic_out_of_plane_ch', 'anhydride_co', 'nitro_no2_sym', 'alkene_out_of_plane_ch', 'nitro_no2_asym', 'ether_co', 'alkyl_halide_ccl', 'carboxylic_acid_oh_broad', 'sulfone_so2', 'aromatic_cc', 'amide_cn', 'ester_co_c', 'alkyl_halide_cbr', 'sulfate_so4']",[],"[688.5771543086173, 890.5811623246493, 969.939879759519, 1092.5851703406813, 1236.8737474949899, 1323.4468937875752, 1424.4488977955912, 1597.5951903807616, 1720.2404809619238, 1821.2424849699398, 2052.104208416834, 2362.3246492985973, 2492.184368737475, 2650.9018036072143, 2917.8356713426856, 3134.2685370741483, 3494.9899799599198, 3783.5671342685373, 472.1442885771543, 602.004008016032, 717.4348697394789, 890.5811623246493, 955.5110220440882, 1236.8737474949899, 1323.4468937875752, 1417.2344689378758, 1835.6713426853707, 2037.6753507014027, 2347.895791583166, 2636.4729458917836, 2824.048096192385, 2917.8356713426856, 2953.9078156312626, 3581.563126252505, 3776.3527054108217, 616.4328657314629, 746.2925851703407, 811.2224448897796, 890.5811623246493, 962.7254509018036, 1085.370741482966, 1244.0881763527054, 1323.4468937875752, 1417.2344689378758, 1511.0220440881765, 1814.0280561122245, 2153.1062124248497, 2492.184368737475, 2650.9018036072143, 2824.048096192385, 2910.62124248497, 2946.693386773547, 3610.4208416833667, 3963.927855711423]",[]
60-57-1,"['amine_cn', 'aromatic_out_of_plane_ch', 'benzene_ring_breathing', 'alkyne_cc', 'nitro_no2_sym', 'aromatic_ch', 'alkene_ch_sp2', 'alkene_out_of_plane_ch', 'ether_co', 'aromatic_cc', 'carboxylic_acid_oh_broad', 'alkyl_halide_ccl', 'sulfone_so2', 'amide_cn', 'ester_co_c', 'alkyl_halide_cI', 'alkyl_halide_cbr', 'sulfate_so4']",[],"[580.3607214428857, 688.5771543086173, 775.1503006012024, 825.6513026052105, 897.7955911823647, 1027.6553106212425, 1164.7294589178357, 1251.302605210421, 1323.4468937875752, 1453.306613226453, 1575.9519038076153, 1619.2384769539078, 2932.2645290581163, 2975.551102204409, 3026.052104208417, 3062.124248496994, 3372.3446893787577, 3812.4248496993987, 472.1442885771543, 551.5030060120241, 580.3607214428857, 659.7194388777555, 724.6492985971944, 825.6513026052105, 868.937875751503, 955.5110220440882, 1027.6553106212425, 1063.7274549098197, 1135.871743486974, 1222.4448897795592, 1272.9458917835673, 1316.2324649298598, 1352.3046092184368, 1395.5911823647293, 1446.0921843687374, 1489.37875751503, 1575.9519038076153, 2102.605210420842, 2492.184368737475, 3018.8376753507014, 3790.7815631262524]",[]
76-22-2,"['ether_co', 'aromatic_cc', 'amide_cn', 'amine_nh_secondary', 'alkyl_halide_ccl', 'amide_nh', 'ester_co_c', 'aromatic_out_of_plane_ch', 'benzene_ring_breathing', 'alkyne_cc', 'nitro_no2_sym', 'nitro_no2_asym', 'alkyne_ch_sp', 'sulfone_so2', 'alkyl_halide_cbr', 'alkyl_halide_cI', 'sulfate_so4', 'amine_nh_primary', 'amine_cn', 'alkene_cc', 'alkene_out_of_plane_ch']",[],"[472.1442885771543, 587.5751503006012, 666.9338677354709, 767.935871743487, 890.5811623246493, 969.939879759519, 1070.941883767535, 1114.2284569138278, 1215.2304609218436, 1301.803607214429, 1345.0901803607214, 1395.5911823647293, 1410.0200400801605, 1431.6633266533067, 1503.807615230461, 1655.310621242485, 2189.178356713427, 2903.4068136272545, 3401.202404809619, 501.002004008016, 623.6472945891784, 724.6492985971944, 789.5791583166333, 890.5811623246493, 977.1543086172345, 1078.1563126252504, 1121.442885771543, 1186.372745490982, 1222.4448897795592, 1359.5190380761524, 1424.4488977955912, 1539.879759519038, 2016.0320641282565, 2759.118236472946, 2903.4068136272545, 3300.2004008016033, 3783.5671342685373]",[]
538-68-1,"['alkane_ch_sp3', 'amine_cn', 'aromatic_out_of_plane_ch', 'benzene_ring_breathing', 'alkene_cc', 'aromatic_ch', 'alkene_out_of_plane_ch', 'nitro_no2_asym', 'alkene_ch_sp2', 'ether_co', 'aromatic_cc', 'carboxylic_acid_oh_broad', 'alkyl_halide_ccl', 'sulfate_so4']",[],"[616.4328657314629, 674.1482965931864, 724.6492985971944, 868.937875751503, 941.0821643286573, 1006.0120240480962, 1056.5130260521041, 1085.370741482966, 1135.871743486974, 1236.8737474949899, 1402.805611222445, 1482.1643286573146, 1525.4509018036072, 1633.6673346693387, 1777.9559118236473, 1842.885771543086, 1907.8156312625251, 2059.318637274549, 2102.605210420842, 2896.1923847695393, 3004.4088176352707, 3054.909819639279, 3292.9859719438878, 3920.6412825651305, 479.35871743486973, 558.7174348697395, 681.3627254509017, 717.4348697394789, 1366.7334669338677, 1438.877755511022, 1590.3807615230462, 2867.3346693386775, 2917.8356713426856, 3026.052104208417]",[]
93-58-3,"['ether_co', 'aromatic_cc', 'amine_nh_secondary', 'amide_cn', 'thiol_sh', 'amide_nh', 'alkyl_halide_ccl', 'ester_co_c', 'aromatic_out_of_plane_ch', 'benzene_ring_breathing', 'nitro_no2_sym', 'alkyl_halide_cbr', 'alkyl_halide_cI', 'amine_nh_primary', 'sulfate_so4', 'amine_cn', 'alkane_ch_sp3', 'alkene_cc', 'alkene_out_of_plane_ch', 'carboxylic_acid_oh_broad', 'aldehyde_co', 'amide_co']",[],"[472.1442885771543, 565.9318637274549, 775.1503006012024, 847.2945891783568, 912.2244488977956, 948.2965931863728, 1006.0120240480962, 1049.2985971943888, 1135.871743486974, 1222.4448897795592, 1366.7334669338677, 1474.9498997995993, 1583.1663326653306, 1626.4529058116232, 1662.5250501002004, 1878.9579158316633, 2037.6753507014027, 2189.178356713427, 2499.3987975951904, 2686.9739478957918, 2867.3346693386775, 2925.0501002004007, 2975.551102204409, 3047.695390781563, 3386.7735470941884, 3776.3527054108217, 695.7915831663327, 796.7935871743487, 955.5110220440882, 1013.2264529058116, 1092.5851703406813, 1164.7294589178357, 1229.6593186372745, 1272.9458917835673, 1316.2324649298598, 1431.6633266533067, 1590.3807615230462, 1734.6693386773547, 1763.5270541082164, 2953.9078156312626, 3069.3386773547095]",[]
75-01-4,"['amine_cn', 'aromatic_out_of_plane_ch', 'benzene_ring_breathing', 'nitro_no2_sym', 'aromatic_ch', 'alkene_ch_sp2', 'alkene_out_of_plane_ch', 'ether_co', 'aromatic_cc', 'carboxylic_acid_oh_broad', 'alkyl_halide_ccl', 'sulfone_so2', 'amide_cn', 'sulfate_so4']",[],"[717.4348697394789, 919.438877755511, 1020.440881763527, 1280.1603206412826, 1366.7334669338677, 1547.0941883767534, 1597.5951903807616, 1792.3847695390782, 3069.3386773547095, 681.3627254509017, 825.6513026052105, 919.438877755511, 998.7975951903808, 1070.941883767535, 1323.4468937875752, 1482.1643286573146, 1547.0941883767534, 2376.7535070140284, 3184.7695390781564, 3776.3527054108217]",[]
106-93-4,"['amine_cn', 'aromatic_out_of_plane_ch', 'alkene_out_of_plane_ch', 'alkyl_halide_ccl', 'carboxylic_acid_oh_broad', 'alkyl_halide_cbr', 'amide_cn', 'ester_co_c', 'alkyl_halide_cI']",[],"[472.1442885771543, 630.8617234468938, 962.7254509018036, 1222.4448897795592, 1316.2324649298598, 1597.5951903807616, 2910.62124248497, 3776.3527054108217, 544.2885771543087, 587.5751503006012, 767.935871743487, 832.8657314629259, 1171.943887775551, 1236.8737474949899, 1280.1603206412826, 1431.6633266533067, 2968.3366733466933]",[]
68-12-2,"['ether_co', 'aromatic_cc', 'amide_cn', 'carboxylic_acid_co', 'alkyl_halide_ccl', 'ester_co_c', 'aromatic_out_of_plane_ch', 'benzene_ring_breathing', 'nitro_no2_sym', 'nitro_no2_asym', 'sulfone_so2', 'alkyl_halide_cbr', 'alkyl_halide_cI', 'sulfate_so4', 'alkane_ch_sp3', 'amine_cn', 'ketone_co', 'alkene_out_of_plane_ch', 'carboxylic_acid_oh_broad']",[],"[1070.941883767535, 1236.8737474949899, 1359.5190380761524, 1482.1643286573146, 1713.0260521042085, 2831.2625250501, 2917.8356713426856, 472.1442885771543, 623.6472945891784, 962.7254509018036, 1215.2304609218436, 1345.0901803607214, 1554.308617234469, 2340.681362725451, 2881.763527054108, 3776.3527054108217, 479.35871743486973, 630.8617234468938, 775.1503006012024, 1193.5871743486973, 1301.803607214429, 1431.6633266533067, 1474.9498997995993, 1547.0941883767534, 1987.1743486973949, 2636.4729458917836, 2896.1923847695393, 3725.8517034068136]","[226.08695652173913, 242.14046822742475, 290.3010033444816]"
645-62-5,"['alkane_ch_sp3', 'amine_cn', 'aromatic_out_of_plane_ch', 'benzene_ring_breathing', 'ether_co', 'alkyl_halide_ccl', 'carboxylic_acid_oh_broad', 'ester_co_c', 'sulfate_so4']",[],"[775.1503006012024, 969.939879759519, 1056.5130260521041, 1179.1583166332666, 1373.947895791583, 1453.306613226453, 1619.2384769539078, 1691.3827655310622, 1741.88376753507, 2694.188376753507, 2795.190380761523, 2881.763527054108, 2946.693386773547]",[]
75-07-0,"['alkane_ch_sp3', 'amine_cn', 'aromatic_out_of_plane_ch', 'alcohol_phenol_oh', 'alkene_cc', 'alkene_out_of_plane_ch', 'amide_nh', 'carboxylic_acid_oh_broad', 'alkyl_halide_ccl', 'alkyne_ch_sp', 'ester_co_c', 'amide_cn', 'amine_nh_secondary', 'alkyl_halide_cI', 'amide_co', 'amine_nh_primary']",[],"[695.7915831663327, 789.5791583166333, 890.5811623246493, 962.7254509018036, 1208.0160320641282, 1395.5911823647293, 1648.0961923847697, 1907.8156312625251, 2362.3246492985973, 2773.547094188377, 2917.8356713426856, 3343.486973947896, 3747.49498997996, 472.1442885771543, 681.3627254509017, 804.0080160320641, 998.7975951903808, 1150.3006012024048, 1215.2304609218436, 1373.947895791583, 1604.809619238477, 1929.4589178356714, 2160.3206412825652, 2362.3246492985973, 2484.9699398797597, 2780.7615230460924, 2939.478957915832, 3314.629258517034, 3783.5671342685373]",[288.2943143812709]
87-66-1,"['amine_cn', 'amine_nh_primary', 'aromatic_out_of_plane_ch', 'benzene_ring_breathing', 'alcohol_phenol_oh', 'nitro_no2_sym', 'aromatic_ch', 'alkene_ch_sp2', 'alkene_out_of_plane_ch', 'amide_nh', 'carboxylic_acid_oh_broad', 'alkyl_halide_cbr', 'aromatic_cc', 'alkyl_halide_ccl', 'amine_nh_secondary', 'ester_co_c', 'alkyl_halide_cI', 'amide_cn']",[],"[565.9318637274549, 695.7915831663327, 746.2925851703407, 818.4368737474949, 926.6533066132265, 977.1543086172345, 1042.0841683366734, 1171.943887775551, 1251.302605210421, 1337.875751503006, 1402.805611222445, 1496.5931863727455, 1539.879759519038, 1612.0240480961925, 3054.909819639279, 3494.9899799599198, 3588.7775551102204, 3653.7074148296592, 3704.2084168336673]","[256.18729096989966, 270.23411371237455, 288.2943143812709]"
54-11-5,"['alkane_ch_sp3', 'amine_cn', 'aromatic_out_of_plane_ch', 'benzene_ring_breathing', 'nitro_no2_sym', 'aromatic_ch', 'aromatic_cc', 'carboxylic_acid_oh_broad', 'alkyl_halide_ccl', 'sulfone_so2', 'amide_cn', 'ester_co_c', 'alkyl_halide_cbr']",[],"[594.7895791583167, 703.0060120240481, 789.5791583166333, 876.1523046092184, 1027.6553106212425, 1200.801603206413, 1301.803607214429, 1453.306613226453, 1554.308617234469, 1720.2404809619238, 2780.7615230460924, 2910.62124248497, 2953.9078156312626, 3033.2665330661325]",[]
625-45-6,"['alkane_ch_sp3', 'amine_cn', 'amine_nh_primary', 'alcohol_phenol_oh', 'anhydride_co', 'nitro_no2_sym', 'ether_co', 'amide_nh', 'carboxylic_acid_oh_broad', 'alkyl_halide_cbr', 'alkyl_halide_ccl', 'sulfone_so2', 'amine_nh_secondary', 'alkyl_halide_cI', 'amide_cn', 'sulfate_so4']",[],"[464.92985971943887, 616.4328657314629, 840.0801603206413, 1114.2284569138278, 1157.5150300601204, 1337.875751503006, 1792.3847695390782, 1842.885771543086, 2831.2625250501, 2917.8356713426856, 3494.9899799599198, 3559.9198396793586]",[]
71-36-3,"['alkane_ch_sp3', 'amine_cn', 'aromatic_out_of_plane_ch', 'benzene_ring_breathing', 'alcohol_phenol_oh', 'aromatic_ch', 'alkene_ch_sp2', 'alkene_out_of_plane_ch', 'ether_co', 'amide_nh', 'carboxylic_acid_oh_broad', 'alkyl_halide_ccl', 'amide_cn', 'ester_co_c', 'sulfate_so4']",[],"[847.2945891783568, 955.5110220440882, 1063.7274549098197, 1215.2304609218436, 1388.3767535070142, 1467.7354709418837, 2888.9779559118238, 2968.3366733466933, 3675.3507014028055, 847.2945891783568, 955.5110220440882, 1063.7274549098197, 1215.2304609218436, 1388.3767535070142, 1467.7354709418837, 2888.9779559118238, 2968.3366733466933, 3675.3507014028055, 847.2945891783568, 955.5110220440882, 1063.7274549098197, 1215.2304609218436, 1388.3767535070142, 1467.7354709418837, 2888.9779559118238, 2961.122244488978, 3668.1362725450904, 854.5090180360721, 955.5110220440882, 1063.7274549098197, 1215.2304609218436, 1388.3767535070142, 1467.7354709418837, 2888.9779559118238, 2968.3366733466933, 3675.3507014028055, 501.002004008016, 832.8657314629259, 1034.8697394789579, 1193.5871743486973, 1373.947895791583, 2874.5490981963926, 2953.9078156312626, 3660.921843687375, 847.2945891783568, 955.5110220440882, 1070.941883767535, 1215.2304609218436, 1388.3767535070142, 1467.7354709418837, 2888.9779559118238, 2968.3366733466933, 3675.3507014028055, 847.2945891783568, 955.5110220440882, 1063.7274549098197, 1215.2304609218436, 1388.3767535070142, 1467.7354709418837, 2888.9779559118238, 2968.3366733466933, 3675.3507014028055, 847.2945891783568, 955.5110220440882, 1063.7274549098197, 1215.2304609218436, 1388.3767535070142, 1467.7354709418837, 2888.9779559118238, 2961.122244488978, 3668.1362725450904, 847.2945891783568, 955.5110220440882, 1063.7274549098197, 1215.2304609218436, 1388.3767535070142, 1467.7354709418837, 2888.9779559118238, 2961.122244488978, 3668.1362725450904, 847.2945891783568, 955.5110220440882, 1063.7274549098197, 1215.2304609218436, 1388.3767535070142, 1467.7354709418837, 2888.9779559118238, 2961.122244488978, 3668.1362725450904, 847.2945891783568, 955.5110220440882, 1063.7274549098197, 1215.2304609218436, 1388.3767535070142, 1467.7354709418837, 2888.9779559118238, 2961.122244488978, 3668.1362725450904, 847.2945891783568, 955.5110220440882, 1063.7274549098197, 1215.2304609218436, 1388.3767535070142, 1467.7354709418837, 2888.9779559118238, 2968.3366733466933, 3675.3507014028055, 847.2945891783568, 955.5110220440882, 1070.941883767535, 1215.2304609218436, 1388.3767535070142, 1467.7354709418837, 2888.9779559118238, 2968.3366733466933, 3675.3507014028055, 847.2945891783568, 955.5110220440882, 1063.7274549098197, 1215.2304609218436, 1388.3767535070142, 1467.7354709418837, 2888.9779559118238, 2961.122244488978, 3675.3507014028055, 847.2945891783568, 955.5110220440882, 1070.941883767535, 1215.2304609218436, 1388.3767535070142, 1467.7354709418837, 2888.9779559118238, 2968.3366733466933, 3675.3507014028055, 847.2945891783568, 955.5110220440882, 1063.7274549098197, 1215.2304609218436, 1388.3767535070142, 1467.7354709418837, 2888.9779559118238, 2968.3366733466933, 3675.3507014028055, 847.2945891783568, 955.5110220440882, 1063.7274549098197, 1215.2304609218436, 1388.3767535070142, 1467.7354709418837, 2888.9779559118238, 2968.3366733466933, 3675.3507014028055, 695.7915831663327, 775.1503006012024, 868.937875751503, 969.939879759519, 1049.2985971943888, 1150.3006012024048, 1417.2344689378758, 2362.3246492985973, 2896.1923847695393, 3112.625250501002, 3581.563126252505, 3776.3527054108217, 847.2945891783568, 955.5110220440882, 1070.941883767535, 1215.2304609218436, 1388.3767535070142, 1467.7354709418837, 2888.9779559118238, 2968.3366733466933, 3675.3507014028055, 847.2945891783568, 955.5110220440882, 1063.7274549098197, 1215.2304609218436, 1388.3767535070142, 1467.7354709418837, 2888.9779559118238, 2968.3366733466933, 3675.3507014028055, 847.2945891783568, 955.5110220440882, 1063.7274549098197, 1215.2304609218436, 1388.3767535070142, 1467.7354709418837, 2888.9779559118238, 2968.3366733466933, 3675.3507014028055, 847.2945891783568, 955.5110220440882, 1063.7274549098197, 1215.2304609218436, 1388.3767535070142, 1467.7354709418837, 2888.9779559118238, 2968.3366733466933, 3675.3507014028055, 847.2945891783568, 955.5110220440882, 1063.7274549098197, 1215.2304609218436, 1388.3767535070142, 1467.7354709418837, 2888.9779559118238, 2968.3366733466933, 3675.3507014028055, 717.4348697394789, 825.6513026052105, 876.1523046092184, 919.438877755511, 969.939879759519, 1049.2985971943888, 1164.7294589178357, 1236.8737474949899, 1410.0200400801605, 1886.1723446893789, 2888.9779559118238, 3054.909819639279, 3588.7775551102204, 3776.3527054108217, 847.2945891783568, 955.5110220440882, 1063.7274549098197, 1215.2304609218436, 1388.3767535070142, 1467.7354709418837, 2888.9779559118238, 2968.3366733466933, 3675.3507014028055, 847.2945891783568, 955.5110220440882, 1070.941883767535, 1215.2304609218436, 1388.3767535070142, 1467.7354709418837, 2888.9779559118238, 2968.3366733466933, 3675.3507014028055, 703.0060120240481, 811.2224448897796, 861.7234468937876, 912.2244488977956, 962.7254509018036, 1157.5150300601204, 1258.5170340681361, 1395.5911823647293, 1871.743486973948, 2109.819639278557, 2888.9779559118238, 3026.052104208417, 3797.995991983968, 847.2945891783568, 955.5110220440882, 1070.941883767535, 1215.2304609218436, 1388.3767535070142, 1467.7354709418837, 2888.9779559118238, 2968.3366733466933, 3675.3507014028055, 847.2945891783568, 955.5110220440882, 1063.7274549098197, 1215.2304609218436, 1388.3767535070142, 1467.7354709418837, 2888.9779559118238, 2968.3366733466933, 3675.3507014028055]",[]
76-06-2,"['amine_cn', 'aromatic_out_of_plane_ch', 'benzene_ring_breathing', 'nitro_no2_sym', 'ether_co', 'alkyl_halide_ccl', 'sulfone_so2', 'alkyl_halide_cbr', 'aromatic_cc', 'amide_cn', 'alkyl_halide_cI', 'sulfate_so4']",[],"[565.9318637274549, 695.7915831663327, 767.935871743487, 1092.5851703406813, 1337.875751503006, 1388.3767535070142, 1669.739478957916, 3790.7815631262524, 551.5030060120241, 688.5771543086173, 760.7214428857715, 876.1523046092184, 1020.440881763527, 1330.6613226452905, 1373.947895791583, 1568.7374749498997, 1943.8877755511023, 2477.755511022044, 2672.5450901803606, 3011.623246492986, 3783.5671342685373, 703.0060120240481, 782.3647294589179, 868.937875751503, 1265.7314629258517, 1294.5891783567135, 1323.4468937875752, 1547.0941883767534, 1597.5951903807616, 1806.8136272545091, 2910.62124248497]",[]
106-97-8,"['alkane_ch_sp3', 'amine_cn', 'aromatic_out_of_plane_ch', 'nitro_no2_asym', 'aromatic_cc', 'carboxylic_acid_oh_broad', 'amide_cn', 'ester_co_c', 'alkyl_halide_cI']",[],"[969.939879759519, 1388.3767535070142, 1474.9498997995993, 2888.9779559118238, 2968.3366733466933, 969.939879759519, 1388.3767535070142, 1467.7354709418837, 2888.9779559118238, 2968.3366733466933, 962.7254509018036, 1388.3767535070142, 1467.7354709418837, 2888.9779559118238, 2968.3366733466933, 962.7254509018036, 1388.3767535070142, 1467.7354709418837, 2888.9779559118238, 2968.3366733466933, 962.7254509018036, 1388.3767535070142, 1467.7354709418837, 2888.9779559118238, 2968.3366733466933, 962.7254509018036, 1388.3767535070142, 1467.7354709418837, 2888.9779559118238, 2968.3366733466933, 962.7254509018036, 1388.3767535070142, 1467.7354709418837, 2888.9779559118238, 2968.3366733466933, 472.1442885771543, 854.5090180360721, 1099.7995991983967, 1222.4448897795592, 1330.6613226452905, 1417.2344689378758, 1554.308617234469, 2773.547094188377, 3127.0541082164327, 3761.923847695391, 969.939879759519, 1388.3767535070142, 1467.7354709418837, 2888.9779559118238, 2968.3366733466933, 969.939879759519, 1388.3767535070142, 1467.7354709418837, 2888.9779559118238, 2968.3366733466933, 969.939879759519, 1388.3767535070142, 1474.9498997995993, 2888.9779559118238, 2968.3366733466933, 962.7254509018036, 1388.3767535070142, 1467.7354709418837, 2888.9779559118238, 2968.3366733466933, 969.939879759519, 1388.3767535070142, 1474.9498997995993, 2888.9779559118238, 2968.3366733466933, 969.939879759519, 1388.3767535070142, 1467.7354709418837, 2888.9779559118238, 2968.3366733466933, 969.939879759519, 1388.3767535070142, 1467.7354709418837, 2888.9779559118238, 2968.3366733466933, 962.7254509018036, 1388.3767535070142, 1467.7354709418837, 2888.9779559118238, 2968.3366733466933, 969.939879759519, 1388.3767535070142, 1467.7354709418837, 2888.9779559118238, 2968.3366733466933, 969.939879759519, 1388.3767535070142, 1467.7354709418837, 2888.9779559118238, 2968.3366733466933, 969.939879759519, 1388.3767535070142, 1474.9498997995993, 2888.9779559118238, 2968.3366733466933, 962.7254509018036, 1388.3767535070142, 1467.7354709418837, 2888.9779559118238, 2968.3366733466933, 962.7254509018036, 1388.3767535070142, 1467.7354709418837, 2888.9779559118238, 2968.3366733466933, 969.939879759519, 1388.3767535070142, 1467.7354709418837, 2888.9779559118238, 2968.3366733466933, 962.7254509018036, 1388.3767535070142, 1467.7354709418837, 2888.9779559118238, 2968.3366733466933, 955.5110220440882, 1453.306613226453, 2953.9078156312626, 969.939879759519, 1388.3767535070142, 1474.9498997995993, 2888.9779559118238, 2968.3366733466933, 969.939879759519, 1388.3767535070142, 1467.7354709418837, 2888.9779559118238, 2968.3366733466933, 969.939879759519, 1388.3767535070142, 1467.7354709418837, 2888.9779559118238, 2968.3366733466933]",[]
643-79-8,"['amine_cn', 'aromatic_out_of_plane_ch', 'ketone_co', 'alkyl_halide_ccl', 'carboxylic_acid_oh_broad', 'amide_cn', 'ester_co_c', 'carboxylic_acid_co']",[],"[623.6472945891784, 753.5070140280561, 804.0080160320641, 847.2945891783568, 1186.372745490982, 1265.7314629258517, 1388.3767535070142, 1575.9519038076153, 1713.0260521042085, 1756.312625250501, 2730.2605210420843, 2816.8336673346694, 3069.3386773547095]","[216.05351170568562, 254.18060200668896, 296.3210702341137]"
75-99-0,"['amine_cn', 'aromatic_out_of_plane_ch', 'benzene_ring_breathing', 'alcohol_phenol_oh', 'alkyne_cc', 'thiol_sh', 'nitro_no2_sym', 'anhydride_co', 'ether_co', 'aromatic_cc', 'carboxylic_acid_oh_broad', 'alkyl_halide_ccl', 'sulfone_so2', 'amide_cn', 'ester_co_c', 'alkyl_halide_cI', 'alkyl_halide_cbr', 'sulfate_so4']",[],"[623.6472945891784, 739.0781563126252, 818.4368737474949, 1027.6553106212425, 1107.0140280561122, 1157.5150300601204, 1345.0901803607214, 1424.4488977955912, 1496.5931863727455, 1648.0961923847697, 1842.885771543086, 2189.178356713427, 2701.4028056112224, 3372.3446893787577, 565.9318637274549, 652.5050100200401, 775.1503006012024, 1056.5130260521041, 1171.943887775551, 1316.2324649298598, 1727.4549098196394, 1770.741482965932, 2145.8917835671346, 2340.681362725451, 3004.4088176352707, 3574.3486973947897, 3733.066132264529, 436.07214428857714, 493.7875751503006, 594.7895791583167, 681.3627254509017, 739.0781563126252, 818.4368737474949, 1013.2264529058116, 1107.0140280561122, 1157.5150300601204, 1337.875751503006, 1431.6633266533067, 1482.1643286573146, 1619.2384769539078, 2052.104208416834, 2189.178356713427, 2571.543086172345, 2708.617234468938, 2953.9078156312626, 3466.1322645290584, 3776.3527054108217]",[]
107-06-2,"['amine_cn', 'aromatic_out_of_plane_ch', 'ether_co', 'alkyl_halide_ccl', 'carboxylic_acid_oh_broad', 'aromatic_cc', 'amide_cn', 'ester_co_c', 'alkyl_halide_cbr', 'sulfate_so4']",[],"[681.3627254509017, 724.6492985971944, 890.5811623246493, 1229.6593186372745, 1294.5891783567135, 1453.306613226453, 2888.9779559118238, 2982.7655310621244, 630.8617234468938, 760.7214428857715, 861.7234468937876, 919.438877755511, 1078.1563126252504, 1265.7314629258517, 1402.805611222445, 1597.5951903807616, 2571.543086172345, 2917.8356713426856, 3191.983967935872, 3747.49498997996, 731.8637274549098, 890.5811623246493, 1236.8737474949899, 1294.5891783567135, 1453.306613226453, 2896.1923847695393, 2982.7655310621244, 724.6492985971944, 890.5811623246493, 1236.8737474949899, 1294.5891783567135, 1453.306613226453, 2896.1923847695393, 2982.7655310621244, 688.5771543086173, 724.6492985971944, 890.5811623246493, 1236.8737474949899, 1294.5891783567135, 1453.306613226453, 2896.1923847695393, 2982.7655310621244, 681.3627254509017, 724.6492985971944, 890.5811623246493, 1229.6593186372745, 1294.5891783567135, 1453.306613226453, 2888.9779559118238, 2982.7655310621244, 681.3627254509017, 724.6492985971944, 890.5811623246493, 1229.6593186372745, 1294.5891783567135, 1453.306613226453, 2888.9779559118238, 2982.7655310621244, 688.5771543086173, 724.6492985971944, 890.5811623246493, 1236.8737474949899, 1294.5891783567135, 1453.306613226453, 2896.1923847695393, 2982.7655310621244, 688.5771543086173, 724.6492985971944, 890.5811623246493, 1236.8737474949899, 1294.5891783567135, 1453.306613226453, 2896.1923847695393, 2982.7655310621244, 688.5771543086173, 724.6492985971944, 890.5811623246493, 1236.8737474949899, 1294.5891783567135, 1453.306613226453, 2896.1923847695393, 2982.7655310621244, 731.8637274549098, 890.5811623246493, 1236.8737474949899, 1294.5891783567135, 1453.306613226453, 2896.1923847695393, 2982.7655310621244, 724.6492985971944, 890.5811623246493, 1236.8737474949899, 1294.5891783567135, 1453.306613226453, 2896.1923847695393, 2982.7655310621244, 681.3627254509017, 724.6492985971944, 890.5811623246493, 1229.6593186372745, 1294.5891783567135, 1453.306613226453, 2888.9779559118238, 2982.7655310621244, 681.3627254509017, 724.6492985971944, 890.5811623246493, 1229.6593186372745, 1294.5891783567135, 1453.306613226453, 2888.9779559118238, 2982.7655310621244, 688.5771543086173, 724.6492985971944, 890.5811623246493, 1236.8737474949899, 1294.5891783567135, 1453.306613226453, 2896.1923847695393, 2982.7655310621244, 688.5771543086173, 724.6492985971944, 890.5811623246493, 1236.8737474949899, 1294.5891783567135, 1453.306613226453, 2896.1923847695393, 2982.7655310621244, 724.6492985971944, 890.5811623246493, 1236.8737474949899, 1294.5891783567135, 1453.306613226453, 2896.1923847695393, 2982.7655310621244, 688.5771543086173, 724.6492985971944, 890.5811623246493, 1236.8737474949899, 1294.5891783567135, 1453.306613226453, 2896.1923847695393, 2982.7655310621244, 688.5771543086173, 724.6492985971944, 890.5811623246493, 1236.8737474949899, 1294.5891783567135, 1453.306613226453, 2896.1923847695393, 2982.7655310621244, 731.8637274549098, 890.5811623246493, 1236.8737474949899, 1294.5891783567135, 1453.306613226453, 2896.1923847695393, 2982.7655310621244, 666.9338677354709, 710.2204408817636, 760.7214428857715, 876.1523046092184, 1222.4448897795592, 1272.9458917835673, 1431.6633266533067, 2961.122244488978, 724.6492985971944, 890.5811623246493, 1236.8737474949899, 1294.5891783567135, 1453.306613226453, 2896.1923847695393, 2982.7655310621244, 724.6492985971944, 890.5811623246493, 1236.8737474949899, 1294.5891783567135, 1453.306613226453, 2896.1923847695393, 2982.7655310621244, 731.8637274549098, 890.5811623246493, 1236.8737474949899, 1294.5891783567135, 1453.306613226453, 2896.1923847695393, 2982.7655310621244, 688.5771543086173, 724.6492985971944, 890.5811623246493, 1236.8737474949899, 1294.5891783567135, 1453.306613226453, 2896.1923847695393, 2982.7655310621244, 731.8637274549098, 890.5811623246493, 1236.8737474949899, 1294.5891783567135, 1453.306613226453, 2896.1923847695393, 2982.7655310621244, 688.5771543086173, 724.6492985971944, 890.5811623246493, 1236.8737474949899, 1294.5891783567135, 1453.306613226453, 2896.1923847695393, 2982.7655310621244]",[]
77-73-6,"['alkane_ch_sp3', 'amine_cn', 'aromatic_out_of_plane_ch', 'benzene_ring_breathing', 'nitro_no2_sym', 'aromatic_ch', 'alkene_ch_sp2', 'alkene_out_of_plane_ch', 'aromatic_cc', 'carboxylic_acid_oh_broad', 'alkyl_halide_ccl', 'sulfone_so2', 'amide_cn', 'ester_co_c', 'alkyl_halide_cI', 'alkyl_halide_cbr']",[],"[464.92985971943887, 587.5751503006012, 703.0060120240481, 731.8637274549098, 782.3647294589179, 840.0801603206413, 883.3667334669339, 969.939879759519, 1013.2264529058116, 1049.2985971943888, 1114.2284569138278, 1200.801603206413, 1280.1603206412826, 1323.4468937875752, 1381.1623246492986, 1417.2344689378758, 1474.9498997995993, 1662.5250501002004, 1951.1022044088177, 2867.3346693386775, 3018.8376753507014, 3119.8396793587176, 3184.7695390781564, 3336.2725450901803, 3372.3446893787577, 3769.138276553106, 472.1442885771543, 717.4348697394789, 796.7935871743487, 905.0100200400802, 1236.8737474949899, 1323.4468937875752, 1438.877755511022, 1597.5951903807616, 2953.9078156312626, 3040.4809619238476]",[]
74-98-6,"['alkane_ch_sp3', 'aromatic_out_of_plane_ch', 'aromatic_ch', 'alkene_out_of_plane_ch', 'nitro_no2_asym', 'ether_co', 'aromatic_cc', 'carboxylic_acid_oh_broad', 'alkyl_halide_ccl', 'amide_cn', 'alkyl_halide_cI', 'sulfate_so4']",[],"[1438.877755511022, 2953.9078156312626, 472.1442885771543, 659.7194388777555, 818.4368737474949, 969.939879759519, 1099.7995991983967, 1294.5891783567135, 1417.2344689378758, 1568.7374749498997, 2333.4669338677354, 2542.685370741483, 2694.188376753507, 3054.909819639279, 3761.923847695391]",[]
106-44-5,"['aromatic_ch', 'ether_co', 'aromatic_cc', 'amide_cn', 'thiol_sh', 'alkyl_halide_ccl', 'ester_co_c', 'aromatic_out_of_plane_ch', 'alcohol_phenol_oh', 'nitro_no2_sym', 'nitro_no2_asym', 'sulfone_so2', 'alkyl_halide_cbr', 'alkyl_halide_cI', 'sulfate_so4', 'alkane_ch_sp3', 'amine_cn', 'alkene_ch_sp2', 'carboxylic_acid_oh_broad']",[],"[703.0060120240481, 760.7214428857715, 876.1523046092184, 1135.871743486974, 1222.4448897795592, 1294.5891783567135, 1366.7334669338677, 1467.7354709418837, 1554.308617234469, 1684.1683366733466, 1799.5991983967936, 1943.8877755511023, 2650.9018036072143, 2903.4068136272545, 2975.551102204409, 3603.2064128256516, 3740.2805611222448, 3949.498997995992, 443.2865731462926, 486.5731462925852, 529.8597194388777, 681.3627254509017, 717.4348697394789, 782.3647294589179, 897.7955911823647, 969.939879759519, 1078.1563126252504, 1128.6573146292585, 1193.5871743486973, 1309.0180360721442, 1402.805611222445, 1482.1643286573146, 1575.9519038076153, 1713.0260521042085, 1806.8136272545091, 1951.1022044088177, 2037.6753507014027, 2391.1823647294586, 2528.2565130260523, 2759.118236472946, 2888.9779559118238, 2989.9799599198395, 3098.1963927855713, 3581.563126252505, 3783.5671342685373, 486.5731462925852, 717.4348697394789, 796.7935871743487, 1085.370741482966, 1157.5150300601204, 1236.8737474949899, 1316.2324649298598, 1424.4488977955912, 1511.0220440881765, 1597.5951903807616, 2917.8356713426856, 3018.8376753507014, 3639.2785571142285]","[230.10033444816054, 278.2608695652174]"
115-07-1,"['alkane_ch_sp3', 'amine_cn', 'alkene_cc', 'aromatic_ch', 'alkene_ch_sp2', 'alkene_out_of_plane_ch', 'nitro_no2_asym', 'ether_co', 'aromatic_cc', 'carboxylic_acid_oh_broad', 'alkyl_halide_ccl', 'amide_co', 'alkyl_halide_cI', 'alkyl_halide_cbr', 'sulfate_so4']",[],"[472.1442885771543, 674.1482965931864, 969.939879759519, 1121.442885771543, 1265.7314629258517, 1554.308617234469, 1698.5971943887776, 2362.3246492985973, 3047.695390781563, 3776.3527054108217, 457.71543086172346, 551.5030060120241, 905.0100200400802, 1388.3767535070142, 1431.6633266533067, 1640.881763527054, 1835.6713426853707, 2910.62124248497, 2953.9078156312626, 3076.553106212425]",[]
74-82-8,"['alkane_ch_sp3', 'nitro_no2_sym', 'aromatic_ch', 'alkene_ch_sp2', 'ether_co', 'carboxylic_acid_oh_broad', 'sulfone_so2', 'amide_cn', 'alkyl_halide_cI', 'sulfate_so4']",[],"[464.92985971943887, 1114.2284569138278, 1251.302605210421, 1280.1603206412826, 1323.4468937875752, 1518.2364729458918, 2398.396793587174, 2845.691382765531, 2874.5490981963926, 2896.1923847695393, 2917.8356713426856, 2939.478957915832, 2982.7655310621244, 3033.2665330661325, 3069.3386773547095, 3090.9819639278558, 3134.2685370741483, 3783.5671342685373, 1229.6593186372745, 1265.7314629258517, 1294.5891783567135, 1345.0901803607214, 2867.3346693386775, 2917.8356713426856, 2982.7655310621244, 3004.4088176352707, 3062.124248496994, 3920.6412825651305]",[]
75-00-3,"['amine_cn', 'aromatic_out_of_plane_ch', 'nitro_no2_sym', 'alkene_out_of_plane_ch', 'nitro_no2_asym', 'ether_co', 'aromatic_cc', 'alkyl_halide_ccl', 'carboxylic_acid_oh_broad', 'amide_cn', 'alkyl_halide_cI', 'sulfate_so4']",[],"[472.1442885771543, 717.4348697394789, 868.937875751503, 1128.6573146292585, 1359.5190380761524, 1424.4488977955912, 1547.0941883767534, 2369.539078156313, 2585.9719438877755, 2787.9759519038075, 2910.62124248497, 3119.8396793587176, 3783.5671342685373, 674.1482965931864, 782.3647294589179, 955.5110220440882, 1229.6593186372745, 1272.9458917835673, 1438.877755511022, 2874.5490981963926, 2997.194388777555]",[]
57-06-7,"['amine_cn', 'aromatic_out_of_plane_ch', 'benzene_ring_breathing', 'alkene_cc', 'nitro_no2_sym', 'aromatic_ch', 'alkene_ch_sp2', 'alkene_out_of_plane_ch', 'ether_co', 'aromatic_cc', 'carboxylic_acid_oh_broad', 'alkyl_halide_cbr', 'alkyl_halide_ccl', 'sulfone_so2', 'amide_cn', 'ester_co_c', 'amide_co', 'sulfate_so4']",[],"[616.4328657314629, 818.4368737474949, 883.3667334669339, 955.5110220440882, 1006.0120240480962, 1056.5130260521041, 1157.5150300601204, 1258.5170340681361, 1381.1623246492986, 1460.5210420841684, 1619.2384769539078, 1669.739478957916, 1893.3867735470942, 2441.6833667334668, 2715.831663326653, 2881.763527054108, 2961.122244488978, 3047.695390781563, 3653.7074148296592, 717.4348697394789, 912.2244488977956, 1316.2324649298598, 1438.877755511022, 2037.6753507014027, 2160.3206412825652, 2917.8356713426856]",[]
75-52-5,"['amine_cn', 'aromatic_out_of_plane_ch', 'nitro_no2_sym', 'nitro_no2_asym', 'aromatic_cc', 'alkyl_halide_ccl', 'alkyl_halide_cbr', 'amide_cn', 'ester_co_c', 'alkyl_halide_cI']",[],"[630.8617234468938, 912.2244488977956, 1070.941883767535, 1352.3046092184368, 1511.0220440881765, 1554.308617234469, 2953.9078156312626, 479.35871743486973, 580.3607214428857, 868.937875751503, 991.5831663326653, 1229.6593186372745, 1460.5210420841684, 2355.1102204408817, 2686.9739478957918, 2845.691382765531, 3776.3527054108217]","[238.12709030100334, 270.23411371237455]"
74-96-4,"['amine_cn', 'amine_nh_primary', 'aromatic_out_of_plane_ch', 'thiol_sh', 'nitro_no2_sym', 'alkene_out_of_plane_ch', 'ether_co', 'isocyanate_nco', 'amide_nh', 'carboxylic_acid_oh_broad', 'alkyl_halide_ccl', 'sulfone_so2', 'amine_nh_secondary', 'amide_cn', 'ester_co_c', 'alkyl_halide_cI', 'alkyl_halide_cbr', 'sulfate_so4']",[],"[645.2905811623247, 703.0060120240481, 868.937875751503, 1107.0140280561122, 1330.6613226452905, 1417.2344689378758, 1850.1002004008017, 1943.8877755511023, 2059.318637274549, 2261.322645290581, 2557.1142284569137, 2766.3326653306613, 2903.4068136272545, 3105.4108216432865, 3653.7074148296592, 558.7174348697395, 753.5070140280561, 955.5110220440882, 998.7975951903808, 1186.372745490982, 1236.8737474949899, 1280.1603206412826, 1438.877755511022, 2874.5490981963926, 2917.8356713426856, 2982.7655310621244, 464.92985971943887, 645.2905811623247, 868.937875751503, 1042.0841683366734, 1128.6573146292585, 1330.6613226452905, 1402.805611222445, 1648.0961923847697, 1864.5290581162326, 1958.316633266533, 2066.5330661322646, 2297.3947895791584, 2362.3246492985973, 2549.8997995991986, 2715.831663326653, 2766.3326653306613, 2896.1923847695393, 2946.693386773547, 3141.482965931864, 3393.987975951904, 3610.4208416833667, 3783.5671342685373]",[]
62-75-9,"['alkane_ch_sp3', 'amine_cn', 'aromatic_out_of_plane_ch', 'nitro_no2_sym', 'aromatic_ch', 'aromatic_cc', 'carboxylic_acid_oh_broad', 'alkyl_halide_ccl', 'amide_nh', 'amide_cn', 'ester_co_c', 'alkyl_halide_cI', 'alkyl_halide_cbr']",[],"[674.1482965931864, 832.8657314629259, 948.2965931863728, 998.7975951903808, 1042.0841683366734, 1272.9458917835673, 1395.5911823647293, 1474.9498997995993, 1518.2364729458918, 2953.9078156312626, 558.7174348697395, 710.2204408817636, 868.937875751503, 1215.2304609218436, 1359.5190380761524, 1424.4488977955912, 2016.0320641282565, 3069.3386773547095, 3783.5671342685373, 428.85771543086173, 573.1462925851704, 659.7194388777555, 789.5791583166333, 868.937875751503, 1150.3006012024048, 1359.5190380761524, 1424.4488977955912, 1554.308617234469, 1655.310621242485, 2016.0320641282565, 2874.5490981963926, 3249.699398797595, 3769.138276553106]",[]
72-20-8,"['amine_cn', 'aromatic_out_of_plane_ch', 'benzene_ring_breathing', 'nitro_no2_sym', 'alkene_out_of_plane_ch', 'aromatic_cc', 'alkyl_halide_ccl', 'alkyl_halide_cbr', 'sulfone_so2', 'carboxylic_acid_oh_broad', 'amide_cn', 'ester_co_c', 'alkyl_halide_cI']",[],"[493.7875751503006, 602.004008016032, 630.8617234468938, 703.0060120240481, 731.8637274549098, 789.5791583166333, 832.8657314629259, 876.1523046092184, 933.8677354709419, 962.7254509018036, 1006.0120240480962, 1027.6553106212425, 1070.941883767535, 1092.5851703406813, 1150.3006012024048, 1208.0160320641282, 1236.8737474949899, 1280.1603206412826, 1316.2324649298598, 1431.6633266533067, 1575.9519038076153, 1626.4529058116232, 2333.4669338677354, 2917.8356713426856, 3040.4809619238476, 3747.49498997996, 558.7174348697395, 580.3607214428857, 731.8637274549098, 847.2945891783568, 890.5811623246493, 969.939879759519, 1034.8697394789579, 1171.943887775551, 1236.8737474949899, 1366.7334669338677, 1453.306613226453, 1575.9519038076153, 1756.312625250501, 2925.0501002004007, 2968.3366733466933, 3054.909819639279]",[]
98-82-8,"['alkane_ch_sp3', 'amine_cn', 'aromatic_out_of_plane_ch', 'benzene_ring_breathing', 'alkene_cc', 'nitro_no2_sym', 'aromatic_ch', 'alkene_ch_sp2', 'nitro_no2_asym', 'ether_co', 'aromatic_cc', 'carboxylic_acid_oh_broad', 'alkyl_halide_ccl', 'amide_cn', 'ester_co_c', 'alkyl_halide_cI', 'alkyl_halide_cbr', 'sulfate_so4']",[],"[515.4308617234469, 674.1482965931864, 753.5070140280561, 1020.440881763527, 1359.5190380761524, 1474.9498997995993, 1590.3807615230462, 2874.5490981963926, 2953.9078156312626, 3026.052104208417, 486.5731462925852, 652.5050100200401, 724.6492985971944, 789.5791583166333, 861.7234468937876, 1006.0120240480962, 1070.941883767535, 1128.6573146292585, 1236.8737474949899, 1287.374749498998, 1345.0901803607214, 1410.0200400801605, 1474.9498997995993, 1518.2364729458918, 1554.308617234469, 1626.4529058116232, 1770.741482965932, 1842.885771543086, 1907.8156312625251, 2044.8897795591183, 2910.62124248497, 3004.4088176352707, 3054.909819639279, 3242.4849699398796, 3776.3527054108217]","[228.09364548494983, 260.2006688963211]"
634-66-2,"['amine_cn', 'aromatic_out_of_plane_ch', 'benzene_ring_breathing', 'nitro_no2_sym', 'ether_co', 'alkyl_halide_ccl', 'aromatic_cc', 'alkyl_halide_cbr', 'sulfone_so2', 'amide_cn', 'ester_co_c', 'alkyl_halide_cI', 'sulfate_so4']",[],"[464.92985971943887, 544.2885771543087, 594.7895791583167, 638.0761523046092, 753.5070140280561, 796.7935871743487, 998.7975951903808, 1063.7274549098197, 1164.7294589178357, 1200.801603206413, 1309.0180360721442, 1352.3046092184368, 1424.4488977955912, 1554.308617234469, 1597.5951903807616, 1864.5290581162326, 3870.1402805611224, 464.92985971943887, 493.7875751503006, 537.0741482965932, 580.3607214428857, 630.8617234468938, 796.7935871743487, 832.8657314629259, 897.7955911823647, 1042.0841683366734, 1099.7995991983967, 1236.8737474949899, 1388.3767535070142, 1402.805611222445, 1474.9498997995993, 1518.2364729458918, 1590.3807615230462, 1640.881763527054, 1770.741482965932, 2925.0501002004007, 3776.3527054108217, 457.71543086172346, 537.0741482965932, 587.5751503006012, 630.8617234468938, 688.5771543086173, 782.3647294589179, 825.6513026052105, 1027.6553106212425, 1092.5851703406813, 1135.871743486974, 1309.0180360721442, 1381.1623246492986, 1467.7354709418837, 1785.1703406813626, 1943.8877755511023, 2564.3286573146293, 3776.3527054108217]",[]
552-16-9,"['ether_co', 'aromatic_cc', 'amine_nh_secondary', 'amide_cn', 'anhydride_co', 'amide_nh', 'alkyl_halide_ccl', 'ester_co_c', 'aromatic_out_of_plane_ch', 'benzene_ring_breathing', 'alcohol_phenol_oh', 'nitro_no2_sym', 'nitro_no2_asym', 'sulfone_so2', 'alkyl_halide_cbr', 'ester_co', 'alkyl_halide_cI', 'amine_nh_primary', 'sulfate_so4', 'amine_cn']",[],"[472.1442885771543, 623.6472945891784, 666.9338677354709, 710.2204408817636, 753.5070140280561, 840.0801603206413, 883.3667334669339, 948.2965931863728, 1027.6553106212425, 1099.7995991983967, 1193.5871743486973, 1337.875751503006, 1395.5911823647293, 1446.0921843687374, 1503.807615230461, 1561.5230460921844, 1626.4529058116232, 1749.0981963927857, 2023.246492985972, 2593.186372745491, 2715.831663326653, 2939.478957915832, 3357.9158316633266, 3769.138276553106, 565.9318637274549, 623.6472945891784, 666.9338677354709, 724.6492985971944, 767.935871743487, 854.5090180360721, 1063.7274549098197, 1099.7995991983967, 1179.1583166332666, 1352.3046092184368, 1554.308617234469, 1770.741482965932, 2355.1102204408817, 3076.553106212425, 3574.3486973947897]","[216.05351170568562, 382.6086956521739]"
101-14-4,"['ether_co', 'aromatic_cc', 'amine_nh_secondary', 'amide_cn', 'amide_nh', 'alkyl_halide_ccl', 'ester_co_c', 'aromatic_out_of_plane_ch', 'benzene_ring_breathing', 'alcohol_phenol_oh', 'nitro_no2_sym', 'nitro_no2_asym', 'sulfone_so2', 'alkyl_halide_cbr', 'alkyl_halide_cI', 'amine_nh_primary', 'sulfate_so4', 'amine_cn', 'alkene_cc', 'alkene_out_of_plane_ch', 'carboxylic_acid_oh_broad', 'aldehyde_co', 'amide_co']",[],"[464.92985971943887, 522.6452905811623, 573.1462925851704, 602.004008016032, 659.7194388777555, 703.0060120240481, 746.2925851703407, 789.5791583166333, 847.2945891783568, 905.0100200400802, 991.5831663326653, 1063.7274549098197, 1114.2284569138278, 1171.943887775551, 1215.2304609218436, 1272.9458917835673, 1366.7334669338677, 1453.306613226453, 1532.6653306613227, 1662.5250501002004, 3062.124248496994, 3386.7735470941884, 3466.1322645290584, 3769.138276553106, 645.2905811623247, 710.2204408817636, 789.5791583166333, 854.5090180360721, 912.2244488977956, 1013.2264529058116, 1078.1563126252504, 1121.442885771543, 1179.1583166332666, 1229.6593186372745, 1280.1603206412826, 1345.0901803607214, 1402.805611222445, 1489.37875751503, 1554.308617234469, 1727.4549098196394, 2874.5490981963926, 3119.8396793587176, 3393.987975951904, 3531.062124248497, 3891.7835671342687]",[]
693-02-7,"['alkane_ch_sp3', 'amine_nh_primary', 'alcohol_phenol_oh', 'amide_nh', 'carboxylic_acid_oh_broad', 'alkyl_halide_cbr', 'alkyne_ch_sp', 'alkyl_halide_ccl', 'amine_nh_secondary', 'ester_co_c', 'amide_cn']",[],"[565.9318637274549, 616.4328657314629, 659.7194388777555, 1236.8737474949899, 1453.306613226453, 2095.3907815631264, 2888.9779559118238, 2932.2645290581163, 3307.4148296593185]",[]
50-00-0,"['amine_cn', 'aromatic_out_of_plane_ch', 'benzene_ring_breathing', 'alcohol_phenol_oh', 'alkene_cc', 'nitro_no2_sym', 'anhydride_co', 'ether_co', 'amide_nh', 'carboxylic_acid_oh_broad', 'alkyl_halide_ccl', 'sulfone_so2', 'amide_cn', 'ester_co_c', 'alkyl_halide_cbr', 'sulfate_so4']",[],"[609.2184368737475, 674.1482965931864, 868.937875751503, 1063.7274549098197, 1114.2284569138278, 1186.372745490982, 1345.0901803607214, 1633.6673346693387, 2073.7474949899797, 2816.8336673346694, 2946.693386773547, 3242.4849699398796, 3574.3486973947897, 609.2184368737475, 782.3647294589179, 962.7254509018036, 1020.440881763527, 1056.5130260521041, 1099.7995991983967, 1143.0861723446894, 1186.372745490982, 1258.5170340681361, 1424.4488977955912, 1482.1643286573146, 1525.4509018036072, 1619.2384769539078, 1749.0981963927857, 1835.6713426853707, 2787.9759519038075, 2845.691382765531, 3011.623246492986, 3220.8416833667334, 3473.3466933867735, 3884.569138276553]",[]
294-62-2,"['alkane_ch_sp3', 'amine_cn', 'aromatic_out_of_plane_ch', 'nitro_no2_sym', 'alkene_out_of_plane_ch', 'nitro_no2_asym', 'ether_co', 'alkyl_halide_ccl', 'carboxylic_acid_oh_broad', 'aromatic_cc', 'amide_cn', 'alkyl_halide_cbr', 'sulfate_so4']",[],"[710.2204408817636, 1438.877755511022, 2860.120240480962, 2917.8356713426856, 2961.122244488978, 486.5731462925852, 645.2905811623247, 739.0781563126252, 840.0801603206413, 984.3687374749499, 1114.2284569138278, 1265.7314629258517, 1323.4468937875752, 1388.3767535070142, 1554.308617234469, 2463.3266533066135, 2766.3326653306613, 2888.9779559118238, 3494.9899799599198]",[]
691-37-2,"['aromatic_ch', 'ether_co', 'aromatic_cc', 'amide_cn', 'alkyl_halide_ccl', 'ester_co_c', 'aromatic_out_of_plane_ch', 'benzene_ring_breathing', 'nitro_no2_sym', 'nitro_no2_asym', 'sulfone_so2', 'alkyl_halide_cbr', 'alkyl_halide_cI', 'sulfate_so4', 'alkane_ch_sp3', 'amine_cn', 'alkene_cc', 'alkene_ch_sp2', 'alkene_out_of_plane_ch', 'carboxylic_acid_oh_broad', 'amide_co']",[],"[472.1442885771543, 529.8597194388777, 767.935871743487, 854.5090180360721, 883.3667334669339, 955.5110220440882, 1020.440881763527, 1078.1563126252504, 1143.0861723446894, 1200.801603206413, 1352.3046092184368, 1410.0200400801605, 1511.0220440881765, 1619.2384769539078, 1669.739478957916, 1915.0300601202405, 3040.4809619238476, 3783.5671342685373, 602.004008016032, 912.2244488977956, 991.5831663326653, 1157.5150300601204, 1366.7334669338677, 1438.877755511022, 1633.6673346693387, 2910.62124248497, 2953.9078156312626, 2997.194388777555, 3076.553106212425, 746.2925851703407, 840.0801603206413, 941.0821643286573, 1013.2264529058116, 1063.7274549098197, 1128.6573146292585, 1186.372745490982, 1301.803607214429, 1402.805611222445, 1539.879759519038, 1756.312625250501, 2023.246492985972, 3040.4809619238476, 3783.5671342685373]",[]
507-20-0,"['amine_cn', 'aromatic_out_of_plane_ch', 'alkyne_cc', 'nitro_no2_sym', 'alkene_out_of_plane_ch', 'amide_nh', 'alkyl_halide_ccl', 'alkyl_halide_cbr', 'carboxylic_acid_oh_broad', 'amide_cn', 'ester_co_c', 'alkyl_halide_cI']",[],"[414.42885771543087, 537.0741482965932, 782.3647294589179, 861.7234468937876, 948.2965931863728, 1208.0160320641282, 1294.5891783567135, 1417.2344689378758, 1568.7374749498997, 2080.9619238476953, 2203.607214428858, 2319.0380761523047, 2521.0420841683367, 2744.689378757515, 3119.8396793587176, 3307.4148296593185, 3422.8456913827654, 3704.2084168336673, 3877.3547094188375, 457.71543086172346, 501.002004008016, 558.7174348697395, 796.7935871743487, 890.5811623246493, 1150.3006012024048, 1200.801603206413, 1359.5190380761524, 1446.0921843687374, 2968.3366733466933, 3235.2705410821645]",[]
462-06-6,"['alkane_ch_sp3', 'amine_cn', 'aromatic_out_of_plane_ch', 'benzene_ring_breathing', 'alkene_cc', 'aromatic_ch', 'alkene_out_of_plane_ch', 'nitro_no2_asym', 'alkene_ch_sp2', 'ether_co', 'aromatic_cc', 'carboxylic_acid_oh_broad', 'alkyl_halide_ccl', 'amide_cn', 'ester_co_c', 'alkyl_halide_cI', 'alkyl_halide_cbr', 'sulfate_so4']",[],"[457.71543086172346, 544.2885771543087, 710.2204408817636, 782.3647294589179, 854.5090180360721, 926.6533066132265, 1034.8697394789579, 1092.5851703406813, 1186.372745490982, 1280.1603206412826, 1352.3046092184368, 1410.0200400801605, 1547.0941883767534, 1655.310621242485, 1734.6693386773547, 1799.5991983967936, 1893.3867735470942, 1994.3887775551102, 2145.8917835671346, 2340.681362725451, 2535.4709418837674, 2802.4048096192387, 2989.9799599198395, 3769.138276553106, 479.35871743486973, 674.1482965931864, 746.2925851703407, 796.7935871743487, 876.1523046092184, 1042.0841683366734, 1150.3006012024048, 1186.372745490982, 1229.6593186372745, 1316.2324649298598, 1431.6633266533067, 1474.9498997995993, 1525.4509018036072, 1590.3807615230462, 1915.0300601202405, 3076.553106212425, 472.1442885771543, 587.5751503006012, 717.4348697394789, 789.5791583166333, 861.7234468937876, 926.6533066132265, 1042.0841683366734, 1092.5851703406813, 1179.1583166332666, 1373.947895791583, 1547.0941883767534, 1655.310621242485, 1741.88376753507, 1806.8136272545091, 1900.6012024048096, 2001.6032064128258, 2117.0340681362723, 2347.895791583166, 2917.8356713426856, 3401.202404809619, 3790.7815631262524]","[206.02006688963212, 248.16053511705684, 262.2073578595318]"
75-38-7,"['amine_cn', 'aromatic_out_of_plane_ch', 'benzene_ring_breathing', 'alkene_cc', 'ketone_co', 'alkene_out_of_plane_ch', 'nitro_no2_asym', 'ether_co', 'aromatic_cc', 'alkyl_halide_ccl', 'alkyl_halide_cbr', 'amide_cn', 'ester_co_c', 'alkyl_halide_cI', 'carboxylic_acid_co', 'amide_co', 'sulfate_so4']",[],"[472.1442885771543, 659.7194388777555, 876.1523046092184, 1027.6553106212425, 1539.879759519038, 1662.5250501002004, 1785.1703406813626, 1951.1022044088177, 2362.3246492985973, 2852.9058116232463, 3761.923847695391, 486.5731462925852, 529.8597194388777, 695.7915831663327, 775.1503006012024, 840.0801603206413, 905.0100200400802, 1049.2985971943888, 1114.2284569138278, 1157.5150300601204, 1200.801603206413, 1229.6593186372745, 1388.3767535070142, 1669.739478957916, 2095.3907815631264, 2355.1102204408817, 3783.5671342685373, 558.7174348697395, 753.5070140280561, 789.5791583166333, 919.438877755511, 1229.6593186372745, 1280.1603206412826, 1359.5190380761524, 1597.5951903807616, 1713.0260521042085, 1878.9579158316633]",[]
470-82-6,"['alkane_ch_sp3', 'amine_cn', 'aromatic_out_of_plane_ch', 'benzene_ring_breathing', 'nitro_no2_sym', 'alkene_out_of_plane_ch', 'ether_co', 'aromatic_cc', 'carboxylic_acid_oh_broad', 'alkyl_halide_ccl', 'sulfone_so2', 'amide_cn', 'ester_co_c', 'alkyl_halide_cI', 'alkyl_halide_cbr', 'sulfate_so4']",[],"[832.8657314629259, 977.1543086172345, 1070.941883767535, 1150.3006012024048, 1200.801603206413, 1287.374749498998, 1359.5190380761524, 1446.0921843687374, 2874.5490981963926, 2917.8356713426856, 2953.9078156312626, 428.85771543086173, 551.5030060120241, 594.7895791583167, 739.0781563126252, 789.5791583166333, 825.6513026052105, 868.937875751503, 897.7955911823647, 941.0821643286573, 1034.8697394789579, 1128.6573146292585, 1193.5871743486973, 1258.5170340681361, 1287.374749498998, 1330.6613226452905, 1402.805611222445, 1496.5931863727455, 1777.9559118236473, 1958.316633266533, 2448.8977955911823, 3783.5671342685373]",[]
584-84-9,"['amine_cn', 'aromatic_out_of_plane_ch', 'benzene_ring_breathing', 'thiol_sh', 'nitro_no2_sym', 'alkene_out_of_plane_ch', 'nitro_no2_asym', 'ether_co', 'isocyanate_nco', 'amide_nh', 'carboxylic_acid_oh_broad', 'aromatic_cc', 'alkyl_halide_ccl', 'amide_cn', 'ester_co_c', 'alkyl_halide_cI', 'alkyl_halide_cbr', 'sulfate_so4']",[],"[428.85771543086173, 486.5731462925852, 594.7895791583167, 674.1482965931864, 724.6492985971944, 789.5791583166333, 832.8657314629259, 969.939879759519, 1013.2264529058116, 1049.2985971943888, 1092.5851703406813, 1186.372745490982, 1229.6593186372745, 1316.2324649298598, 1417.2344689378758, 1474.9498997995993, 1554.308617234469, 1597.5951903807616, 1698.5971943887776, 1756.312625250501, 1806.8136272545091, 1929.4589178356714, 2614.8296593186374, 3112.625250501002, 3242.4849699398796, 3567.134268537074, 3783.5671342685373, 594.7895791583167, 796.7935871743487, 876.1523046092184, 1511.0220440881765, 1597.5951903807616, 2268.5370741482966, 2319.0380761523047]","[234.11371237458195, 260.2006688963211, 282.2742474916388]"
594-20-7,"['amine_cn', 'aromatic_out_of_plane_ch', 'alkene_out_of_plane_ch', 'ether_co', 'aromatic_cc', 'carboxylic_acid_oh_broad', 'alkyl_halide_ccl', 'amide_cn', 'alkyl_halide_cI', 'alkyl_halide_cbr', 'sulfate_so4']",[],"[501.002004008016, 594.7895791583167, 753.5070140280561, 890.5811623246493, 948.2965931863728, 1135.871743486974, 1272.9458917835673, 1410.0200400801605, 1482.1643286573146, 1900.6012024048096, 2499.3987975951904, 2881.763527054108, 2961.122244488978, 3776.3527054108217]",[]
107-21-1,"['alkane_ch_sp3', 'amine_cn', 'aromatic_out_of_plane_ch', 'benzene_ring_breathing', 'nitro_no2_sym', 'aromatic_ch', 'alkene_ch_sp2', 'alkene_out_of_plane_ch', 'ether_co', 'aromatic_cc', 'carboxylic_acid_oh_broad', 'alkyl_halide_cbr', 'amide_cn', 'ester_co_c', 'alkyl_halide_cI', 'sulfate_so4']",[],"[464.92985971943887, 832.8657314629259, 962.7254509018036, 1063.7274549098197, 1157.5150300601204, 1236.8737474949899, 1438.877755511022, 1575.9519038076153, 2340.681362725451, 2903.4068136272545, 3011.623246492986, 3776.3527054108217, 515.4308617234469, 861.7234468937876, 1034.8697394789579, 1078.1563126252504, 1236.8737474949899, 1359.5190380761524, 2917.8356713426856, 3632.064128256513]",[]
107-30-2,"['alkane_ch_sp3', 'amine_cn', 'aromatic_out_of_plane_ch', 'benzene_ring_breathing', 'alkyne_cc', 'nitro_no2_sym', 'alkene_out_of_plane_ch', 'ether_co', 'aromatic_cc', 'carboxylic_acid_oh_broad', 'alkyl_halide_cbr', 'sulfone_so2', 'alkyl_halide_ccl', 'amide_cn', 'ester_co_c', 'alkyl_halide_cI', 'sulfate_so4']",[],"[472.1442885771543, 537.0741482965932, 832.8657314629259, 977.1543086172345, 1034.8697394789579, 1164.7294589178357, 1258.5170340681361, 1301.803607214429, 1417.2344689378758, 1503.807615230461, 1965.5310621242486, 2073.7474949899797, 2145.8917835671346, 2484.9699398797597, 2867.3346693386775, 2917.8356713426856, 2989.9799599198395, 3783.5671342685373, 544.2885771543087, 753.5070140280561, 840.0801603206413, 969.939879759519, 1056.5130260521041, 1164.7294589178357, 1244.0881763527054, 1294.5891783567135, 1373.947895791583, 1539.879759519038, 1684.1683366733466, 1907.8156312625251, 2095.3907815631264, 2160.3206412825652, 2290.180360721443, 2347.895791583166, 2521.0420841683367, 2867.3346693386775, 2997.194388777555, 3783.5671342685373, 544.2885771543087, 746.2925851703407, 832.8657314629259, 962.7254509018036, 1056.5130260521041, 1164.7294589178357, 1236.8737474949899, 1287.374749498998, 1373.947895791583, 1532.6653306613227, 1684.1683366733466, 1907.8156312625251, 2088.176352705411, 2160.3206412825652, 2282.9659318637277, 2340.681362725451, 2528.2565130260523, 2867.3346693386775, 2989.9799599198395, 3783.5671342685373, 544.2885771543087, 746.2925851703407, 832.8657314629259, 962.7254509018036, 1049.2985971943888, 1157.5150300601204, 1236.8737474949899, 1287.374749498998, 1373.947895791583, 1539.879759519038, 1684.1683366733466, 1907.8156312625251, 2095.3907815631264, 2160.3206412825652, 2340.681362725451, 2528.2565130260523, 2860.120240480962, 2989.9799599198395, 3783.5671342685373]",[]
80-62-6,"['alkane_ch_sp3', 'amine_cn', 'aromatic_out_of_plane_ch', 'benzene_ring_breathing', 'alkene_cc', 'nitro_no2_sym', 'alkene_out_of_plane_ch', 'ether_co', 'alkyl_halide_ccl', 'carboxylic_acid_oh_broad', 'sulfone_so2', 'aldehyde_co', 'aromatic_cc', 'amide_cn', 'ester_co_c', 'alkyl_halide_cI', 'alkyl_halide_cbr', 'sulfate_so4']",[],"[638.0761523046092, 796.7935871743487, 919.438877755511, 998.7975951903808, 1107.0140280561122, 1150.3006012024048, 1309.0180360721442, 1431.6633266533067, 1633.6673346693387, 1727.4549098196394, 2953.9078156312626, 472.1442885771543, 565.9318637274549, 623.6472945891784, 703.0060120240481, 897.7955911823647, 969.939879759519, 1056.5130260521041, 1258.5170340681361, 1366.7334669338677, 1417.2344689378758, 1583.1663326653306, 1676.9539078156313, 1842.885771543086, 2304.6092184368736, 2319.0380761523047, 2535.4709418837674, 2881.763527054108, 3083.76753507014, 3329.058116232465, 3776.3527054108217]","[234.11371237458195, 274.24749163879596]"
78-59-1,"['aromatic_ch', 'ether_co', 'aromatic_cc', 'amide_cn', 'amide_nh', 'alkyl_halide_ccl', 'ester_co_c', 'aromatic_out_of_plane_ch', 'benzene_ring_breathing', 'nitro_no2_sym', 'nitro_no2_asym', 'sulfone_so2', 'alkyl_halide_cbr', 'alkyl_halide_cI', 'sulfate_so4', 'alkane_ch_sp3', 'amine_cn', 'alkene_cc', 'alkene_out_of_plane_ch', 'carboxylic_acid_oh_broad', 'amide_co']",[],"[515.4308617234469, 883.3667334669339, 1121.442885771543, 1229.6593186372745, 1352.3046092184368, 1438.877755511022, 1633.6673346693387, 1676.9539078156313, 1720.2404809619238, 2874.5490981963926, 2953.9078156312626, 3033.2665330661325, 486.5731462925852, 609.2184368737475, 876.1523046092184, 933.8677354709419, 1063.7274549098197, 1164.7294589178357, 1251.302605210421, 1323.4468937875752, 1402.805611222445, 1503.807615230461, 1655.310621242485, 1886.1723446893789, 2910.62124248497, 2997.194388777555, 3292.9859719438878, 3422.8456913827654]","[206.02006688963212, 234.11371237458195, 312.3745819397993, 342.47491638795987]"
78-78-4,"['alkane_ch_sp3', 'amine_cn', 'aromatic_out_of_plane_ch', 'aromatic_ch', 'ether_co', 'alkyl_halide_ccl', 'carboxylic_acid_oh_broad', 'amide_cn', 'ester_co_c', 'alkyl_halide_cI', 'sulfate_so4']",[],"[479.35871743486973, 710.2204408817636, 861.7234468937876, 941.0821643286573, 998.7975951903808, 1099.7995991983967, 1222.4448897795592, 1323.4468937875752, 1424.4488977955912, 1525.4509018036072, 2016.0320641282565, 2665.3306613226455, 2766.3326653306613, 3033.2665330661325, 3098.1963927855713, 3256.913827655311, 3776.3527054108217, 1359.5190380761524, 1453.306613226453, 2910.62124248497, 2953.9078156312626, 3004.4088176352707]",[]
57-13-6,"['aromatic_out_of_plane_ch', 'amide_nh', 'aromatic_cc', 'alkyl_halide_ccl', 'amide_cn', 'amine_nh_secondary', 'alkyl_halide_cI', 'amine_nh_primary']",[],"[464.92985971943887, 681.3627254509017, 767.935871743487, 811.2224448897796, 1265.7314629258517, 1496.5931863727455, 1662.5250501002004, 1929.4589178356714, 2369.539078156313, 3379.559118236473, 3610.4208416833667, 3783.5671342685373]","[226.08695652173913, 242.14046822742475]"
75-21-8,"['alkane_ch_sp3', 'amine_cn', 'aromatic_out_of_plane_ch', 'benzene_ring_breathing', 'nitro_no2_sym', 'aromatic_ch', 'alkene_ch_sp2', 'ether_co', 'carboxylic_acid_oh_broad', 'amide_cn', 'ester_co_c', 'alkyl_halide_cI', 'sulfate_so4']",[],"[868.937875751503, 1143.0861723446894, 1251.302605210421, 1474.9498997995993, 1640.881763527054, 2903.4068136272545, 2932.2645290581163, 2989.9799599198395, 3033.2665330661325, 3098.1963927855713, 854.5090180360721, 868.937875751503, 1143.0861723446894, 1251.302605210421, 1640.881763527054, 2246.8937875751503, 3033.2665330661325, 3098.1963927855713, 3855.7114228456912, 854.5090180360721, 897.7955911823647, 1143.0861723446894, 1272.9458917835673, 1640.881763527054, 2268.5370741482966, 3018.8376753507014, 3033.2665330661325, 3090.9819639278558, 3855.7114228456912, 868.937875751503, 1150.3006012024048, 1265.7314629258517, 1640.881763527054, 2246.8937875751503, 2989.9799599198395, 3033.2665330661325, 3069.3386773547095, 3098.1963927855713, 3826.85370741483, 854.5090180360721, 868.937875751503, 1143.0861723446894, 1251.302605210421, 1640.881763527054, 2246.8937875751503, 3033.2665330661325, 3098.1963927855713, 3855.7114228456912, 854.5090180360721, 868.937875751503, 1143.0861723446894, 1251.302605210421, 1640.881763527054, 2246.8937875751503, 3033.2665330661325, 3098.1963927855713, 3855.7114228456912, 868.937875751503, 1143.0861723446894, 1294.5891783567135, 1482.1643286573146, 1640.881763527054, 2939.478957915832, 3033.2665330661325, 3098.1963927855713, 472.1442885771543, 638.0761523046092, 1034.8697394789579, 1208.0160320641282, 1359.5190380761524, 1583.1663326653306, 2513.827655310621, 2953.9078156312626, 3083.76753507014, 3783.5671342685373, 868.937875751503, 1143.0861723446894, 1251.302605210421, 1474.9498997995993, 1640.881763527054, 2903.4068136272545, 2932.2645290581163, 2989.9799599198395, 3033.2665330661325, 3098.1963927855713, 854.5090180360721, 868.937875751503, 1150.3006012024048, 1258.5170340681361, 1640.881763527054, 2246.8937875751503, 3033.2665330661325, 3098.1963927855713, 3855.7114228456912, 854.5090180360721, 897.7955911823647, 1143.0861723446894, 1272.9458917835673, 1640.881763527054, 2268.5370741482966, 2946.693386773547, 3018.8376753507014, 3033.2665330661325, 868.937875751503, 1143.0861723446894, 1294.5891783567135, 1482.1643286573146, 1640.881763527054, 2939.478957915832, 3033.2665330661325, 3098.1963927855713, 868.937875751503, 1143.0861723446894, 1251.302605210421, 1482.1643286573146, 1640.881763527054, 3033.2665330661325, 3054.909819639279, 3098.1963927855713, 3826.85370741483, 854.5090180360721, 897.7955911823647, 1143.0861723446894, 1272.9458917835673, 1640.881763527054, 2268.5370741482966, 3018.8376753507014, 3033.2665330661325, 3090.9819639278558, 3855.7114228456912, 854.5090180360721, 868.937875751503, 1150.3006012024048, 1251.302605210421, 1640.881763527054, 2246.8937875751503, 3033.2665330661325, 3098.1963927855713, 3855.7114228456912, 868.937875751503, 1143.0861723446894, 1251.302605210421, 1482.1643286573146, 1640.881763527054, 3033.2665330661325, 3069.3386773547095, 3098.1963927855713, 3826.85370741483, 868.937875751503, 1143.0861723446894, 1251.302605210421, 1474.9498997995993, 1640.881763527054, 2903.4068136272545, 2932.2645290581163, 2989.9799599198395, 3033.2665330661325, 3098.1963927855713, 854.5090180360721, 897.7955911823647, 1143.0861723446894, 1272.9458917835673, 1640.881763527054, 2268.5370741482966, 3018.8376753507014, 3033.2665330661325, 3090.9819639278558, 3855.7114228456912, 868.937875751503, 1143.0861723446894, 1251.302605210421, 1474.9498997995993, 1640.881763527054, 2903.4068136272545, 2932.2645290581163, 2989.9799599198395, 3033.2665330661325, 3098.1963927855713, 868.937875751503, 1143.0861723446894, 1251.302605210421, 1482.1643286573146, 1640.881763527054, 3033.2665330661325, 3069.3386773547095, 3098.1963927855713, 3848.496993987976, 868.937875751503, 1143.0861723446894, 1294.5891783567135, 1482.1643286573146, 1640.881763527054, 2939.478957915832, 3033.2665330661325, 3098.1963927855713, 854.5090180360721, 897.7955911823647, 1143.0861723446894, 1272.9458917835673, 1640.881763527054, 2268.5370741482966, 3018.8376753507014, 3033.2665330661325, 3090.9819639278558, 3855.7114228456912, 868.937875751503, 1143.0861723446894, 1251.302605210421, 1482.1643286573146, 1640.881763527054, 3033.2665330661325, 3069.3386773547095, 3098.1963927855713, 3826.85370741483, 868.937875751503, 1143.0861723446894, 1251.302605210421, 1474.9498997995993, 1640.881763527054, 2903.4068136272545, 2932.2645290581163, 2989.9799599198395, 3033.2665330661325, 3098.1963927855713, 868.937875751503, 1143.0861723446894, 1294.5891783567135, 1482.1643286573146, 1640.881763527054, 2939.478957915832, 3033.2665330661325, 3098.1963927855713, 868.937875751503, 1143.0861723446894, 1251.302605210421, 1482.1643286573146, 1640.881763527054, 3033.2665330661325, 3069.3386773547095, 3098.1963927855713, 3848.496993987976]",[]
57-50-1,"['amine_cn', 'aromatic_out_of_plane_ch', 'benzene_ring_breathing', 'alcohol_phenol_oh', 'aromatic_ch', 'alkene_out_of_plane_ch', 'ether_co', 'aromatic_cc', 'carboxylic_acid_oh_broad', 'alkyl_halide_ccl', 'amide_cn', 'ester_co_c', 'alkyl_halide_cI', 'sulfate_so4']",[],"[472.1442885771543, 659.7194388777555, 710.2204408817636, 811.2224448897796, 890.5811623246493, 962.7254509018036, 1027.6553106212425, 1099.7995991983967, 1193.5871743486973, 1265.7314629258517, 1301.803607214429, 1395.5911823647293, 1575.9519038076153, 3004.4088176352707, 3523.8476953907816, 3617.6352705410823, 3783.5671342685373]",[]
100-52-7,"['aromatic_ch', 'ether_co', 'aromatic_cc', 'amide_cn', 'carboxylic_acid_co', 'alkyl_halide_ccl', 'amide_nh', 'ester_co_c', 'aromatic_out_of_plane_ch', 'benzene_ring_breathing', 'nitro_no2_sym', 'nitro_no2_asym', 'alkyl_halide_cbr', 'alkyl_halide_cI', 'sulfate_so4', 'amine_cn', 'alkene_cc', 'ketone_co', 'alkene_out_of_plane_ch', 'carboxylic_acid_oh_broad', 'amide_co']",[],"[674.1482965931864, 724.6492985971944, 811.2224448897796, 1070.941883767535, 1193.5871743486973, 1294.5891783567135, 1438.877755511022, 1590.3807615230462, 1713.0260521042085, 1756.312625250501, 2715.831663326653, 2795.190380761523, 3069.3386773547095, 450.501002004008, 558.7174348697395, 666.9338677354709, 710.2204408817636, 767.935871743487, 847.2945891783568, 941.0821643286573, 1121.442885771543, 1179.1583166332666, 1229.6593186372745, 1366.7334669338677, 1431.6633266533067, 1482.1643286573146, 1575.9519038076153, 1633.6673346693387, 1676.9539078156313, 1871.743486973948, 2441.6833667334668, 2759.118236472946, 2888.9779559118238, 3127.0541082164327, 3747.49498997996, 421.64328657314627, 594.7895791583167, 666.9338677354709, 710.2204408817636, 767.935871743487, 1042.0841683366734, 1107.0140280561122, 1179.1583166332666, 1222.4448897795592, 1359.5190380761524, 1547.0941883767534, 1626.4529058116232, 1684.1683366733466, 1734.6693386773547, 2066.5330661322646, 2759.118236472946, 2946.693386773547]","[250.16722408026754, 278.2608695652174, 328.428093645485, 338.46153846153845, 354.5150501672241, 366.5551839464883]"
79-01-6,"['alkane_ch_sp3', 'amine_cn', 'aromatic_out_of_plane_ch', 'alkyne_cc', 'nitro_no2_sym', 'aromatic_ch', 'alkene_out_of_plane_ch', 'alkene_ch_sp2', 'ether_co', 'alkyl_halide_ccl', 'carboxylic_acid_oh_broad', 'alkyl_halide_cbr', 'amide_nh', 'sulfone_so2', 'amide_cn', 'ester_co_c', 'alkyl_halide_cI', 'sulfate_so4']",[],"[630.8617234468938, 782.3647294589179, 847.2945891783568, 941.0821643286573, 1251.302605210421, 1561.5230460921844, 3098.1963927855713, 630.8617234468938, 782.3647294589179, 847.2945891783568, 941.0821643286573, 1258.5170340681361, 1561.5230460921844, 3098.1963927855713, 630.8617234468938, 782.3647294589179, 847.2945891783568, 941.0821643286573, 1251.302605210421, 1561.5230460921844, 3098.1963927855713, 630.8617234468938, 782.3647294589179, 847.2945891783568, 941.0821643286573, 1258.5170340681361, 1583.1663326653306, 3098.1963927855713, 630.8617234468938, 782.3647294589179, 847.2945891783568, 941.0821643286573, 1251.302605210421, 1561.5230460921844, 3090.9819639278558, 630.8617234468938, 789.5791583166333, 847.2945891783568, 941.0821643286573, 1251.302605210421, 1561.5230460921844, 3098.1963927855713, 630.8617234468938, 782.3647294589179, 847.2945891783568, 941.0821643286573, 1251.302605210421, 1583.1663326653306, 3098.1963927855713, 630.8617234468938, 782.3647294589179, 847.2945891783568, 941.0821643286573, 1258.5170340681361, 1583.1663326653306, 3098.1963927855713, 630.8617234468938, 782.3647294589179, 847.2945891783568, 941.0821643286573, 1251.302605210421, 1561.5230460921844, 3090.9819639278558, 428.85771543086173, 522.6452905811623, 652.5050100200401, 688.5771543086173, 811.2224448897796, 883.3667334669339, 1078.1563126252504, 1164.7294589178357, 1337.875751503006, 1705.811623246493, 1821.2424849699398, 2124.248496993988, 2542.685370741483, 2860.120240480962, 3134.2685370741483, 3639.2785571142285, 3769.138276553106, 3978.3567134268537, 630.8617234468938, 782.3647294589179, 847.2945891783568, 941.0821643286573, 1251.302605210421, 1583.1663326653306, 3098.1963927855713, 630.8617234468938, 782.3647294589179, 847.2945891783568, 941.0821643286573, 1251.302605210421, 1561.5230460921844, 3090.9819639278558, 630.8617234468938, 782.3647294589179, 847.2945891783568, 941.0821643286573, 1251.302605210421, 1561.5230460921844, 3090.9819639278558, 630.8617234468938, 782.3647294589179, 847.2945891783568, 941.0821643286573, 1251.302605210421, 1561.5230460921844, 3090.9819639278558, 630.8617234468938, 782.3647294589179, 847.2945891783568, 941.0821643286573, 1258.5170340681361, 1583.1663326653306, 3098.1963927855713, 630.8617234468938, 782.3647294589179, 847.2945891783568, 941.0821643286573, 1251.302605210421, 1583.1663326653306, 3098.1963927855713, 630.8617234468938, 789.5791583166333, 847.2945891783568, 941.0821643286573, 1251.302605210421, 1561.5230460921844, 3098.1963927855713, 630.8617234468938, 782.3647294589179, 847.2945891783568, 941.0821643286573, 1251.302605210421, 1561.5230460921844, 3098.1963927855713, 630.8617234468938, 782.3647294589179, 847.2945891783568, 941.0821643286573, 1251.302605210421, 1561.5230460921844, 3098.1963927855713, 630.8617234468938, 789.5791583166333, 847.2945891783568, 941.0821643286573, 1251.302605210421, 1561.5230460921844, 3098.1963927855713, 479.35871743486973, 666.9338677354709, 818.4368737474949, 876.1523046092184, 977.1543086172345, 1186.372745490982, 1366.7334669338677, 2917.8356713426856, 3134.2685370741483, 3783.5671342685373, 630.8617234468938, 782.3647294589179, 847.2945891783568, 941.0821643286573, 1251.302605210421, 1583.1663326653306, 3098.1963927855713, 450.501002004008, 616.4328657314629, 767.935871743487, 832.8657314629259, 919.438877755511, 1236.8737474949899, 1554.308617234469, 3076.553106212425, 630.8617234468938, 782.3647294589179, 847.2945891783568, 941.0821643286573, 1251.302605210421, 1583.1663326653306, 3098.1963927855713, 630.8617234468938, 789.5791583166333, 847.2945891783568, 941.0821643286573, 1251.302605210421, 1561.5230460921844, 3098.1963927855713, 630.8617234468938, 782.3647294589179, 847.2945891783568, 941.0821643286573, 1251.302605210421, 1561.5230460921844, 3098.1963927855713, 630.8617234468938, 782.3647294589179, 847.2945891783568, 941.0821643286573, 1258.5170340681361, 1583.1663326653306, 3098.1963927855713, 630.8617234468938, 789.5791583166333, 847.2945891783568, 941.0821643286573, 1251.302605210421, 1561.5230460921844, 3098.1963927855713]",[]
50-78-2,"['ether_co', 'aromatic_cc', 'amine_nh_secondary', 'amide_cn', 'amide_nh', 'alkyl_halide_ccl', 'ester_co_c', 'aromatic_out_of_plane_ch', 'benzene_ring_breathing', 'alkyne_cc', 'nitro_no2_sym', 'nitro_no2_asym', 'sulfone_so2', 'amine_nh_primary', 'sulfate_so4', 'amine_cn', 'alkene_cc', 'alkene_out_of_plane_ch', 'aldehyde_co']",[],"[695.7915831663327, 724.6492985971944, 775.1503006012024, 818.4368737474949, 861.7234468937876, 955.5110220440882, 991.5831663326653, 1063.7274549098197, 1114.2284569138278, 1244.0881763527054, 1345.0901803607214, 1395.5911823647293, 1438.877755511022, 1511.0220440881765, 1633.6673346693387, 1727.4549098196394, 2117.0340681362723, 2723.0460921843687, 3408.4168336673347]",[216.05351170568562]
76-01-7,"['amine_cn', 'aromatic_out_of_plane_ch', 'alkyne_cc', 'alkene_out_of_plane_ch', 'ether_co', 'amide_nh', 'alkyl_halide_ccl', 'alkyl_halide_cbr', 'amide_cn', 'ester_co_c', 'alkyl_halide_cI', 'sulfate_so4']",[],"[464.92985971943887, 558.7174348697395, 609.2184368737475, 703.0060120240481, 746.2925851703407, 796.7935871743487, 847.2945891783568, 890.5811623246493, 933.8677354709419, 1128.6573146292585, 1236.8737474949899, 1395.5911823647293, 2153.1062124248497, 3119.8396793587176, 3776.3527054108217, 565.9318637274549, 616.4328657314629, 710.2204408817636, 753.5070140280561, 804.0080160320641, 998.7975951903808, 1193.5871743486973, 2989.9799599198395]",[]
534-52-1,"['ether_co', 'aromatic_cc', 'amide_cn', 'amine_nh_secondary', 'amide_nh', 'alkyl_halide_ccl', 'ester_co_c', 'aromatic_out_of_plane_ch', 'benzene_ring_breathing', 'alkyne_cc', 'nitro_no2_sym', 'nitro_no2_asym', 'sulfone_so2', 'alkyl_halide_cbr', 'alkyl_halide_cI', 'sulfate_so4', 'amine_nh_primary', 'amine_cn', 'alkene_cc', 'alkene_out_of_plane_ch', 'carboxylic_acid_oh_broad', 'amide_co']",[],"[695.7915831663327, 796.7935871743487, 912.2244488977956, 998.7975951903808, 1078.1563126252504, 1157.5150300601204, 1258.5170340681361, 1330.6613226452905, 1431.6633266533067, 1554.308617234469, 1597.5951903807616, 1640.881763527054, 2925.0501002004007, 3191.983967935872, 573.1462925851704, 674.1482965931864, 760.7214428857715, 825.6513026052105, 890.5811623246493, 933.8677354709419, 969.939879759519, 1034.8697394789579, 1121.442885771543, 1193.5871743486973, 1301.803607214429, 1410.0200400801605, 1453.306613226453, 1489.37875751503, 1597.5951903807616, 1756.312625250501, 1936.6733466933867, 2117.0340681362723, 2492.184368737475, 2896.1923847695393, 3018.8376753507014, 3134.2685370741483, 3783.5671342685373, 472.1442885771543, 609.2184368737475, 659.7194388777555, 782.3647294589179, 840.0801603206413, 969.939879759519, 1034.8697394789579, 1114.2284569138278, 1179.1583166332666, 1287.374749498998, 1395.5911823647293, 1438.877755511022, 1489.37875751503, 1575.9519038076153, 1662.5250501002004, 1821.2424849699398, 3134.2685370741483, 3393.987975951904, 3769.138276553106]",[]
72-54-8,"['amine_cn', 'aromatic_out_of_plane_ch', 'benzene_ring_breathing', 'aromatic_ch', 'alkene_out_of_plane_ch', 'nitro_no2_asym', 'alkene_ch_sp2', 'ether_co', 'aromatic_cc', 'alkyl_halide_ccl', 'alkyl_halide_cbr', 'carboxylic_acid_oh_broad', 'amide_cn', 'ester_co_c', 'alkyl_halide_cI', 'sulfate_so4']",[],"[472.1442885771543, 551.5030060120241, 609.2184368737475, 688.5771543086173, 731.8637274549098, 789.5791583166333, 840.0801603206413, 919.438877755511, 991.5831663326653, 1070.941883767535, 1135.871743486974, 1258.5170340681361, 1381.1623246492986, 1431.6633266533067, 1518.2364729458918, 1648.0961923847697, 1814.0280561122245, 2138.677354709419, 2824.048096192385, 3011.623246492986, 3379.559118236473, 3769.138276553106, 573.1462925851704, 652.5050100200401, 695.7915831663327, 746.2925851703407, 804.0080160320641, 1006.0120240480962, 1092.5851703406813, 1215.2304609218436, 1395.5911823647293, 1446.0921843687374, 1474.9498997995993, 1503.807615230461, 1575.9519038076153, 1756.312625250501, 1878.9579158316633, 2896.1923847695393, 3018.8376753507014, 3076.553106212425, 3574.3486973947897]",[]
78-83-1,"['alkane_ch_sp3', 'amine_cn', 'aromatic_out_of_plane_ch', 'benzene_ring_breathing', 'alcohol_phenol_oh', 'nitro_no2_sym', 'aromatic_ch', 'alkene_ch_sp2', 'alkene_out_of_plane_ch', 'ether_co', 'alkyl_halide_ccl', 'carboxylic_acid_oh_broad', 'alkyl_halide_cbr', 'amide_cn', 'ester_co_c', 'alkyl_halide_cI', 'sulfate_so4']",[],"[775.1503006012024, 969.939879759519, 1070.941883767535, 1135.871743486974, 1280.1603206412826, 1424.4488977955912, 2333.4669338677354, 2896.1923847695393, 3083.76753507014, 3588.7775551102204, 3783.5671342685373, 472.1442885771543, 753.5070140280561, 854.5090180360721, 969.939879759519, 1143.0861723446894, 1287.374749498998, 1431.6633266533067, 2513.827655310621, 2903.4068136272545, 3559.9198396793586, 3783.5671342685373, 472.1442885771543, 1034.8697394789579, 1078.1563126252504, 1222.4448897795592, 1366.7334669338677, 1460.5210420841684, 2874.5490981963926, 2953.9078156312626, 3004.4088176352707, 3668.1362725450904, 421.64328657314627, 522.6452905811623, 796.7935871743487, 847.2945891783568, 919.438877755511, 969.939879759519, 1085.370741482966, 1157.5150300601204, 1200.801603206413, 1265.7314629258517, 1301.803607214429, 1431.6633266533067, 1554.308617234469, 1857.314629258517, 2210.821643286573, 2896.1923847695393, 3040.4809619238476, 3603.2064128256516, 3783.5671342685373]",[]
107-92-6,"['alkane_ch_sp3', 'amine_cn', 'aromatic_out_of_plane_ch', 'benzene_ring_breathing', 'alcohol_phenol_oh', 'nitro_no2_sym', 'anhydride_co', 'nitro_no2_asym', 'ether_co', 'aromatic_cc', 'alkyl_halide_ccl', 'alkyl_halide_cbr', 'carboxylic_acid_oh_broad', 'amide_cn', 'alkyl_halide_cI', 'sulfate_so4']",[],"[544.2885771543087, 731.8637274549098, 811.2224448897796, 1020.440881763527, 1128.6573146292585, 1258.5170340681361, 1366.7334669338677, 1539.879759519038, 2066.5330661322646, 3783.5671342685373, 602.004008016032, 1070.941883767535, 1135.871743486974, 1272.9458917835673, 1359.5190380761524, 1705.811623246493, 1756.312625250501, 2953.9078156312626, 3559.9198396793586]",[]
75-64-9,"['alkane_ch_sp3', 'amine_cn', 'aromatic_out_of_plane_ch', 'nitro_no2_sym', 'alkyl_halide_ccl', 'carboxylic_acid_oh_broad', 'amide_cn', 'ester_co_c']",[],"[796.7935871743487, 840.0801603206413, 1229.6593186372745, 1359.5190380761524, 1460.5210420841684, 1597.5951903807616, 2910.62124248497, 2953.9078156312626, 3314.629258517034]",[]
100-00-5,"['amine_cn', 'aromatic_out_of_plane_ch', 'nitro_no2_sym', 'nitro_no2_asym', 'ether_co', 'aromatic_cc', 'alkyl_halide_ccl', 'alkyl_halide_cbr', 'sulfone_so2', 'amide_cn', 'ester_co_c', 'alkyl_halide_cI', 'sulfate_so4']",[],"[464.92985971943887, 515.4308617234469, 724.6492985971944, 832.8657314629259, 998.7975951903808, 1085.370741482966, 1157.5150300601204, 1265.7314629258517, 1337.875751503006, 1474.9498997995993, 1518.2364729458918, 1590.3807615230462, 1640.881763527054, 2874.5490981963926, 3076.553106212425]",[]
622-96-8,"['alkane_ch_sp3', 'amine_cn', 'aromatic_out_of_plane_ch', 'benzene_ring_breathing', 'alkyne_cc', 'aromatic_ch', 'alkene_out_of_plane_ch', 'ether_co', 'aromatic_cc', 'carboxylic_acid_oh_broad', 'alkyl_halide_cbr', 'alkyl_halide_cI', 'sulfate_so4']",[],"[558.7174348697395, 804.0080160320641, 1049.2985971943888, 1215.2304609218436, 1309.0180360721442, 1453.306613226453, 1496.5931863727455, 1539.879759519038, 1770.741482965932, 1871.743486973948, 2888.9779559118238, 2932.2645290581163, 3011.623246492986, 472.1442885771543, 501.002004008016, 558.7174348697395, 739.0781563126252, 840.0801603206413, 912.2244488977956, 998.7975951903808, 1085.370741482966, 1143.0861723446894, 1236.8737474949899, 1395.5911823647293, 1489.37875751503, 1539.879759519038, 1640.881763527054, 1770.741482965932, 2117.0340681362723, 2549.8997995991986, 2896.1923847695393, 2946.693386773547, 2997.194388777555, 3386.7735470941884, 3776.3527054108217]","[236.12040133779266, 264.2140468227425, 272.2408026755853]"
107-13-1,"['amine_cn', 'aromatic_out_of_plane_ch', 'benzene_ring_breathing', 'aromatic_ch', 'alkene_out_of_plane_ch', 'nitro_no2_asym', 'ether_co', 'alkyl_halide_ccl', 'amide_nh', 'aromatic_cc', 'carboxylic_acid_oh_broad', 'ester_co_c', 'alkyl_halide_cbr', 'sulfate_so4']",[],"[688.5771543086173, 789.5791583166333, 948.2965931863728, 984.3687374749499, 1092.5851703406813, 1417.2344689378758, 1619.2384769539078, 1907.8156312625251, 2239.679358717435, 3047.695390781563, 3127.0541082164327, 681.3627254509017, 955.5110220440882, 984.3687374749499, 1092.5851703406813, 1417.2344689378758, 1619.2384769539078, 1907.8156312625251, 3047.695390781563, 3127.0541082164327, 681.3627254509017, 962.7254509018036, 1092.5851703406813, 1417.2344689378758, 1619.2384769539078, 1907.8156312625251, 3047.695390781563, 3127.0541082164327, 681.3627254509017, 969.939879759519, 1092.5851703406813, 1410.0200400801605, 1612.0240480961925, 1907.8156312625251, 3040.4809619238476, 3119.8396793587176, 681.3627254509017, 710.2204408817636, 969.939879759519, 1092.5851703406813, 1410.0200400801605, 1612.0240480961925, 1907.8156312625251, 3040.4809619238476, 3119.8396793587176, 674.1482965931864, 926.6533066132265, 955.5110220440882, 984.3687374749499, 1092.5851703406813, 1417.2344689378758, 1619.2384769539078, 1907.8156312625251, 3047.695390781563, 3127.0541082164327, 587.5751503006012, 775.1503006012024, 890.5811623246493, 1070.941883767535, 1150.3006012024048, 1539.879759519038, 1633.6673346693387, 1792.3847695390782, 2080.9619238476953, 2261.322645290581, 2751.9038076152306, 3242.4849699398796, 3603.2064128256516, 3769.138276553106, 681.3627254509017, 962.7254509018036, 1092.5851703406813, 1410.0200400801605, 1612.0240480961925, 1907.8156312625251, 3040.4809619238476, 3119.8396793587176, 681.3627254509017, 962.7254509018036, 1092.5851703406813, 1417.2344689378758, 1619.2384769539078, 1907.8156312625251, 3047.695390781563, 3127.0541082164327, 674.1482965931864, 710.2204408817636, 969.939879759519, 1092.5851703406813, 1417.2344689378758, 1619.2384769539078, 1907.8156312625251, 3047.695390781563, 3119.8396793587176, 681.3627254509017, 710.2204408817636, 962.7254509018036, 1092.5851703406813, 1417.2344689378758, 1619.2384769539078, 1907.8156312625251, 3047.695390781563, 3127.0541082164327, 674.1482965931864, 955.5110220440882, 984.3687374749499, 1092.5851703406813, 1417.2344689378758, 1619.2384769539078, 1907.8156312625251, 3047.695390781563, 3127.0541082164327, 3761.923847695391, 659.7194388777555, 955.5110220440882, 1070.941883767535, 1395.5911823647293, 1590.3807615230462, 1900.6012024048096, 3033.2665330661325, 3112.625250501002, 681.3627254509017, 955.5110220440882, 984.3687374749499, 1092.5851703406813, 1417.2344689378758, 1619.2384769539078, 1907.8156312625251, 3047.695390781563, 3127.0541082164327, 674.1482965931864, 955.5110220440882, 984.3687374749499, 1092.5851703406813, 1417.2344689378758, 1619.2384769539078, 1907.8156312625251, 3047.695390781563, 3127.0541082164327, 674.1482965931864, 926.6533066132265, 955.5110220440882, 984.3687374749499, 1092.5851703406813, 1417.2344689378758, 1619.2384769539078, 1907.8156312625251, 3047.695390781563, 3127.0541082164327, 681.3627254509017, 962.7254509018036, 1092.5851703406813, 1417.2344689378758, 1619.2384769539078, 1907.8156312625251, 3047.695390781563, 3127.0541082164327, 681.3627254509017, 710.2204408817636, 969.939879759519, 1092.5851703406813, 1410.0200400801605, 1612.0240480961925, 1907.8156312625251, 3040.4809619238476, 3119.8396793587176, 681.3627254509017, 962.7254509018036, 1092.5851703406813, 1417.2344689378758, 1619.2384769539078, 1907.8156312625251, 3047.695390781563, 3127.0541082164327, 681.3627254509017, 710.2204408817636, 941.0821643286573, 969.939879759519, 1092.5851703406813, 1410.0200400801605, 1612.0240480961925, 1907.8156312625251, 3040.4809619238476, 3119.8396793587176, 681.3627254509017, 710.2204408817636, 962.7254509018036, 1092.5851703406813, 1417.2344689378758, 1619.2384769539078, 1907.8156312625251, 3047.695390781563, 3127.0541082164327, 681.3627254509017, 962.7254509018036, 1092.5851703406813, 1417.2344689378758, 1619.2384769539078, 1907.8156312625251, 3047.695390781563, 3127.0541082164327, 681.3627254509017, 710.2204408817636, 962.7254509018036, 1092.5851703406813, 1417.2344689378758, 1619.2384769539078, 1907.8156312625251, 3047.695390781563, 3127.0541082164327, 674.1482965931864, 955.5110220440882, 984.3687374749499, 1092.5851703406813, 1417.2344689378758, 1619.2384769539078, 1907.8156312625251, 3047.695390781563, 3127.0541082164327, 681.3627254509017, 962.7254509018036, 1092.5851703406813, 1417.2344689378758, 1619.2384769539078, 1907.8156312625251, 3047.695390781563, 3127.0541082164327, 674.1482965931864, 926.6533066132265, 955.5110220440882, 984.3687374749499, 1092.5851703406813, 1417.2344689378758, 1619.2384769539078, 1907.8156312625251, 3047.695390781563, 3127.0541082164327, 674.1482965931864, 926.6533066132265, 955.5110220440882, 984.3687374749499, 1092.5851703406813, 1417.2344689378758, 1619.2384769539078, 1907.8156312625251, 3047.695390781563, 3127.0541082164327]",[206.02006688963212]
108-67-8,"['alkane_ch_sp3', 'amine_cn', 'aromatic_out_of_plane_ch', 'benzene_ring_breathing', 'alkyne_cc', 'anhydride_co', 'aromatic_ch', 'alkene_out_of_plane_ch', 'ether_co', 'aromatic_cc', 'carboxylic_acid_oh_broad', 'alkyl_halide_ccl', 'amide_cn', 'ester_co_c', 'alkyl_halide_cbr', 'sulfate_so4']",[],"[508.21643286573146, 674.1482965931864, 832.8657314629259, 912.2244488977956, 1034.8697394789579, 1373.947895791583, 1482.1643286573146, 1597.5951903807616, 1741.88376753507, 2867.3346693386775, 2917.8356713426856, 3004.4088176352707, 616.4328657314629, 666.9338677354709, 811.2224448897796, 861.7234468937876, 905.0100200400802, 948.2965931863728, 1121.442885771543, 1236.8737474949899, 1395.5911823647293, 1583.1663326653306, 1684.1683366733466, 1734.6693386773547, 1814.0280561122245, 2160.3206412825652, 2347.895791583166, 2578.75751503006, 2759.118236472946, 2874.5490981963926, 2982.7655310621244, 3704.2084168336673, 3971.142284569138, 638.0761523046092, 710.2204408817636, 868.937875751503, 948.2965931863728, 1092.5851703406813, 1410.0200400801605, 1568.7374749498997, 1648.0961923847697, 1828.4569138276554, 2751.9038076152306, 2874.5490981963926, 2968.3366733466933, 3278.557114228457]","[214.04682274247492, 264.2140468227425]"
75-50-3,"['alkane_ch_sp3', 'amine_cn', 'aromatic_out_of_plane_ch', 'benzene_ring_breathing', 'nitro_no2_sym', 'alkene_out_of_plane_ch', 'ether_co', 'alkyl_halide_ccl', 'carboxylic_acid_oh_broad', 'alkyl_halide_cbr', 'sulfone_so2', 'amide_cn', 'ester_co_c', 'alkyl_halide_cI', 'sulfate_so4']",[],"[479.35871743486973, 623.6472945891784, 775.1503006012024, 948.2965931863728, 1078.1563126252504, 1135.871743486974, 1236.8737474949899, 1337.875751503006, 1590.3807615230462, 1814.0280561122245, 1965.5310621242486, 2052.104208416834, 2174.749498997996, 2405.61122244489, 2658.11623246493, 2867.3346693386775, 3163.12625250501, 3307.4148296593185, 3769.138276553106, 832.8657314629259, 1034.8697394789579, 1171.943887775551, 1272.9458917835673, 1438.877755511022, 2708.617234468938, 2751.9038076152306, 2953.9078156312626]",[]
64-19-7,"['amine_cn', 'aromatic_out_of_plane_ch', 'alcohol_phenol_oh', 'alkyne_cc', 'thiol_sh', 'nitro_no2_sym', 'anhydride_co', 'alkene_out_of_plane_ch', 'ether_co', 'alkyl_halide_ccl', 'nitrile_cn', 'carboxylic_acid_oh_broad', 'sulfone_so2', 'amide_cn', 'ester_co_c', 'alkyl_halide_cI', 'alkyl_halide_cbr', 'sulfate_so4']",[],"[479.35871743486973, 508.21643286573146, 565.9318637274549, 602.004008016032, 717.4348697394789, 991.5831663326653, 1121.442885771543, 1229.6593186372745, 1337.875751503006, 1482.1643286573146, 1612.0240480961925, 1763.5270541082164, 2117.0340681362723, 2210.821643286573, 2340.681362725451, 2593.186372745491, 2665.3306613226455, 2737.4749498997994, 2982.7655310621244, 3516.633266533066, 3776.3527054108217, 501.002004008016, 688.5771543086173, 796.7935871743487, 984.3687374749499, 1200.801603206413, 1330.6613226452905, 1373.947895791583, 1482.1643286573146, 1612.0240480961925, 1749.0981963927857, 2073.7474949899797, 2196.392785571142, 2578.75751503006, 2650.9018036072143, 2730.2605210420843, 2953.9078156312626, 3776.3527054108217, 464.92985971943887, 558.7174348697395, 638.0761523046092, 991.5831663326653, 1070.941883767535, 1157.5150300601204, 1272.9458917835673, 1381.1623246492986, 1705.811623246493, 1792.3847695390782, 2953.9078156312626, 3552.7054108216435]","[210.0334448160535, 234.11371237458195]"
629-73-2,"['alkane_ch_sp3', 'amine_cn', 'aromatic_out_of_plane_ch', 'aromatic_ch', 'alkene_ch_sp2', 'alkene_out_of_plane_ch', 'aromatic_cc', 'carboxylic_acid_oh_broad', 'alkyl_halide_ccl', 'ester_co_c', 'alkyl_halide_cI', 'alkyl_halide_cbr']",[],"[905.0100200400802, 1438.877755511022, 1633.6673346693387, 2860.120240480962, 2917.8356713426856, 2961.122244488978, 3076.553106212425, 421.64328657314627, 508.21643286573146, 587.5751503006012, 674.1482965931864, 811.2224448897796, 948.2965931863728, 1150.3006012024048, 1323.4468937875752, 1402.805611222445, 1583.1663326653306, 1770.741482965932, 1871.743486973948, 2398.396793587174, 2708.617234468938, 2874.5490981963926, 3040.4809619238476, 3545.490981963928, 3978.3567134268537]",[]
67-64-1,"['aromatic_ch', 'ether_co', 'aromatic_cc', 'amide_cn', 'amine_nh_secondary', 'carboxylic_acid_co', 'thiol_sh', 'anhydride_co', 'amide_nh', 'alkyl_halide_ccl', 'ester_co_c', 'aromatic_out_of_plane_ch', 'benzene_ring_breathing', 'nitro_no2_sym', 'alkyne_ch_sp', 'alkyl_halide_cbr', 'ester_co', 'alkyl_halide_cI', 'sulfate_so4', 'amine_nh_primary', 'amine_cn', 'alkene_cc', 'ketone_co', 'alkene_ch_sp2', 'alkene_out_of_plane_ch', 'carboxylic_acid_oh_broad', 'aldehyde_co', 'amide_co']",[],"[905.0100200400802, 1099.7995991983967, 1222.4448897795592, 1366.7334669338677, 1438.877755511022, 1741.88376753507, 3018.8376753507014, 3458.917835671343, 905.0100200400802, 1099.7995991983967, 1222.4448897795592, 1366.7334669338677, 1438.877755511022, 1741.88376753507, 3018.8376753507014, 3458.917835671343, 897.7955911823647, 1099.7995991983967, 1215.2304609218436, 1366.7334669338677, 1438.877755511022, 1734.6693386773547, 2968.3366733466933, 3011.623246492986, 3458.917835671343, 905.0100200400802, 1099.7995991983967, 1222.4448897795592, 1366.7334669338677, 1438.877755511022, 1741.88376753507, 3018.8376753507014, 3458.917835671343, 905.0100200400802, 1222.4448897795592, 1366.7334669338677, 1438.877755511022, 1741.88376753507, 3018.8376753507014, 3458.917835671343, 905.0100200400802, 1099.7995991983967, 1222.4448897795592, 1366.7334669338677, 1438.877755511022, 1741.88376753507, 3018.8376753507014, 3458.917835671343, 905.0100200400802, 1099.7995991983967, 1222.4448897795592, 1366.7334669338677, 1438.877755511022, 1741.88376753507, 3018.8376753507014, 3458.917835671343, 905.0100200400802, 1099.7995991983967, 1222.4448897795592, 1366.7334669338677, 1438.877755511022, 1741.88376753507, 3018.8376753507014, 3458.917835671343, 905.0100200400802, 1222.4448897795592, 1366.7334669338677, 1438.877755511022, 1741.88376753507, 3018.8376753507014, 3458.917835671343, 905.0100200400802, 1222.4448897795592, 1366.7334669338677, 1438.877755511022, 1741.88376753507, 3018.8376753507014, 3458.917835671343, 897.7955911823647, 1099.7995991983967, 1215.2304609218436, 1366.7334669338677, 1438.877755511022, 1734.6693386773547, 2968.3366733466933, 3011.623246492986, 3458.917835671343, 905.0100200400802, 1222.4448897795592, 1366.7334669338677, 1438.877755511022, 1741.88376753507, 3018.8376753507014, 3458.917835671343, 905.0100200400802, 1222.4448897795592, 1366.7334669338677, 1446.0921843687374, 1741.88376753507, 3018.8376753507014, 3458.917835671343, 905.0100200400802, 1099.7995991983967, 1222.4448897795592, 1366.7334669338677, 1438.877755511022, 1741.88376753507, 3018.8376753507014, 3458.917835671343, 905.0100200400802, 1099.7995991983967, 1222.4448897795592, 1366.7334669338677, 1438.877755511022, 1741.88376753507, 3018.8376753507014, 3458.917835671343, 464.92985971943887, 573.1462925851704, 818.4368737474949, 1020.440881763527, 1150.3006012024048, 1265.7314629258517, 1402.805611222445, 1619.2384769539078, 2023.246492985972, 2355.1102204408817, 2614.8296593186374, 2989.9799599198395, 3242.4849699398796, 3783.5671342685373, 616.4328657314629, 746.2925851703407, 825.6513026052105, 1006.0120240480962, 1135.871743486974, 1272.9458917835673, 1395.5911823647293, 1496.5931863727455, 1640.881763527054, 2521.0420841683367, 2629.258517034068, 2989.9799599198395, 3314.629258517034, 3660.921843687375, 3963.927855711423, 905.0100200400802, 1099.7995991983967, 1222.4448897795592, 1366.7334669338677, 1438.877755511022, 1741.88376753507, 3018.8376753507014, 3458.917835671343, 905.0100200400802, 1099.7995991983967, 1222.4448897795592, 1366.7334669338677, 1438.877755511022, 1741.88376753507, 3018.8376753507014, 3458.917835671343, 443.2865731462926, 616.4328657314629, 703.0060120240481, 840.0801603206413, 1013.2264529058116, 1135.871743486974, 1280.1603206412826, 1395.5911823647293, 1612.0240480961925, 2030.4609218436874, 2189.178356713427, 2391.1823647294586, 2549.8997995991986, 2672.5450901803606, 2809.619238476954, 2946.693386773547, 2989.9799599198395, 3329.058116232465, 3343.486973947896, 3595.991983967936, 3862.925851703407, 905.0100200400802, 1099.7995991983967, 1222.4448897795592, 1366.7334669338677, 1438.877755511022, 1741.88376753507, 3018.8376753507014, 3458.917835671343, 905.0100200400802, 1099.7995991983967, 1222.4448897795592, 1366.7334669338677, 1438.877755511022, 1741.88376753507, 3018.8376753507014, 3458.917835671343, 897.7955911823647, 1099.7995991983967, 1215.2304609218436, 1366.7334669338677, 1438.877755511022, 1734.6693386773547, 2968.3366733466933, 3011.623246492986, 3458.917835671343, 515.4308617234469, 883.3667334669339, 1150.3006012024048, 1200.801603206413, 1352.3046092184368, 1431.6633266533067, 1669.739478957916, 1713.0260521042085, 2961.122244488978, 3437.2745490981965, 905.0100200400802, 1222.4448897795592, 1366.7334669338677, 1438.877755511022, 1741.88376753507, 3018.8376753507014, 3458.917835671343, 905.0100200400802, 1099.7995991983967, 1222.4448897795592, 1366.7334669338677, 1438.877755511022, 1741.88376753507, 3018.8376753507014, 3458.917835671343, 897.7955911823647, 1215.2304609218436, 1366.7334669338677, 1438.877755511022, 1734.6693386773547, 2968.3366733466933, 3011.623246492986, 3458.917835671343, 905.0100200400802, 1099.7995991983967, 1222.4448897795592, 1366.7334669338677, 1438.877755511022, 1741.88376753507, 3018.8376753507014, 3458.917835671343, 897.7955911823647, 1215.2304609218436, 1366.7334669338677, 1438.877755511022, 1734.6693386773547, 2968.3366733466933, 3011.623246492986, 3458.917835671343]","[228.09364548494983, 264.2140468227425, 302.34113712374585]"
498-66-8,"['aromatic_ch', 'ether_co', 'aromatic_cc', 'amide_cn', 'thiol_sh', 'amide_nh', 'alkyl_halide_ccl', 'ester_co_c', 'aromatic_out_of_plane_ch', 'benzene_ring_breathing', 'nitro_no2_sym', 'nitro_no2_asym', 'sulfone_so2', 'alkyl_halide_cbr', 'sulfate_so4', 'alkane_ch_sp3', 'amine_cn', 'alkene_ch_sp2', 'carboxylic_acid_oh_broad']",[],"[472.1442885771543, 537.0741482965932, 645.2905811623247, 746.2925851703407, 811.2224448897796, 854.5090180360721, 890.5811623246493, 926.6533066132265, 998.7975951903808, 1056.5130260521041, 1099.7995991983967, 1150.3006012024048, 1229.6593186372745, 1309.0180360721442, 1424.4488977955912, 1547.0941883767534, 1590.3807615230462, 1662.5250501002004, 1907.8156312625251, 2658.11623246493, 2896.1923847695393, 3026.052104208417, 3105.4108216432865, 3256.913827655311, 3617.6352705410823, 3956.7134268537075, 703.0060120240481, 868.937875751503, 1114.2284569138278, 1316.2324649298598, 1438.877755511022, 2874.5490981963926, 2953.9078156312626, 3054.909819639279, 472.1442885771543, 645.2905811623247, 681.3627254509017, 753.5070140280561, 818.4368737474949, 854.5090180360721, 897.7955911823647, 998.7975951903808, 1056.5130260521041, 1150.3006012024048, 1229.6593186372745, 1316.2324649298598, 1359.5190380761524, 1424.4488977955912, 1525.4509018036072, 1590.3807615230462, 1669.739478957916, 2665.3306613226455, 2896.1923847695393, 3033.2665330661325, 3112.625250501002, 3956.7134268537075]",[]
75-05-8,"['aromatic_ch', 'ether_co', 'aromatic_cc', 'amide_cn', 'thiol_sh', 'amide_nh', 'alkyl_halide_ccl', 'ester_co_c', 'aromatic_out_of_plane_ch', 'benzene_ring_breathing', 'alkyne_cc', 'nitro_no2_asym', 'alkyl_halide_cbr', 'sulfate_so4', 'alkane_ch_sp3', 'amine_cn', 'alkene_out_of_plane_ch', 'alkene_ch_sp2', 'carboxylic_acid_oh_broad']",[],"[710.2204408817636, 912.2244488977956, 991.5831663326653, 1013.2264529058116, 1034.8697394789579, 1070.941883767535, 1395.5911823647293, 1424.4488977955912, 1453.306613226453, 1482.1643286573146, 1511.0220440881765, 1525.4509018036072, 2282.9659318637277, 2420.040080160321, 2622.044088176353, 2888.9779559118238, 2975.551102204409, 3033.2665330661325, 3191.983967935872, 3848.496993987976, 710.2204408817636, 912.2244488977956, 1042.0841683366734, 1395.5911823647293, 1417.2344689378758, 1453.306613226453, 1467.7354709418837, 1482.1643286573146, 1525.4509018036072, 2282.9659318637277, 2412.8256513026054, 2622.044088176353, 2881.763527054108, 2968.3366733466933, 3069.3386773547095, 3184.7695390781564, 3956.7134268537075, 710.2204408817636, 919.438877755511, 1042.0841683366734, 1395.5911823647293, 1424.4488977955912, 1467.7354709418837, 1482.1643286573146, 2275.751503006012, 2412.8256513026054, 2622.044088176353, 2874.5490981963926, 2968.3366733466933, 3040.4809619238476, 3184.7695390781564, 3675.3507014028055, 3906.2124248496993, 710.2204408817636, 919.438877755511, 1013.2264529058116, 1034.8697394789579, 1056.5130260521041, 1092.5851703406813, 1395.5911823647293, 1424.4488977955912, 1453.306613226453, 1474.9498997995993, 1511.0220440881765, 1568.7374749498997, 2282.9659318637277, 2622.044088176353, 2888.9779559118238, 2961.122244488978, 3033.2665330661325, 3184.7695390781564, 710.2204408817636, 912.2244488977956, 1042.0841683366734, 1395.5911823647293, 1417.2344689378758, 1453.306613226453, 1482.1643286573146, 1525.4509018036072, 2282.9659318637277, 2412.8256513026054, 2622.044088176353, 2881.763527054108, 2968.3366733466933, 3069.3386773547095, 3184.7695390781564, 3956.7134268537075, 710.2204408817636, 919.438877755511, 1013.2264529058116, 1034.8697394789579, 1056.5130260521041, 1070.941883767535, 1092.5851703406813, 1395.5911823647293, 1424.4488977955912, 1453.306613226453, 1474.9498997995993, 1511.0220440881765, 1568.7374749498997, 2282.9659318637277, 2622.044088176353, 2888.9779559118238, 2961.122244488978, 3033.2665330661325, 3184.7695390781564, 710.2204408817636, 919.438877755511, 1013.2264529058116, 1034.8697394789579, 1056.5130260521041, 1092.5851703406813, 1395.5911823647293, 1424.4488977955912, 1453.306613226453, 1474.9498997995993, 1511.0220440881765, 1568.7374749498997, 2282.9659318637277, 2622.044088176353, 2888.9779559118238, 2961.122244488978, 3033.2665330661325, 3184.7695390781564, 710.2204408817636, 912.2244488977956, 1070.941883767535, 1337.875751503006, 1395.5911823647293, 1424.4488977955912, 1453.306613226453, 1467.7354709418837, 1482.1643286573146, 1525.4509018036072, 1655.310621242485, 2275.751503006012, 2434.4689378757516, 2622.044088176353, 2888.9779559118238, 2968.3366733466933, 3026.052104208417, 3191.983967935872, 3848.496993987976, 674.1482965931864, 717.4348697394789, 919.438877755511, 1034.8697394789579, 1309.0180360721442, 1402.805611222445, 1446.0921843687374, 1518.2364729458918, 1828.4569138276554, 2275.751503006012, 2593.186372745491, 2953.9078156312626, 3047.695390781563, 3163.12625250501, 3920.6412825651305, 710.2204408817636, 912.2244488977956, 1034.8697394789579, 1078.1563126252504, 1337.875751503006, 1395.5911823647293, 1424.4488977955912, 1453.306613226453, 1467.7354709418837, 1482.1643286573146, 1525.4509018036072, 1655.310621242485, 2275.751503006012, 2427.254509018036, 2622.044088176353, 2888.9779559118238, 2961.122244488978, 3033.2665330661325, 3191.983967935872, 3848.496993987976, 710.2204408817636, 912.2244488977956, 1049.2985971943888, 1402.805611222445, 1453.306613226453, 1474.9498997995993, 1511.0220440881765, 1525.4509018036072, 1835.6713426853707, 2282.9659318637277, 2405.61122244489, 2622.044088176353, 2874.5490981963926, 2968.3366733466933, 3011.623246492986, 3040.4809619238476, 3076.553106212425, 3184.7695390781564, 3956.7134268537075, 710.2204408817636, 912.2244488977956, 1013.2264529058116, 1034.8697394789579, 1070.941883767535, 1395.5911823647293, 1424.4488977955912, 1453.306613226453, 1482.1643286573146, 1511.0220440881765, 1525.4509018036072, 2282.9659318637277, 2420.040080160321, 2622.044088176353, 2888.9779559118238, 2975.551102204409, 3033.2665330661325, 3069.3386773547095, 3191.983967935872, 3848.496993987976, 710.2204408817636, 912.2244488977956, 1013.2264529058116, 1034.8697394789579, 1070.941883767535, 1395.5911823647293, 1424.4488977955912, 1453.306613226453, 1482.1643286573146, 1511.0220440881765, 1525.4509018036072, 2282.9659318637277, 2420.040080160321, 2622.044088176353, 2888.9779559118238, 2975.551102204409, 3033.2665330661325, 3069.3386773547095, 3191.983967935872, 3848.496993987976, 710.2204408817636, 912.2244488977956, 1049.2985971943888, 1402.805611222445, 1453.306613226453, 1482.1643286573146, 1511.0220440881765, 1525.4509018036072, 1835.6713426853707, 2275.751503006012, 2405.61122244489, 2622.044088176353, 2874.5490981963926, 2961.122244488978, 3011.623246492986, 3040.4809619238476, 3076.553106212425, 3184.7695390781564, 3956.7134268537075, 710.2204408817636, 905.0100200400802, 1034.8697394789579, 1078.1563126252504, 1337.875751503006, 1395.5911823647293, 1424.4488977955912, 1453.306613226453, 1467.7354709418837, 1482.1643286573146, 1525.4509018036072, 1655.310621242485, 2275.751503006012, 2427.254509018036, 2622.044088176353, 2888.9779559118238, 2961.122244488978, 3033.2665330661325, 3191.983967935872, 3848.496993987976, 710.2204408817636, 912.2244488977956, 1042.0841683366734, 1395.5911823647293, 1417.2344689378758, 1453.306613226453, 1467.7354709418837, 1482.1643286573146, 1525.4509018036072, 2282.9659318637277, 2412.8256513026054, 2622.044088176353, 2881.763527054108, 2968.3366733466933, 3040.4809619238476, 3184.7695390781564, 3956.7134268537075, 703.0060120240481, 919.438877755511, 1049.2985971943888, 1402.805611222445, 1482.1643286573146, 1547.0941883767534, 1684.1683366733466, 1835.6713426853707, 2275.751503006012, 2405.61122244489, 2622.044088176353, 2874.5490981963926, 2961.122244488978, 3011.623246492986, 3040.4809619238476, 3076.553106212425, 3184.7695390781564, 3956.7134268537075, 710.2204408817636, 912.2244488977956, 1013.2264529058116, 1034.8697394789579, 1070.941883767535, 1395.5911823647293, 1424.4488977955912, 1453.306613226453, 1482.1643286573146, 1511.0220440881765, 1525.4509018036072, 2282.9659318637277, 2420.040080160321, 2622.044088176353, 2888.9779559118238, 2975.551102204409, 3033.2665330661325, 3069.3386773547095, 3191.983967935872, 3848.496993987976, 710.2204408817636, 912.2244488977956, 1013.2264529058116, 1034.8697394789579, 1070.941883767535, 1395.5911823647293, 1424.4488977955912, 1453.306613226453, 1482.1643286573146, 1511.0220440881765, 1525.4509018036072, 2282.9659318637277, 2420.040080160321, 2622.044088176353, 2888.9779559118238, 2975.551102204409, 3033.2665330661325, 3069.3386773547095, 3191.983967935872, 3848.496993987976, 710.2204408817636, 912.2244488977956, 1070.941883767535, 1410.0200400801605, 1438.877755511022, 1453.306613226453, 1467.7354709418837, 1482.1643286573146, 1655.310621242485, 1741.88376753507, 1828.4569138276554, 2275.751503006012, 2427.254509018036, 2622.044088176353, 2888.9779559118238, 2961.122244488978, 3033.2665330661325, 3191.983967935872, 3660.921843687375, 3761.923847695391, 3913.426853707415, 710.2204408817636, 919.438877755511, 1013.2264529058116, 1034.8697394789579, 1056.5130260521041, 1092.5851703406813, 1395.5911823647293, 1424.4488977955912, 1453.306613226453, 1474.9498997995993, 1511.0220440881765, 1568.7374749498997, 2282.9659318637277, 2412.8256513026054, 2622.044088176353, 2888.9779559118238, 2961.122244488978, 3033.2665330661325, 3184.7695390781564, 710.2204408817636, 912.2244488977956, 1049.2985971943888, 1402.805611222445, 1453.306613226453, 1482.1643286573146, 1511.0220440881765, 1525.4509018036072, 1835.6713426853707, 2275.751503006012, 2405.61122244489, 2622.044088176353, 2874.5490981963926, 2961.122244488978, 3011.623246492986, 3040.4809619238476, 3076.553106212425, 3184.7695390781564, 3956.7134268537075, 623.6472945891784, 840.0801603206413, 948.2965931863728, 1215.2304609218436, 1734.6693386773547, 2023.246492985972, 2131.4629258517034, 2275.751503006012, 2383.9679358717435, 2600.400801603206, 2650.9018036072143, 2968.3366733466933, 3141.482965931864, 3595.991983967936, 3783.5671342685373, 710.2204408817636, 905.0100200400802, 1034.8697394789579, 1078.1563126252504, 1337.875751503006, 1395.5911823647293, 1424.4488977955912, 1453.306613226453, 1467.7354709418837, 1482.1643286573146, 1525.4509018036072, 1655.310621242485, 2275.751503006012, 2427.254509018036, 2622.044088176353, 2888.9779559118238, 2961.122244488978, 3033.2665330661325, 3191.983967935872, 3848.496993987976, 710.2204408817636, 905.0100200400802, 1034.8697394789579, 1078.1563126252504, 1337.875751503006, 1395.5911823647293, 1424.4488977955912, 1453.306613226453, 1467.7354709418837, 1482.1643286573146, 1525.4509018036072, 2275.751503006012, 2427.254509018036, 2622.044088176353, 2888.9779559118238, 2961.122244488978, 3033.2665330661325, 3191.983967935872, 3848.496993987976, 666.9338677354709, 775.1503006012024, 962.7254509018036, 1114.2284569138278, 2138.677354709419, 2340.681362725451, 2564.3286573146293, 2773.547094188377, 3112.625250501002, 3776.3527054108217, 710.2204408817636, 912.2244488977956, 1042.0841683366734, 1395.5911823647293, 1417.2344689378758, 1453.306613226453, 1482.1643286573146, 1525.4509018036072, 2282.9659318637277, 2420.040080160321, 2622.044088176353, 2881.763527054108, 2968.3366733466933, 3062.124248496994, 3184.7695390781564, 3956.7134268537075, 710.2204408817636, 912.2244488977956, 1049.2985971943888, 1402.805611222445, 1453.306613226453, 1482.1643286573146, 1511.0220440881765, 1525.4509018036072, 1835.6713426853707, 2275.751503006012, 2405.61122244489, 2622.044088176353, 2874.5490981963926, 2961.122244488978, 3011.623246492986, 3040.4809619238476, 3076.553106212425, 3184.7695390781564, 3956.7134268537075]","[310.3678929765886, 352.50836120401334]"
107-41-5,"['amine_cn', 'aromatic_out_of_plane_ch', 'benzene_ring_breathing', 'alcohol_phenol_oh', 'nitro_no2_sym', 'aromatic_ch', 'alkene_ch_sp2', 'alkene_out_of_plane_ch', 'ether_co', 'alkyl_halide_ccl', 'carboxylic_acid_oh_broad', 'sulfone_so2', 'amide_cn', 'ester_co_c', 'alkyl_halide_cbr', 'sulfate_so4']",[],"[746.2925851703407, 811.2224448897796, 861.7234468937876, 926.6533066132265, 1013.2264529058116, 1063.7274549098197, 1092.5851703406813, 1193.5871743486973, 1236.8737474949899, 1280.1603206412826, 1345.0901803607214, 1395.5911823647293, 1438.877755511022, 2016.0320641282565, 2953.9078156312626, 3040.4809619238476, 3595.991983967936, 3769.138276553106, 472.1442885771543, 551.5030060120241, 753.5070140280561, 832.8657314629259, 890.5811623246493, 1150.3006012024048, 1208.0160320641282, 1280.1603206412826, 1366.7334669338677, 1438.877755511022, 2961.122244488978, 3004.4088176352707, 3567.134268537074]",[]
107-83-5,"['alkane_ch_sp3', 'amine_cn', 'aromatic_out_of_plane_ch', 'thiol_sh', 'alkene_out_of_plane_ch', 'ether_co', 'alkyl_halide_ccl', 'amide_nh', 'carboxylic_acid_oh_broad', 'aromatic_cc', 'amide_cn', 'ester_co_c', 'alkyl_halide_cI', 'sulfate_so4']",[],"[630.8617234468938, 760.7214428857715, 832.8657314629259, 977.1543086172345, 1107.0140280561122, 1193.5871743486973, 1309.0180360721442, 1402.805611222445, 1994.3887775551102, 2658.11623246493, 2744.689378757515, 3776.3527054108217, 464.92985971943887, 674.1482965931864, 775.1503006012024, 840.0801603206413, 876.1523046092184, 984.3687374749499, 1099.7995991983967, 1200.801603206413, 1294.5891783567135, 1424.4488977955912, 1943.8877755511023, 2369.539078156313, 2434.4689378757516, 2665.3306613226455, 2751.9038076152306, 3105.4108216432865, 3314.629258517034, 3523.8476953907816, 3776.3527054108217, 1373.947895791583, 1453.306613226453, 2939.478957915832, 3018.8376753507014]",[]
108-31-6,"['amine_cn', 'aromatic_out_of_plane_ch', 'benzene_ring_breathing', 'anhydride_co', 'ether_co', 'alkyl_halide_ccl', 'amide_cn', 'sulfate_so4']",[],"[616.4328657314629, 674.1482965931864, 717.4348697394789, 868.937875751503, 1034.8697394789579, 1135.871743486974, 1265.7314629258517, 1431.6633266533067, 1662.5250501002004, 1835.6713426853707, 1907.8156312625251, 2016.0320641282565, 3242.4849699398796, 3776.3527054108217]",[234.11371237458195]
75-25-2,"['amine_cn', 'aromatic_out_of_plane_ch', 'thiol_sh', 'aromatic_ch', 'alkene_out_of_plane_ch', 'alkene_ch_sp2', 'ether_co', 'amide_nh', 'carboxylic_acid_oh_broad', 'alkyl_halide_ccl', 'amide_cn', 'alkyl_halide_cI', 'alkyl_halide_cbr', 'sulfate_so4']",[],"[457.71543086172346, 515.4308617234469, 558.7174348697395, 724.6492985971944, 832.8657314629259, 977.1543086172345, 1251.302605210421, 1547.0941883767534, 2008.8176352705411, 2593.186372745491, 3285.771543086172, 3624.849699398798, 501.002004008016, 645.2905811623247, 681.3627254509017, 1034.8697394789579, 1107.0140280561122, 1135.871743486974, 1474.9498997995993, 3033.2665330661325]",[222.0735785953177]
75-56-9,"['amine_cn', 'aromatic_out_of_plane_ch', 'benzene_ring_breathing', 'nitro_no2_sym', 'aromatic_ch', 'alkene_ch_sp2', 'alkene_out_of_plane_ch', 'ether_co', 'alkyl_halide_ccl', 'carboxylic_acid_oh_broad', 'sulfone_so2', 'amide_cn', 'ester_co_c', 'alkyl_halide_cI', 'sulfate_so4']",[],"[753.5070140280561, 832.8657314629259, 948.2965931863728, 1114.2284569138278, 1236.8737474949899, 1395.5911823647293, 1446.0921843687374, 2989.9799599198395, 3040.4809619238476, 767.935871743487, 840.0801603206413, 955.5110220440882, 1020.440881763527, 1128.6573146292585, 1272.9458917835673, 1417.2344689378758, 1474.9498997995993, 2997.194388777555, 479.35871743486973, 681.3627254509017, 796.7935871743487, 890.5811623246493, 991.5831663326653, 1070.941883767535, 1208.0160320641282, 1323.4468937875752, 1453.306613226453, 1828.4569138276554, 2456.112224448898, 3112.625250501002, 3523.8476953907816, 3776.3527054108217, 767.935871743487, 840.0801603206413, 955.5110220440882, 1020.440881763527, 1128.6573146292585, 1265.7314629258517, 1417.2344689378758, 2997.194388777555, 767.935871743487, 840.0801603206413, 955.5110220440882, 1020.440881763527, 1121.442885771543, 1265.7314629258517, 1417.2344689378758, 2997.194388777555, 767.935871743487, 840.0801603206413, 955.5110220440882, 1020.440881763527, 1121.442885771543, 1265.7314629258517, 1417.2344689378758, 1474.9498997995993, 2997.194388777555, 760.7214428857715, 832.8657314629259, 955.5110220440882, 1020.440881763527, 1114.2284569138278, 1265.7314629258517, 1410.0200400801605, 1460.5210420841684, 2997.194388777555, 767.935871743487, 840.0801603206413, 955.5110220440882, 1020.440881763527, 1128.6573146292585, 1265.7314629258517, 1417.2344689378758, 2997.194388777555, 760.7214428857715, 832.8657314629259, 955.5110220440882, 1020.440881763527, 1121.442885771543, 1265.7314629258517, 1410.0200400801605, 1460.5210420841684, 2997.194388777555, 767.935871743487, 840.0801603206413, 955.5110220440882, 1027.6553106212425, 1121.442885771543, 1265.7314629258517, 1417.2344689378758, 2997.194388777555, 767.935871743487, 840.0801603206413, 955.5110220440882, 1020.440881763527, 1128.6573146292585, 1265.7314629258517, 1417.2344689378758, 2997.194388777555, 760.7214428857715, 832.8657314629259, 955.5110220440882, 1020.440881763527, 1121.442885771543, 1265.7314629258517, 1410.0200400801605, 1460.5210420841684, 2997.194388777555, 767.935871743487, 840.0801603206413, 955.5110220440882, 1020.440881763527, 1121.442885771543, 1265.7314629258517, 1417.2344689378758, 1474.9498997995993, 2997.194388777555, 767.935871743487, 840.0801603206413, 955.5110220440882, 1020.440881763527, 1121.442885771543, 1265.7314629258517, 1417.2344689378758, 2997.194388777555, 767.935871743487, 840.0801603206413, 955.5110220440882, 1020.440881763527, 1128.6573146292585, 1265.7314629258517, 1417.2344689378758, 2997.194388777555, 767.935871743487, 840.0801603206413, 962.7254509018036, 1027.6553106212425, 1121.442885771543, 1265.7314629258517, 1417.2344689378758, 1474.9498997995993, 2997.194388777555, 767.935871743487, 840.0801603206413, 955.5110220440882, 1020.440881763527, 1121.442885771543, 1265.7314629258517, 1417.2344689378758, 2997.194388777555, 767.935871743487, 840.0801603206413, 955.5110220440882, 1020.440881763527, 1121.442885771543, 1265.7314629258517, 1417.2344689378758, 2997.194388777555, 767.935871743487, 840.0801603206413, 955.5110220440882, 1020.440881763527, 1128.6573146292585, 1265.7314629258517, 1417.2344689378758, 2997.194388777555, 767.935871743487, 840.0801603206413, 955.5110220440882, 1020.440881763527, 1128.6573146292585, 1265.7314629258517, 1417.2344689378758, 2997.194388777555, 767.935871743487, 840.0801603206413, 955.5110220440882, 1020.440881763527, 1121.442885771543, 1265.7314629258517, 1417.2344689378758, 1474.9498997995993, 2997.194388777555, 760.7214428857715, 832.8657314629259, 955.5110220440882, 1020.440881763527, 1121.442885771543, 1265.7314629258517, 1410.0200400801605, 1460.5210420841684, 2997.194388777555, 767.935871743487, 840.0801603206413, 955.5110220440882, 1020.440881763527, 1128.6573146292585, 1265.7314629258517, 1417.2344689378758, 2997.194388777555, 767.935871743487, 840.0801603206413, 955.5110220440882, 1020.440881763527, 1121.442885771543, 1265.7314629258517, 1417.2344689378758, 1474.9498997995993, 2997.194388777555, 760.7214428857715, 832.8657314629259, 955.5110220440882, 1020.440881763527, 1121.442885771543, 1265.7314629258517, 1410.0200400801605, 1460.5210420841684, 2997.194388777555, 767.935871743487, 840.0801603206413, 955.5110220440882, 1020.440881763527, 1128.6573146292585, 1265.7314629258517, 1417.2344689378758, 2997.194388777555, 767.935871743487, 840.0801603206413, 955.5110220440882, 1020.440881763527, 1121.442885771543, 1265.7314629258517, 1417.2344689378758, 1474.9498997995993, 2997.194388777555]",[]
496-11-7,"['alkane_ch_sp3', 'amine_cn', 'aromatic_out_of_plane_ch', 'benzene_ring_breathing', 'alkyne_cc', 'nitro_no2_sym', 'aromatic_ch', 'alkene_ch_sp2', 'alkene_out_of_plane_ch', 'nitro_no2_asym', 'ether_co', 'aromatic_cc', 'carboxylic_acid_oh_broad', 'alkyl_halide_ccl', 'sulfone_so2', 'amide_cn', 'ester_co_c', 'sulfate_so4']",[],"[688.5771543086173, 731.8637274549098, 1013.2264529058116, 1208.0160320641282, 1460.5210420841684, 1575.9519038076153, 2852.9058116232463, 2939.478957915832, 3054.909819639279, 616.4328657314629, 695.7915831663327, 811.2224448897796, 883.3667334669339, 955.5110220440882, 1056.5130260521041, 1107.0140280561122, 1179.1583166332666, 1236.8737474949899, 1287.374749498998, 1337.875751503006, 1539.879759519038, 1749.0981963927857, 1806.8136272545091, 1850.1002004008017, 1929.4589178356714, 2109.819639278557, 2391.1823647294586, 2881.763527054108, 3004.4088176352707, 3054.909819639279, 3242.4849699398796, 3927.8557114228456]","[234.11371237458195, 264.2140468227425, 274.24749163879596]"
629-59-4,"['alkane_ch_sp3', 'aromatic_out_of_plane_ch', 'benzene_ring_breathing', 'alkyne_cc', 'alkene_out_of_plane_ch', 'aromatic_cc', 'carboxylic_acid_oh_broad', 'alkyl_halide_cbr', 'alkyl_halide_ccl', 'alkyl_halide_cI']",[],"[558.7174348697395, 811.2224448897796, 1006.0120240480962, 1114.2284569138278, 1316.2324649298598, 1402.805611222445, 2102.605210420842, 2708.617234468938, 3531.062124248497, 3978.3567134268537, 1446.0921843687374, 2860.120240480962, 2917.8356713426856, 2997.194388777555, 472.1442885771543, 681.3627254509017, 840.0801603206413, 941.0821643286573, 1121.442885771543, 1337.875751503006, 1410.0200400801605, 1496.5931863727455, 1965.5310621242486, 2881.763527054108, 3776.3527054108217]",[]
76-13-1,"['amine_cn', 'aromatic_out_of_plane_ch', 'benzene_ring_breathing', 'nitro_no2_sym', 'alkene_out_of_plane_ch', 'ether_co', 'alkyl_halide_ccl', 'alkyl_halide_cbr', 'amide_cn', 'ester_co_c', 'alkyl_halide_cI', 'sulfate_so4']",[],"[638.0761523046092, 796.7935871743487, 883.3667334669339, 1034.8697394789579, 1107.0140280561122, 1157.5150300601204, 486.5731462925852, 565.9318637274549, 681.3627254509017, 760.7214428857715, 847.2945891783568, 955.5110220440882, 1006.0120240480962, 1085.370741482966, 1143.0861723446894, 1193.5871743486973, 1316.2324649298598, 1604.809619238477, 2059.318637274549, 2290.180360721443, 2347.895791583166, 2910.62124248497, 3776.3527054108217]",[]
576-26-1,"['aromatic_ch', 'ether_co', 'aromatic_cc', 'amide_cn', 'alkyl_halide_ccl', 'amide_nh', 'ester_co_c', 'aromatic_out_of_plane_ch', 'benzene_ring_breathing', 'nitro_no2_sym', 'nitro_no2_asym', 'sulfone_so2', 'alkyl_halide_cbr', 'alkyl_halide_cI', 'sulfate_so4', 'alkane_ch_sp3', 'amine_cn', 'alkene_ch_sp2', 'alkene_out_of_plane_ch', 'carboxylic_acid_oh_broad']",[],"[472.1442885771543, 753.5070140280561, 825.6513026052105, 998.7975951903808, 1078.1563126252504, 1150.3006012024048, 1193.5871743486973, 1251.302605210421, 1309.0180360721442, 1431.6633266533067, 1474.9498997995993, 1518.2364729458918, 1590.3807615230462, 2917.8356713426856, 3033.2665330661325, 3639.2785571142285, 3682.565130260521, 529.8597194388777, 703.0060120240481, 739.0781563126252, 796.7935871743487, 883.3667334669339, 926.6533066132265, 1056.5130260521041, 1121.442885771543, 1244.0881763527054, 1287.374749498998, 1352.3046092184368, 1402.805611222445, 1453.306613226453, 1568.7374749498997, 1619.2384769539078, 1691.3827655310622, 1821.2424849699398, 1878.9579158316633, 2131.4629258517034, 2557.1142284569137, 2780.7615230460924, 2881.763527054108, 3011.623246492986, 3177.555110220441, 3797.995991983968]",[]
57-74-9,"['amine_cn', 'aromatic_out_of_plane_ch', 'benzene_ring_breathing', 'alkyne_cc', 'nitro_no2_sym', 'alkene_out_of_plane_ch', 'ether_co', 'alkyl_halide_ccl', 'aromatic_cc', 'alkyl_halide_cbr', 'carboxylic_acid_oh_broad', 'amide_cn', 'ester_co_c', 'alkyl_halide_cI', 'sulfate_so4']",[],"[472.1442885771543, 537.0741482965932, 602.004008016032, 659.7194388777555, 717.4348697394789, 760.7214428857715, 804.0080160320641, 840.0801603206413, 876.1523046092184, 948.2965931863728, 998.7975951903808, 1049.2985971943888, 1150.3006012024048, 1193.5871743486973, 1229.6593186372745, 1287.374749498998, 1359.5190380761524, 1575.9519038076153, 1698.5971943887776, 2124.248496993988, 3155.9118236472946, 3776.3527054108217, 573.1462925851704, 623.6472945891784, 782.3647294589179, 883.3667334669339, 933.8677354709419, 977.1543086172345, 1056.5130260521041, 1128.6573146292585, 1171.943887775551, 1215.2304609218436, 1258.5170340681361, 1453.306613226453, 1583.1663326653306, 1734.6693386773547, 2975.551102204409, 3646.492985971944, 3769.138276553106]",[]
79-06-1,"['amine_cn', 'aromatic_out_of_plane_ch', 'benzene_ring_breathing', 'alkene_cc', 'nitro_no2_sym', 'alkene_out_of_plane_ch', 'nitro_no2_asym', 'ether_co', 'amide_nh', 'carboxylic_acid_oh_broad', 'aromatic_cc', 'alkyl_halide_ccl', 'sulfone_so2', 'amide_cn', 'ester_co_c', 'alkyl_halide_cI', 'alkyl_halide_cbr', 'sulfate_so4']",[],"[421.64328657314627, 529.8597194388777, 789.5791583166333, 941.0821643286573, 984.3687374749499, 1013.2264529058116, 1070.941883767535, 1164.7294589178357, 1309.0180360721442, 1381.1623246492986, 1511.0220440881765, 1633.6673346693387, 1842.885771543086, 2016.0320641282565, 2874.5490981963926, 3256.913827655311, 3754.7094188376755]",[]
98-86-2,"['aromatic_ch', 'ether_co', 'aromatic_cc', 'amine_nh_secondary', 'amide_cn', 'anhydride_co', 'amide_nh', 'alkyl_halide_ccl', 'ester_co_c', 'aromatic_out_of_plane_ch', 'benzene_ring_breathing', 'alcohol_phenol_oh', 'alkyne_cc', 'nitro_no2_sym', 'nitro_no2_asym', 'alkyne_ch_sp', 'sulfone_so2', 'alkyl_halide_cbr', 'alkyl_halide_cI', 'sulfate_so4', 'amine_nh_primary', 'amine_cn', 'alkene_cc', 'alkene_out_of_plane_ch', 'alkene_ch_sp2', 'carboxylic_acid_oh_broad']",[],"[551.5030060120241, 638.0761523046092, 724.6492985971944, 861.7234468937876, 984.3687374749499, 1042.0841683366734, 1121.442885771543, 1200.801603206413, 1287.374749498998, 1323.4468937875752, 1395.5911823647293, 1482.1643286573146, 1633.6673346693387, 1857.314629258517, 2016.0320641282565, 3285.771543086172, 3466.1322645290584, 3978.3567134268537, 616.4328657314629, 731.8637274549098, 818.4368737474949, 897.7955911823647, 977.1543086172345, 1049.2985971943888, 1135.871743486974, 1200.801603206413, 1287.374749498998, 1330.6613226452905, 1395.5911823647293, 1474.9498997995993, 1561.5230460921844, 1633.6673346693387, 1792.3847695390782, 1871.743486973948, 1936.6733466933867, 2218.0360721442885, 2477.755511022044, 3256.913827655311, 3971.142284569138, 558.7174348697395, 638.0761523046092, 731.8637274549098, 818.4368737474949, 876.1523046092184, 977.1543086172345, 1049.2985971943888, 1128.6573146292585, 1208.0160320641282, 1287.374749498998, 1330.6613226452905, 1388.3767535070142, 1511.0220440881765, 1619.2384769539078, 1763.5270541082164, 1871.743486973948, 1936.6733466933867, 2066.5330661322646, 2153.1062124248497, 2246.8937875751503, 2362.3246492985973, 2412.8256513026054, 2470.5410821643286, 2549.8997995991986, 2723.0460921843687, 2881.763527054108, 2946.693386773547, 3033.2665330661325, 3314.629258517034, 3401.202404809619, 3574.3486973947897, 3754.7094188376755, 3848.496993987976, 3978.3567134268537, 450.501002004008, 573.1462925851704, 674.1482965931864, 753.5070140280561, 941.0821643286573, 1006.0120240480962, 1070.941883767535, 1164.7294589178357, 1244.0881763527054, 1280.1603206412826, 1352.3046092184368, 1431.6633266533067, 1590.3807615230462, 1691.3827655310622, 1951.1022044088177, 2355.1102204408817, 3069.3386773547095, 3386.7735470941884]","[230.10033444816054, 240.13377926421404]"
106-50-3,"['amine_cn', 'aromatic_out_of_plane_ch', 'benzene_ring_breathing', 'aromatic_ch', 'alkene_ch_sp2', 'nitro_no2_asym', 'ether_co', 'aromatic_cc', 'carboxylic_acid_oh_broad', 'alkyl_halide_ccl', 'amide_cn', 'ester_co_c', 'alkyl_halide_cI', 'alkyl_halide_cbr', 'sulfate_so4']",[],"[472.1442885771543, 638.0761523046092, 796.7935871743487, 1070.941883767535, 1236.8737474949899, 1280.1603206412826, 1467.7354709418837, 1511.0220440881765, 1597.5951903807616, 1713.0260521042085, 3018.8376753507014, 3393.987975951904, 3473.3466933867735]","[242.14046822742475, 306.3545150501672]"
107-31-3,"['alkane_ch_sp3', 'amine_cn', 'amine_nh_primary', 'aromatic_out_of_plane_ch', 'alkene_cc', 'anhydride_co', 'nitro_no2_sym', 'alkene_out_of_plane_ch', 'ether_co', 'amide_nh', 'carboxylic_acid_oh_broad', 'alkyl_halide_ccl', 'sulfone_so2', 'amine_nh_secondary', 'ester_co_c', 'amide_cn', 'sulfate_so4']",[],"[919.438877755511, 1157.5150300601204, 1431.6633266533067, 1756.312625250501, 1799.5991983967936, 2910.62124248497, 703.0060120240481, 832.8657314629259, 984.3687374749499, 1085.370741482966, 1309.0180360721442, 1402.805611222445, 1633.6673346693387, 1886.1723446893789, 2016.0320641282565, 2232.4649298597196, 2477.755511022044, 2787.9759519038075, 3004.4088176352707, 3393.987975951904, 3531.062124248497, 3733.066132264529]",[]
565-59-3,"['alkane_ch_sp3', 'amine_cn', 'aromatic_out_of_plane_ch', 'alkene_out_of_plane_ch', 'ether_co', 'aromatic_cc', 'carboxylic_acid_oh_broad', 'amide_cn', 'ester_co_c', 'sulfate_so4']",[],"[1107.0140280561122, 1373.947895791583, 1453.306613226453, 2809.619238476954, 2881.763527054108, 2946.693386773547, 3018.8376753507014, 832.8657314629259, 948.2965931863728, 1099.7995991983967, 1222.4448897795592, 1287.374749498998, 1424.4488977955912, 1597.5951903807616, 2326.2525050100203, 2780.7615230460924, 2910.62124248497, 3098.1963927855713, 3971.142284569138]",[]
556-61-6,"['alkyne_cc', 'nitrile_cn']",[],"[565.9318637274549, 1410.0200400801605, 2059.318637274549, 2210.821643286573, 2932.2645290581163]",[242.14046822742475]
124-38-9,"['amine_cn', 'alkyl_halide_ccl', 'amide_cn', 'ester_co_c', 'alkyl_halide_cI']",[],"[674.1482965931864, 2311.823647294589, 2355.1102204408817, 3718.637274549098, 479.35871743486973, 746.2925851703407, 1200.801603206413, 1410.0200400801605, 2412.8256513026054, 3653.7074148296592, 3776.3527054108217]",[]
108-24-7,"['amine_cn', 'aromatic_out_of_plane_ch', 'benzene_ring_breathing', 'alkene_cc', 'anhydride_co', 'nitro_no2_sym', 'alkene_out_of_plane_ch', 'ether_co', 'alkyl_halide_ccl', 'sulfone_so2', 'alkyl_halide_cbr', 'aromatic_cc', 'amide_cn', 'ester_co_c', 'alkyl_halide_cI', 'amide_co', 'sulfate_so4']",[],"[594.7895791583167, 767.935871743487, 876.1523046092184, 991.5831663326653, 1070.941883767535, 1114.2284569138278, 1200.801603206413, 1359.5190380761524, 1756.312625250501, 1814.0280561122245, 645.2905811623247, 731.8637274549098, 832.8657314629259, 955.5110220440882, 1078.1563126252504, 1200.801603206413, 1316.2324649298598, 1410.0200400801605, 1604.809619238477, 1777.9559118236473, 2052.104208416834, 2297.3947895791584, 2593.186372745491, 3004.4088176352707, 508.21643286573146, 573.1462925851704, 623.6472945891784, 753.5070140280561, 832.8657314629259, 955.5110220440882, 1027.6553106212425, 1070.941883767535, 1186.372745490982, 1316.2324649298598, 1395.5911823647293, 1474.9498997995993, 1669.739478957916, 1792.3847695390782, 2088.176352705411, 3783.5671342685373]",[]
541-73-1,"['amine_cn', 'aromatic_out_of_plane_ch', 'benzene_ring_breathing', 'alkene_cc', 'nitro_no2_sym', 'aromatic_ch', 'alkene_ch_sp2', 'nitro_no2_asym', 'alkene_out_of_plane_ch', 'ether_co', 'aromatic_cc', 'carboxylic_acid_oh_broad', 'alkyl_halide_ccl', 'amide_cn', 'alkyl_halide_cbr', 'sulfate_so4']",[],"[666.9338677354709, 767.935871743487, 811.2224448897796, 854.5090180360721, 991.5831663326653, 1070.941883767535, 1114.2284569138278, 1272.9458917835673, 1395.5911823647293, 1453.306613226453, 1482.1643286573146, 1561.5230460921844, 1604.809619238477, 1713.0260521042085, 1835.6713426853707, 1915.0300601202405, 3076.553106212425, 724.6492985971944, 818.4368737474949, 847.2945891783568, 905.0100200400802, 1027.6553106212425, 1107.0140280561122, 1179.1583166332666, 1229.6593186372745, 1309.0180360721442, 1352.3046092184368, 1438.877755511022, 1532.6653306613227, 1612.0240480961925, 1698.5971943887776, 1814.0280561122245, 1878.9579158316633, 2044.8897795591183, 609.2184368737475, 710.2204408817636, 753.5070140280561, 811.2224448897796, 847.2945891783568, 933.8677354709419, 1049.2985971943888, 1099.7995991983967, 1150.3006012024048, 1236.8737474949899, 1309.0180360721442, 1359.5190380761524, 1438.877755511022, 1525.4509018036072, 1604.809619238477, 1648.0961923847697, 1698.5971943887776, 1763.5270541082164, 1814.0280561122245, 1915.0300601202405, 1965.5310621242486, 2939.478957915832, 3401.202404809619, 3805.2104208416836]",[]
56-23-5,"['amine_cn', 'aromatic_out_of_plane_ch', 'benzene_ring_breathing', 'alkyne_cc', 'nitro_no2_sym', 'alkene_out_of_plane_ch', 'ether_co', 'alkyl_halide_ccl', 'alkyl_halide_cbr', 'amide_cn', 'ester_co_c', 'alkyl_halide_cI', 'sulfate_so4']",[],"[767.935871743487, 796.7935871743487, 767.935871743487, 796.7935871743487, 472.1442885771543, 652.5050100200401, 782.3647294589179, 832.8657314629259, 1157.5150300601204, 1359.5190380761524, 2910.62124248497, 3776.3527054108217, 767.935871743487, 767.935871743487, 796.7935871743487, 767.935871743487, 796.7935871743487, 767.935871743487, 796.7935871743487, 767.935871743487, 796.7935871743487, 789.5791583166333, 789.5791583166333, 767.935871743487, 796.7935871743487, 767.935871743487, 796.7935871743487, 767.935871743487, 796.7935871743487, 767.935871743487, 796.7935871743487, 767.935871743487, 796.7935871743487, 767.935871743487, 796.7935871743487, 767.935871743487, 796.7935871743487, 767.935871743487, 796.7935871743487, 767.935871743487, 796.7935871743487, 767.935871743487, 796.7935871743487, 472.1442885771543, 652.5050100200401, 782.3647294589179, 832.8657314629259, 1179.1583166332666, 1352.3046092184368, 2340.681362725451, 3761.923847695391, 594.7895791583167, 652.5050100200401, 760.7214428857715, 926.6533066132265, 1042.0841683366734, 1150.3006012024048, 1366.7334669338677, 1741.88376753507, 3776.3527054108217, 789.5791583166333, 767.935871743487, 796.7935871743487, 789.5791583166333, 515.4308617234469, 602.004008016032, 652.5050100200401, 926.6533066132265, 1042.0841683366734, 1092.5851703406813, 1150.3006012024048, 1359.5190380761524, 1741.88376753507, 1936.6733466933867, 2124.248496993988, 2463.3266533066135, 3776.3527054108217, 767.935871743487, 796.7935871743487, 789.5791583166333, 767.935871743487, 796.7935871743487, 767.935871743487, 796.7935871743487]",[]
78-87-5,"['amine_cn', 'aromatic_out_of_plane_ch', 'benzene_ring_breathing', 'anhydride_co', 'nitro_no2_sym', 'alkene_out_of_plane_ch', 'ether_co', 'alkyl_halide_ccl', 'sulfone_so2', 'alkyl_halide_cbr', 'aromatic_cc', 'carboxylic_acid_oh_broad', 'amide_cn', 'ester_co_c', 'alkyl_halide_cI', 'sulfate_so4']",[],"[638.0761523046092, 695.7915831663327, 811.2224448897796, 969.939879759519, 1049.2985971943888, 1099.7995991983967, 1157.5150300601204, 1222.4448897795592, 1265.7314629258517, 1316.2324649298598, 1366.7334669338677, 1417.2344689378758, 1828.4569138276554, 3365.130260521042, 508.21643286573146, 551.5030060120241, 645.2905811623247, 695.7915831663327, 775.1503006012024, 883.3667334669339, 933.8677354709419, 1042.0841683366734, 1085.370741482966, 1150.3006012024048, 1208.0160320641282, 1251.302605210421, 1301.803607214429, 1359.5190380761524, 1402.805611222445, 1482.1643286573146, 1915.0300601202405, 2420.040080160321, 2903.4068136272545, 3783.5671342685373, 464.92985971943887, 515.4308617234469, 630.8617234468938, 674.1482965931864, 731.8637274549098, 905.0100200400802, 998.7975951903808, 1049.2985971943888, 1186.372745490982, 1229.6593186372745, 1373.947895791583, 1438.877755511022, 2946.693386773547, 2982.7655310621244]",[]
56-81-5,"['alkane_ch_sp3', 'amine_cn', 'aromatic_out_of_plane_ch', 'benzene_ring_breathing', 'aromatic_ch', 'alkene_out_of_plane_ch', 'ether_co', 'alkyl_halide_ccl', 'carboxylic_acid_oh_broad', 'alkyl_halide_cbr', 'ester_co_c', 'alkyl_halide_cI', 'sulfate_so4']",[],"[652.5050100200401, 969.939879759519, 1042.0841683366734, 1236.8737474949899, 1373.947895791583, 2888.9779559118238, 2932.2645290581163, 3610.4208416833667, 472.1442885771543, 609.2184368737475, 818.4368737474949, 890.5811623246493, 948.2965931863728, 1006.0120240480962, 1085.370741482966, 1150.3006012024048, 1258.5170340681361, 1575.9519038076153, 1886.1723446893789, 2903.4068136272545, 3004.4088176352707, 3783.5671342685373]",[]
106-46-7,"['amine_cn', 'aromatic_out_of_plane_ch', 'benzene_ring_breathing', 'nitro_no2_sym', 'ether_co', 'alkyl_halide_ccl', 'sulfone_so2', 'alkyl_halide_cbr', 'aromatic_cc', 'amide_cn', 'alkyl_halide_cI', 'sulfate_so4']",[],"[508.21643286573146, 602.004008016032, 847.2945891783568, 897.7955911823647, 991.5831663326653, 1042.0841683366734, 1143.0861723446894, 1193.5871743486973, 1244.0881763527054, 1316.2324649298598, 1417.2344689378758, 1438.877755511022, 1503.807615230461, 1532.6653306613227, 1713.0260521042085, 1792.3847695390782, 1915.0300601202405, 3790.7815631262524, 472.1442885771543, 529.8597194388777, 796.7935871743487, 998.7975951903808, 1078.1563126252504, 1395.5911823647293, 1467.7354709418837, 1871.743486973948, 3076.553106212425]",[]
302-17-0,"['alkane_ch_sp3', 'amine_cn', 'aromatic_out_of_plane_ch', 'benzene_ring_breathing', 'alkene_cc', 'amide_co', 'anhydride_co', 'nitro_no2_sym', 'aromatic_ch', 'alkyl_halide_ccl', 'carboxylic_acid_oh_broad', 'sulfone_so2', 'amide_cn', 'ester_co_c', 'alkyl_halide_cbr']",[],"[681.3627254509017, 760.7214428857715, 897.7955911823647, 1006.0120240480962, 1186.372745490982, 1345.0901803607214, 1547.0941883767534, 1741.88376753507, 1792.3847695390782, 2203.607214428858, 3004.4088176352707, 3682.565130260521, 565.9318637274549, 609.2184368737475, 731.8637274549098, 775.1503006012024, 832.8657314629259, 969.939879759519, 1013.2264529058116, 1337.875751503006, 1727.4549098196394, 1770.741482965932, 1821.2424849699398, 2852.9058116232463, 3516.633266533066, 681.3627254509017, 775.1503006012024, 854.5090180360721, 998.7975951903808, 1070.941883767535, 1150.3006012024048, 1287.374749498998, 1655.310621242485, 2030.4609218436874, 2975.551102204409]",[]
67-66-3,"['amine_cn', 'aromatic_out_of_plane_ch', 'thiol_sh', 'nitro_no2_sym', 'alkene_out_of_plane_ch', 'ether_co', 'alkyl_halide_ccl', 'aromatic_cc', 'carboxylic_acid_oh_broad', 'amide_cn', 'ester_co_c', 'alkyl_halide_cI', 'alkyl_halide_cbr', 'sulfate_so4']",[],"[775.1503006012024, 1222.4448897795592, 681.3627254509017, 767.935871743487, 1215.2304609218436, 775.1503006012024, 1222.4448897795592, 775.1503006012024, 1222.4448897795592, 775.1503006012024, 1222.4448897795592, 775.1503006012024, 1222.4448897795592, 775.1503006012024, 1222.4448897795592, 775.1503006012024, 1222.4448897795592, 775.1503006012024, 1222.4448897795592, 486.5731462925852, 652.5050100200401, 710.2204408817636, 811.2224448897796, 984.3687374749499, 1193.5871743486973, 1258.5170340681361, 1503.807615230461, 2376.7535070140284, 2492.184368737475, 3783.5671342685373, 472.1442885771543, 544.2885771543087, 645.2905811623247, 695.7915831663327, 897.7955911823647, 977.1543086172345, 1107.0140280561122, 1359.5190380761524, 1460.5210420841684, 2037.6753507014027, 2571.543086172345, 3538.2765531062123, 3653.7074148296592, 3776.3527054108217, 681.3627254509017, 775.1503006012024, 1222.4448897795592, 681.3627254509017, 767.935871743487, 1215.2304609218436, 775.1503006012024, 1222.4448897795592, 681.3627254509017, 775.1503006012024, 1222.4448897795592, 775.1503006012024, 1222.4448897795592, 674.1482965931864, 753.5070140280561, 1200.801603206413, 775.1503006012024, 1222.4448897795592, 775.1503006012024, 1222.4448897795592, 775.1503006012024, 1222.4448897795592, 775.1503006012024, 1222.4448897795592, 681.3627254509017, 767.935871743487, 1215.2304609218436, 681.3627254509017, 775.1503006012024, 1222.4448897795592, 775.1503006012024, 1222.4448897795592, 681.3627254509017, 775.1503006012024, 1222.4448897795592, 681.3627254509017, 767.935871743487, 1215.2304609218436, 681.3627254509017, 767.935871743487, 1215.2304609218436, 681.3627254509017, 775.1503006012024, 1222.4448897795592]",[]
556-67-2,"['alkane_ch_sp3', 'amine_cn', 'aromatic_out_of_plane_ch', 'benzene_ring_breathing', 'alkene_out_of_plane_ch', 'ether_co', 'alkyl_halide_ccl', 'carboxylic_acid_oh_broad', 'alkyl_halide_cbr', 'amide_cn', 'ester_co_c', 'alkyl_halide_cI', 'sulfate_so4']",[],"[450.501002004008, 501.002004008016, 630.8617234468938, 717.4348697394789, 926.6533066132265, 1200.801603206413, 1280.1603206412826, 1503.807615230461, 1886.1723446893789, 2355.1102204408817, 2925.0501002004007, 3776.3527054108217, 674.1482965931864, 796.7935871743487, 840.0801603206413, 1027.6553106212425, 1070.941883767535, 1121.442885771543, 1244.0881763527054, 2953.9078156312626]",[]
108-46-3,"['aromatic_ch', 'ether_co', 'aromatic_cc', 'amide_cn', 'amine_nh_secondary', 'alkyl_halide_ccl', 'amide_nh', 'ester_co_c', 'aromatic_out_of_plane_ch', 'benzene_ring_breathing', 'alcohol_phenol_oh', 'nitro_no2_asym', 'alkyl_halide_cbr', 'alkyl_halide_cI', 'sulfate_so4', 'amine_nh_primary', 'amine_cn', 'alkene_cc', 'alkene_ch_sp2', 'alkene_out_of_plane_ch', 'carboxylic_acid_oh_broad', 'amide_co']",[],"[464.92985971943887, 674.1482965931864, 753.5070140280561, 832.8657314629259, 948.2965931863728, 1070.941883767535, 1128.6573146292585, 1164.7294589178357, 1294.5891783567135, 1474.9498997995993, 1597.5951903807616, 1640.881763527054, 2434.4689378757516, 3033.2665330661325, 3639.2785571142285, 3682.565130260521, 486.5731462925852, 573.1462925851704, 659.7194388777555, 703.0060120240481, 753.5070140280561, 825.6513026052105, 883.3667334669339, 984.3687374749499, 1193.5871743486973, 1352.3046092184368, 1431.6633266533067, 1532.6653306613227, 1655.310621242485, 3473.3466933867735, 3776.3527054108217]","[206.02006688963212, 276.25418060200667]"
95-47-6,"['alkane_ch_sp3', 'amine_cn', 'aromatic_out_of_plane_ch', 'benzene_ring_breathing', 'aromatic_ch', 'alkene_ch_sp2', 'alkene_out_of_plane_ch', 'nitro_no2_asym', 'ether_co', 'aromatic_cc', 'carboxylic_acid_oh_broad', 'alkyl_halide_ccl', 'amide_cn', 'ester_co_c', 'alkyl_halide_cI', 'alkyl_halide_cbr', 'sulfate_so4']",[],"[746.2925851703407, 1056.5130260521041, 1128.6573146292585, 1388.3767535070142, 1467.7354709418837, 1604.809619238477, 1900.6012024048096, 2744.689378757515, 2888.9779559118238, 2946.693386773547, 3033.2665330661325, 3076.553106212425, 739.0781563126252, 1049.2985971943888, 1121.442885771543, 1388.3767535070142, 1467.7354709418837, 1604.809619238477, 1900.6012024048096, 2881.763527054108, 2939.478957915832, 3026.052104208417, 3069.3386773547095, 739.0781563126252, 984.3687374749499, 1056.5130260521041, 1128.6573146292585, 1388.3767535070142, 1467.7354709418837, 1604.809619238477, 1900.6012024048096, 1943.8877755511023, 2744.689378757515, 2888.9779559118238, 2939.478957915832, 3033.2665330661325, 3069.3386773547095, 746.2925851703407, 991.5831663326653, 1056.5130260521041, 1128.6573146292585, 1222.4448897795592, 1388.3767535070142, 1467.7354709418837, 1604.809619238477, 1785.1703406813626, 1900.6012024048096, 1943.8877755511023, 2744.689378757515, 2888.9779559118238, 2946.693386773547, 3033.2665330661325, 3076.553106212425, 739.0781563126252, 984.3687374749499, 1056.5130260521041, 1128.6573146292585, 1388.3767535070142, 1467.7354709418837, 1604.809619238477, 1900.6012024048096, 1943.8877755511023, 2744.689378757515, 2888.9779559118238, 2939.478957915832, 3033.2665330661325, 3069.3386773547095, 739.0781563126252, 984.3687374749499, 1056.5130260521041, 1128.6573146292585, 1388.3767535070142, 1467.7354709418837, 1604.809619238477, 1900.6012024048096, 2744.689378757515, 2888.9779559118238, 2939.478957915832, 3033.2665330661325, 3069.3386773547095, 746.2925851703407, 991.5831663326653, 1056.5130260521041, 1128.6573146292585, 1222.4448897795592, 1388.3767535070142, 1467.7354709418837, 1604.809619238477, 1785.1703406813626, 1900.6012024048096, 1943.8877755511023, 2744.689378757515, 2888.9779559118238, 2946.693386773547, 3033.2665330661325, 3076.553106212425, 746.2925851703407, 991.5831663326653, 1056.5130260521041, 1128.6573146292585, 1222.4448897795592, 1388.3767535070142, 1467.7354709418837, 1496.5931863727455, 1604.809619238477, 1785.1703406813626, 1900.6012024048096, 2744.689378757515, 2888.9779559118238, 2946.693386773547, 3033.2665330661325, 3076.553106212425, 746.2925851703407, 991.5831663326653, 1056.5130260521041, 1128.6573146292585, 1222.4448897795592, 1388.3767535070142, 1467.7354709418837, 1604.809619238477, 1785.1703406813626, 1900.6012024048096, 1943.8877755511023, 2744.689378757515, 2888.9779559118238, 2946.693386773547, 3033.2665330661325, 3076.553106212425, 739.0781563126252, 1049.2985971943888, 1121.442885771543, 1388.3767535070142, 1467.7354709418837, 1604.809619238477, 1900.6012024048096, 2881.763527054108, 2939.478957915832, 3026.052104208417, 3069.3386773547095, 746.2925851703407, 991.5831663326653, 1056.5130260521041, 1128.6573146292585, 1222.4448897795592, 1388.3767535070142, 1467.7354709418837, 1496.5931863727455, 1604.809619238477, 1785.1703406813626, 1900.6012024048096, 2744.689378757515, 2888.9779559118238, 2946.693386773547, 3033.2665330661325, 3076.553106212425, 565.9318637274549, 717.4348697394789, 760.7214428857715, 1034.8697394789579, 1114.2284569138278, 1373.947895791583, 1474.9498997995993, 1590.3807615230462, 1878.9579158316633, 2874.5490981963926, 2917.8356713426856, 3018.8376753507014, 3047.695390781563, 3920.6412825651305, 746.2925851703407, 991.5831663326653, 1056.5130260521041, 1128.6573146292585, 1229.6593186372745, 1388.3767535070142, 1467.7354709418837, 1604.809619238477, 1785.1703406813626, 1900.6012024048096, 1943.8877755511023, 2744.689378757515, 2888.9779559118238, 2946.693386773547, 3033.2665330661325, 3076.553106212425, 739.0781563126252, 1049.2985971943888, 1121.442885771543, 1388.3767535070142, 1467.7354709418837, 1604.809619238477, 1900.6012024048096, 2881.763527054108, 2939.478957915832, 3026.052104208417, 3069.3386773547095, 724.6492985971944, 782.3647294589179, 1092.5851703406813, 1258.5170340681361, 1417.2344689378758, 1554.308617234469, 1640.881763527054, 1756.312625250501, 2016.0320641282565, 2903.4068136272545, 2989.9799599198395, 3047.695390781563, 3242.4849699398796, 746.2925851703407, 1056.5130260521041, 1128.6573146292585, 1388.3767535070142, 1467.7354709418837, 1604.809619238477, 1900.6012024048096, 2744.689378757515, 2888.9779559118238, 2946.693386773547, 3033.2665330661325, 3076.553106212425, 739.0781563126252, 984.3687374749499, 1056.5130260521041, 1128.6573146292585, 1388.3767535070142, 1467.7354709418837, 1604.809619238477, 1900.6012024048096, 1943.8877755511023, 2744.689378757515, 2888.9779559118238, 2939.478957915832, 3033.2665330661325, 3069.3386773547095, 746.2925851703407, 991.5831663326653, 1056.5130260521041, 1128.6573146292585, 1222.4448897795592, 1388.3767535070142, 1467.7354709418837, 1496.5931863727455, 1604.809619238477, 1785.1703406813626, 1900.6012024048096, 2744.689378757515, 2888.9779559118238, 2946.693386773547, 3033.2665330661325, 3076.553106212425, 746.2925851703407, 1056.5130260521041, 1128.6573146292585, 1388.3767535070142, 1467.7354709418837, 1604.809619238477, 1900.6012024048096, 2744.689378757515, 2888.9779559118238, 2946.693386773547, 3033.2665330661325, 3076.553106212425, 746.2925851703407, 991.5831663326653, 1056.5130260521041, 1128.6573146292585, 1388.3767535070142, 1467.7354709418837, 1496.5931863727455, 1604.809619238477, 1785.1703406813626, 1900.6012024048096, 2744.689378757515, 2888.9779559118238, 2946.693386773547, 3033.2665330661325, 3076.553106212425, 746.2925851703407, 1056.5130260521041, 1128.6573146292585, 1388.3767535070142, 1467.7354709418837, 1604.809619238477, 1900.6012024048096, 2744.689378757515, 2888.9779559118238, 2946.693386773547, 3033.2665330661325, 3076.553106212425, 746.2925851703407, 991.5831663326653, 1056.5130260521041, 1128.6573146292585, 1229.6593186372745, 1388.3767535070142, 1467.7354709418837, 1604.809619238477, 1785.1703406813626, 1900.6012024048096, 1943.8877755511023, 2744.689378757515, 2888.9779559118238, 2946.693386773547, 2975.551102204409, 3033.2665330661325, 3076.553106212425, 739.0781563126252, 1049.2985971943888, 1121.442885771543, 1388.3767535070142, 1467.7354709418837, 1604.809619238477, 1900.6012024048096, 2881.763527054108, 2939.478957915832, 3026.052104208417, 3069.3386773547095, 739.0781563126252, 1049.2985971943888, 1121.442885771543, 1388.3767535070142, 1467.7354709418837, 1604.809619238477, 1900.6012024048096, 2881.763527054108, 2939.478957915832, 3026.052104208417, 3069.3386773547095, 746.2925851703407, 1056.5130260521041, 1128.6573146292585, 1388.3767535070142, 1467.7354709418837, 1604.809619238477, 1900.6012024048096, 2744.689378757515, 2888.9779559118238, 2946.693386773547, 3033.2665330661325, 3076.553106212425, 746.2925851703407, 991.5831663326653, 1056.5130260521041, 1128.6573146292585, 1222.4448897795592, 1388.3767535070142, 1467.7354709418837, 1496.5931863727455, 1604.809619238477, 1785.1703406813626, 1900.6012024048096, 2744.689378757515, 2888.9779559118238, 2946.693386773547, 3033.2665330661325, 3076.553106212425, 739.0781563126252, 984.3687374749499, 1056.5130260521041, 1128.6573146292585, 1388.3767535070142, 1467.7354709418837, 1604.809619238477, 1900.6012024048096, 2744.689378757515, 2888.9779559118238, 2939.478957915832, 3033.2665330661325, 3069.3386773547095, 609.2184368737475, 688.5771543086173, 905.0100200400802, 955.5110220440882, 998.7975951903808, 1042.0841683366734, 1078.1563126252504, 1200.801603206413, 1244.0881763527054, 1402.805611222445, 1482.1643286573146, 1525.4509018036072, 1561.5230460921844, 1648.0961923847697, 1749.0981963927857, 1814.0280561122245, 1922.2444889779558, 2066.5330661322646, 2528.2565130260523, 2629.258517034068, 2759.118236472946, 2888.9779559118238, 2997.194388777555, 3393.987975951904, 3927.8557114228456]",[]
141-78-6,"['amine_cn', 'aromatic_out_of_plane_ch', 'benzene_ring_breathing', 'thiol_sh', 'anhydride_co', 'nitro_no2_sym', 'alkene_out_of_plane_ch', 'ether_co', 'aromatic_cc', 'carboxylic_acid_oh_broad', 'alkyl_halide_ccl', 'sulfone_so2', 'amide_nh', 'amide_cn', 'ester_co_c', 'alkyl_halide_cI', 'alkyl_halide_cbr', 'sulfate_so4']",[],"[630.8617234468938, 854.5090180360721, 933.8677354709419, 1056.5130260521041, 1244.0881763527054, 1381.1623246492986, 1770.741482965932, 2997.194388777555, 630.8617234468938, 847.2945891783568, 933.8677354709419, 1056.5130260521041, 1244.0881763527054, 1381.1623246492986, 1763.5270541082164, 2989.9799599198395, 630.8617234468938, 854.5090180360721, 933.8677354709419, 1056.5130260521041, 1244.0881763527054, 1381.1623246492986, 1763.5270541082164, 2989.9799599198395, 630.8617234468938, 854.5090180360721, 933.8677354709419, 1056.5130260521041, 1244.0881763527054, 1381.1623246492986, 1763.5270541082164, 2989.9799599198395, 630.8617234468938, 847.2945891783568, 933.8677354709419, 1056.5130260521041, 1244.0881763527054, 1381.1623246492986, 1763.5270541082164, 2989.9799599198395, 630.8617234468938, 847.2945891783568, 926.6533066132265, 1056.5130260521041, 1244.0881763527054, 1373.947895791583, 1763.5270541082164, 2989.9799599198395, 630.8617234468938, 854.5090180360721, 933.8677354709419, 1056.5130260521041, 1244.0881763527054, 1381.1623246492986, 1763.5270541082164, 2989.9799599198395, 630.8617234468938, 854.5090180360721, 933.8677354709419, 1056.5130260521041, 1244.0881763527054, 1381.1623246492986, 1763.5270541082164, 2989.9799599198395, 630.8617234468938, 854.5090180360721, 933.8677354709419, 1056.5130260521041, 1244.0881763527054, 1381.1623246492986, 1770.741482965932, 2997.194388777555, 630.8617234468938, 847.2945891783568, 933.8677354709419, 1056.5130260521041, 1244.0881763527054, 1381.1623246492986, 1763.5270541082164, 2989.9799599198395, 630.8617234468938, 847.2945891783568, 926.6533066132265, 1056.5130260521041, 1244.0881763527054, 1373.947895791583, 1763.5270541082164, 2989.9799599198395, 630.8617234468938, 847.2945891783568, 926.6533066132265, 1056.5130260521041, 1244.0881763527054, 1373.947895791583, 1763.5270541082164, 2989.9799599198395, 558.7174348697395, 731.8637274549098, 818.4368737474949, 890.5811623246493, 969.939879759519, 1092.5851703406813, 1150.3006012024048, 1301.803607214429, 1337.875751503006, 1424.4488977955912, 1597.5951903807616, 1943.8877755511023, 2571.543086172345, 3386.7735470941884, 3761.923847695391, 630.8617234468938, 854.5090180360721, 933.8677354709419, 1056.5130260521041, 1244.0881763527054, 1381.1623246492986, 1763.5270541082164, 2997.194388777555, 630.8617234468938, 854.5090180360721, 933.8677354709419, 1056.5130260521041, 1244.0881763527054, 1381.1623246492986, 1770.741482965932, 2997.194388777555, 630.8617234468938, 854.5090180360721, 933.8677354709419, 1056.5130260521041, 1244.0881763527054, 1381.1623246492986, 1763.5270541082164, 2989.9799599198395, 630.8617234468938, 854.5090180360721, 933.8677354709419, 1056.5130260521041, 1244.0881763527054, 1381.1623246492986, 1763.5270541082164, 2997.194388777555, 630.8617234468938, 854.5090180360721, 933.8677354709419, 1056.5130260521041, 1244.0881763527054, 1381.1623246492986, 1770.741482965932, 2997.194388777555, 630.8617234468938, 854.5090180360721, 933.8677354709419, 1056.5130260521041, 1244.0881763527054, 1381.1623246492986, 1763.5270541082164, 2997.194388777555, 630.8617234468938, 933.8677354709419, 1056.5130260521041, 1244.0881763527054, 1381.1623246492986, 1763.5270541082164, 2989.9799599198395, 616.4328657314629, 832.8657314629259, 912.2244488977956, 1034.8697394789579, 1186.372745490982, 1229.6593186372745, 1280.1603206412826, 1359.5190380761524, 1756.312625250501, 2975.551102204409, 630.8617234468938, 847.2945891783568, 926.6533066132265, 1056.5130260521041, 1244.0881763527054, 1373.947895791583, 1763.5270541082164, 2989.9799599198395, 508.21643286573146, 616.4328657314629, 731.8637274549098, 818.4368737474949, 890.5811623246493, 962.7254509018036, 1078.1563126252504, 1135.871743486974, 1330.6613226452905, 1410.0200400801605, 1525.4509018036072, 1590.3807615230462, 1842.885771543086, 2037.6753507014027, 2326.2525050100203, 2549.8997995991986, 3264.128256513026, 3776.3527054108217, 630.8617234468938, 847.2945891783568, 933.8677354709419, 1056.5130260521041, 1244.0881763527054, 1381.1623246492986, 1763.5270541082164, 2989.9799599198395, 630.8617234468938, 854.5090180360721, 933.8677354709419, 1056.5130260521041, 1244.0881763527054, 1381.1623246492986, 1770.741482965932, 2997.194388777555, 630.8617234468938, 854.5090180360721, 933.8677354709419, 1056.5130260521041, 1244.0881763527054, 1381.1623246492986, 1763.5270541082164, 2997.194388777555, 630.8617234468938, 854.5090180360721, 933.8677354709419, 1056.5130260521041, 1244.0881763527054, 1381.1623246492986, 1763.5270541082164, 2989.9799599198395, 630.8617234468938, 847.2945891783568, 926.6533066132265, 1056.5130260521041, 1244.0881763527054, 1373.947895791583, 1763.5270541082164, 2989.9799599198395]",[]
107-19-7,"['alkane_ch_sp3', 'amine_cn', 'amine_nh_primary', 'aromatic_out_of_plane_ch', 'benzene_ring_breathing', 'alcohol_phenol_oh', 'ether_co', 'amide_nh', 'carboxylic_acid_oh_broad', 'alkyl_halide_cbr', 'alkyne_ch_sp', 'alkyl_halide_ccl', 'amine_nh_secondary', 'ester_co_c', 'amide_cn', 'sulfate_so4']",[],"[587.5751503006012, 638.0761523046092, 681.3627254509017, 897.7955911823647, 1034.8697394789579, 1078.1563126252504, 1229.6593186372745, 1373.947895791583, 2917.8356713426856, 3314.629258517034, 3632.064128256513]",[]
501-52-0,"['amine_cn', 'alcohol_phenol_oh', 'anhydride_co', 'nitro_no2_sym', 'aromatic_ch', 'alkene_ch_sp2', 'ether_co', 'alkyl_halide_ccl', 'carboxylic_acid_oh_broad', 'alkyl_halide_cbr', 'amide_cn', 'alkyl_halide_cI', 'sulfate_so4']",[],"[551.5030060120241, 674.1482965931864, 1020.440881763527, 1070.941883767535, 1114.2284569138278, 1164.7294589178357, 1359.5190380761524, 1438.877755511022, 1590.3807615230462, 1756.312625250501, 2925.0501002004007, 3026.052104208417, 3559.9198396793586]","[226.08695652173913, 258.19397993311037]"
51-28-5,"['amine_cn', 'aromatic_out_of_plane_ch', 'alcohol_phenol_oh', 'alkyne_cc', 'nitro_no2_sym', 'alkene_out_of_plane_ch', 'ether_co', 'amide_nh', 'aromatic_cc', 'alkyl_halide_ccl', 'sulfone_so2', 'carboxylic_acid_oh_broad', 'amide_cn', 'ester_co_c', 'alkyl_halide_cI', 'alkyl_halide_cbr', 'sulfate_so4']",[],"[486.5731462925852, 551.5030060120241, 602.004008016032, 666.9338677354709, 746.2925851703407, 796.7935871743487, 897.7955911823647, 948.2965931863728, 1092.5851703406813, 1121.442885771543, 1171.943887775551, 1236.8737474949899, 1301.803607214429, 1410.0200400801605, 1467.7354709418837, 1503.807615230461, 1612.0240480961925, 1756.312625250501, 1922.2444889779558, 2117.0340681362723, 2506.613226452906, 3004.4088176352707, 3141.482965931864, 3790.7815631262524, 558.7174348697395, 630.8617234468938, 688.5771543086173, 832.8657314629259, 912.2244488977956, 1049.2985971943888, 1121.442885771543, 1193.5871743486973, 1258.5170340681361, 1316.2324649298598, 1431.6633266533067, 1474.9498997995993, 1547.0941883767534, 1597.5951903807616, 1640.881763527054, 2874.5490981963926, 3228.056112224449, 493.7875751503006, 551.5030060120241, 602.004008016032, 695.7915831663327, 731.8637274549098, 789.5791583166333, 818.4368737474949, 897.7955911823647, 948.2965931863728, 1085.370741482966, 1164.7294589178357, 1229.6593186372745, 1301.803607214429, 1402.805611222445, 1474.9498997995993, 1583.1663326653306, 1741.88376753507, 1922.2444889779558, 2109.819639278557, 2513.827655310621, 3040.4809619238476, 3148.697394789579, 3797.995991983968]","[230.10033444816054, 264.2140468227425, 360.53511705685617]"
79-11-8,"['ether_co', 'aromatic_cc', 'amine_nh_secondary', 'amide_cn', 'amide_nh', 'alkyl_halide_ccl', 'ester_co_c', 'aromatic_out_of_plane_ch', 'benzene_ring_breathing', 'nitro_no2_sym', 'nitro_no2_asym', 'sulfone_so2', 'alkyl_halide_cbr', 'alkyl_halide_cI', 'amine_nh_primary', 'sulfate_so4', 'amine_cn', 'alkene_cc', 'carboxylic_acid_oh_broad']",[],"[436.07214428857714, 537.0741482965932, 739.0781563126252, 825.6513026052105, 897.7955911823647, 1063.7274549098197, 1244.0881763527054, 1337.875751503006, 1460.5210420841684, 1633.6673346693387, 1958.316633266533, 2160.3206412825652, 2376.7535070140284, 2629.258517034068, 2744.689378757515, 2975.551102204409, 3473.3466933867735, 3783.5671342685373, 522.6452905811623, 724.6492985971944, 825.6513026052105, 1006.0120240480962, 1236.8737474949899, 1352.3046092184368, 1518.2364729458918, 1604.809619238477, 2037.6753507014027, 2629.258517034068, 2751.9038076152306, 2975.551102204409, 3790.7815631262524]",[]
108-94-1,"['ether_co', 'aromatic_cc', 'amide_cn', 'carboxylic_acid_co', 'amide_nh', 'alkyl_halide_ccl', 'ester_co_c', 'aromatic_out_of_plane_ch', 'benzene_ring_breathing', 'nitro_no2_sym', 'nitro_no2_asym', 'sulfone_so2', 'alkyl_halide_cbr', 'alkyl_halide_cI', 'sulfate_so4', 'alkane_ch_sp3', 'amine_cn', 'ketone_co', 'alkene_out_of_plane_ch', 'carboxylic_acid_oh_broad']",[],"[472.1442885771543, 731.8637274549098, 883.3667334669339, 1034.8697394789579, 1114.2284569138278, 1200.801603206413, 1309.0180360721442, 1431.6633266533067, 1669.739478957916, 1713.0260521042085, 1763.5270541082164, 2867.3346693386775, 2932.2645290581163, 3437.2745490981965, 428.85771543086173, 616.4328657314629, 695.7915831663327, 789.5791583166333, 876.1523046092184, 926.6533066132265, 1027.6553106212425, 1085.370741482966, 1143.0861723446894, 1280.1603206412826, 1330.6613226452905, 1366.7334669338677, 1547.0941883767534, 1785.1703406813626, 2030.4609218436874, 2701.4028056112224, 2896.1923847695393, 3278.557114228457, 3776.3527054108217]","[224.08026755852842, 278.2608695652174]"
79-24-3,"['amine_cn', 'aromatic_out_of_plane_ch', 'benzene_ring_breathing', 'alkene_out_of_plane_ch', 'nitro_no2_asym', 'ether_co', 'aromatic_cc', 'carboxylic_acid_oh_broad', 'alkyl_halide_ccl', 'amide_cn', 'ester_co_c', 'alkyl_halide_cI', 'alkyl_halide_cbr', 'sulfate_so4']",[],"[544.2885771543087, 739.0781563126252, 832.8657314629259, 933.8677354709419, 1013.2264529058116, 1193.5871743486973, 1280.1603206412826, 1417.2344689378758, 1482.1643286573146, 2016.0320641282565, 2593.186372745491, 2802.4048096192387, 2925.0501002004007, 2968.3366733466933, 3769.138276553106, 594.7895791583167, 868.937875751503, 1114.2284569138278, 1395.5911823647293, 1511.0220440881765, 1554.308617234469, 2997.194388777555]",[]
354-33-6,"['amine_cn', 'aromatic_out_of_plane_ch', 'nitro_no2_sym', 'ether_co', 'alkyl_halide_ccl', 'sulfone_so2', 'alkyl_halide_cbr', 'amide_cn', 'ester_co_c', 'sulfate_so4']",[],"[587.5751503006012, 724.6492985971944, 868.937875751503, 1143.0861723446894, 1215.2304609218436, 1309.0180360721442, 3004.4088176352707, 587.5751503006012, 724.6492985971944, 868.937875751503, 1143.0861723446894, 1215.2304609218436, 1309.0180360721442, 3004.4088176352707, 587.5751503006012, 724.6492985971944, 868.937875751503, 1143.0861723446894, 1215.2304609218436, 1309.0180360721442, 3004.4088176352707, 587.5751503006012, 724.6492985971944, 868.937875751503, 1143.0861723446894, 1215.2304609218436, 1309.0180360721442, 3004.4088176352707, 587.5751503006012, 724.6492985971944, 868.937875751503, 1143.0861723446894, 1215.2304609218436, 1309.0180360721442, 3004.4088176352707, 587.5751503006012, 724.6492985971944, 861.7234468937876, 1143.0861723446894, 1215.2304609218436, 1309.0180360721442, 2997.194388777555, 587.5751503006012, 724.6492985971944, 868.937875751503, 1143.0861723446894, 1215.2304609218436, 1309.0180360721442, 3004.4088176352707, 587.5751503006012, 724.6492985971944, 868.937875751503, 1143.0861723446894, 1215.2304609218436, 1309.0180360721442, 3004.4088176352707, 587.5751503006012, 724.6492985971944, 868.937875751503, 1143.0861723446894, 1215.2304609218436, 1309.0180360721442, 3004.4088176352707, 587.5751503006012, 724.6492985971944, 868.937875751503, 1143.0861723446894, 1215.2304609218436, 1309.0180360721442, 3004.4088176352707, 587.5751503006012, 724.6492985971944, 868.937875751503, 1143.0861723446894, 1215.2304609218436, 1309.0180360721442, 3004.4088176352707, 587.5751503006012, 724.6492985971944, 868.937875751503, 1143.0861723446894, 1215.2304609218436, 1309.0180360721442, 2997.194388777555, 587.5751503006012, 724.6492985971944, 868.937875751503, 1143.0861723446894, 1215.2304609218436, 1309.0180360721442, 3004.4088176352707, 587.5751503006012, 724.6492985971944, 868.937875751503, 1143.0861723446894, 1215.2304609218436, 1309.0180360721442, 2997.194388777555, 587.5751503006012, 724.6492985971944, 868.937875751503, 1143.0861723446894, 1215.2304609218436, 1309.0180360721442, 3004.4088176352707, 587.5751503006012, 724.6492985971944, 868.937875751503, 1143.0861723446894, 1215.2304609218436, 1309.0180360721442, 3004.4088176352707, 587.5751503006012, 724.6492985971944, 868.937875751503, 1143.0861723446894, 1215.2304609218436, 1309.0180360721442, 3004.4088176352707, 587.5751503006012, 724.6492985971944, 868.937875751503, 1143.0861723446894, 1215.2304609218436, 1309.0180360721442, 2997.194388777555, 587.5751503006012, 724.6492985971944, 868.937875751503, 1143.0861723446894, 1215.2304609218436, 1309.0180360721442, 3004.4088176352707, 587.5751503006012, 724.6492985971944, 868.937875751503, 1143.0861723446894, 1215.2304609218436, 1309.0180360721442, 3004.4088176352707, 587.5751503006012, 724.6492985971944, 868.937875751503, 1143.0861723446894, 1215.2304609218436, 1309.0180360721442, 3004.4088176352707, 587.5751503006012, 724.6492985971944, 868.937875751503, 1143.0861723446894, 1215.2304609218436, 1309.0180360721442, 2997.194388777555, 587.5751503006012, 724.6492985971944, 868.937875751503, 1143.0861723446894, 1215.2304609218436, 1309.0180360721442, 3004.4088176352707, 587.5751503006012, 724.6492985971944, 868.937875751503, 1143.0861723446894, 1215.2304609218436, 1309.0180360721442, 3004.4088176352707, 587.5751503006012, 724.6492985971944, 868.937875751503, 1143.0861723446894, 1215.2304609218436, 1309.0180360721442, 3004.4088176352707]",[]
534-15-6,"['alkane_ch_sp3', 'amine_cn', 'aromatic_out_of_plane_ch', 'benzene_ring_breathing', 'alkene_out_of_plane_ch', 'ether_co', 'aromatic_cc', 'carboxylic_acid_oh_broad', 'alkyl_halide_ccl', 'amide_cn', 'ester_co_c', 'alkyl_halide_cbr', 'sulfate_so4']",[],"[609.2184368737475, 739.0781563126252, 948.2965931863728, 1013.2264529058116, 1063.7274549098197, 1107.0140280561122, 1171.943887775551, 1294.5891783567135, 1410.0200400801605, 1489.37875751503, 1814.0280561122245, 2441.6833667334668, 2694.188376753507, 2852.9058116232463, 2910.62124248497, 2953.9078156312626, 3285.771543086172, 3761.923847695391, 515.4308617234469, 868.937875751503, 991.5831663326653, 1114.2284569138278, 1193.5871743486973, 1373.947895791583, 1756.312625250501, 2831.2625250501, 2917.8356713426856, 2989.9799599198395]",[]
108-90-7,"['amine_cn', 'aromatic_out_of_plane_ch', 'benzene_ring_breathing', 'aromatic_ch', 'alkene_ch_sp2', 'alkene_out_of_plane_ch', 'nitro_no2_asym', 'ether_co', 'aromatic_cc', 'carboxylic_acid_oh_broad', 'alkyl_halide_ccl', 'alkyl_halide_cI', 'sulfate_so4']",[],"[457.71543086172346, 623.6472945891784, 666.9338677354709, 724.6492985971944, 760.7214428857715, 912.2244488977956, 1006.0120240480962, 1070.941883767535, 1352.3046092184368, 1431.6633266533067, 1474.9498997995993, 1568.7374749498997, 1713.0260521042085, 1922.2444889779558, 3069.3386773547095, 472.1442885771543, 717.4348697394789, 775.1503006012024, 948.2965931863728, 1049.2985971943888, 1150.3006012024048, 1388.3767535070142, 1453.306613226453, 1511.0220440881765, 1669.739478957916, 1900.6012024048096, 2326.2525050100203, 2910.62124248497, 3559.9198396793586, 3754.7094188376755, 486.5731462925852, 710.2204408817636, 775.1503006012024, 854.5090180360721, 998.7975951903808, 1049.2985971943888, 1114.2284569138278, 1150.3006012024048, 1345.0901803607214, 1424.4488977955912, 1467.7354709418837, 1539.879759519038, 1619.2384769539078, 1669.739478957916, 1763.5270541082164, 1842.885771543086, 1915.0300601202405, 2016.0320641282565, 3393.987975951904, 3783.5671342685373]","[226.08695652173913, 262.2073578595318, 270.23411371237455]"
58-90-2,"['amine_cn', 'aromatic_out_of_plane_ch', 'benzene_ring_breathing', 'alcohol_phenol_oh', 'anhydride_co', 'nitro_no2_sym', 'alkene_out_of_plane_ch', 'nitro_no2_asym', 'ether_co', 'amide_nh', 'aromatic_cc', 'alkyl_halide_ccl', 'amide_cn', 'ester_co_c', 'alkyl_halide_cI', 'alkyl_halide_cbr', 'sulfate_so4']",[],"[537.0741482965932, 602.004008016032, 681.3627254509017, 724.6492985971944, 789.5791583166333, 840.0801603206413, 919.438877755511, 962.7254509018036, 1006.0120240480962, 1143.0861723446894, 1179.1583166332666, 1244.0881763527054, 1330.6613226452905, 1359.5190380761524, 1424.4488977955912, 1511.0220440881765, 1691.3827655310622, 1799.5991983967936, 3004.4088176352707, 3220.8416833667334, 3783.5671342685373, 457.71543086172346, 551.5030060120241, 623.6472945891784, 703.0060120240481, 753.5070140280561, 804.0080160320641, 847.2945891783568, 1114.2284569138278, 1193.5871743486973, 1272.9458917835673, 1366.7334669338677, 1431.6633266533067, 1474.9498997995993, 1539.879759519038, 3552.7054108216435, 3725.8517034068136]","[230.10033444816054, 316.38795986622074, 336.45484949832775]"
108-88-3,"['alkane_ch_sp3', 'amine_cn', 'aromatic_out_of_plane_ch', 'benzene_ring_breathing', 'alkyne_cc', 'aromatic_ch', 'alkene_ch_sp2', 'nitro_no2_asym', 'alkene_out_of_plane_ch', 'ether_co', 'aromatic_cc', 'carboxylic_acid_oh_broad', 'alkyl_halide_ccl', 'amide_cn', 'ester_co_c', 'alkyl_halide_cI', 'alkyl_halide_cbr', 'sulfate_so4']",[],"[724.6492985971944, 1034.8697394789579, 1085.370741482966, 1388.3767535070142, 1460.5210420841684, 1496.5931863727455, 1612.0240480961925, 1799.5991983967936, 1864.5290581162326, 1943.8877755511023, 2744.689378757515, 2881.763527054108, 2939.478957915832, 3040.4809619238476, 3076.553106212425, 724.6492985971944, 1034.8697394789579, 1085.370741482966, 1388.3767535070142, 1460.5210420841684, 1496.5931863727455, 1612.0240480961925, 1799.5991983967936, 1864.5290581162326, 1943.8877755511023, 2744.689378757515, 2881.763527054108, 2939.478957915832, 3040.4809619238476, 3076.553106212425, 724.6492985971944, 1034.8697394789579, 1078.1563126252504, 1388.3767535070142, 1496.5931863727455, 1612.0240480961925, 1799.5991983967936, 1864.5290581162326, 1943.8877755511023, 2744.689378757515, 2881.763527054108, 2932.2645290581163, 3040.4809619238476, 3076.553106212425, 724.6492985971944, 1034.8697394789579, 1085.370741482966, 1388.3767535070142, 1460.5210420841684, 1496.5931863727455, 1612.0240480961925, 1799.5991983967936, 1864.5290581162326, 1943.8877755511023, 2744.689378757515, 2881.763527054108, 2939.478957915832, 3040.4809619238476, 3076.553106212425, 731.8637274549098, 1034.8697394789579, 1085.370741482966, 1388.3767535070142, 1503.807615230461, 1612.0240480961925, 1799.5991983967936, 1864.5290581162326, 1943.8877755511023, 2744.689378757515, 2888.9779559118238, 2939.478957915832, 3040.4809619238476, 3076.553106212425, 731.8637274549098, 1034.8697394789579, 1085.370741482966, 1388.3767535070142, 1503.807615230461, 1612.0240480961925, 1799.5991983967936, 1864.5290581162326, 1943.8877755511023, 2744.689378757515, 2888.9779559118238, 2939.478957915832, 3040.4809619238476, 3076.553106212425, 731.8637274549098, 1034.8697394789579, 1085.370741482966, 1388.3767535070142, 1503.807615230461, 1612.0240480961925, 1799.5991983967936, 1864.5290581162326, 1943.8877755511023, 2888.9779559118238, 2939.478957915832, 3040.4809619238476, 3076.553106212425, 486.5731462925852, 594.7895791583167, 674.1482965931864, 717.4348697394789, 811.2224448897796, 919.438877755511, 1013.2264529058116, 1063.7274549098197, 1128.6573146292585, 1236.8737474949899, 1402.805611222445, 1482.1643286573146, 1525.4509018036072, 1590.3807615230462, 1713.0260521042085, 1763.5270541082164, 1835.6713426853707, 1922.2444889779558, 2124.248496993988, 2369.539078156313, 2759.118236472946, 2896.1923847695393, 2997.194388777555, 3191.983967935872, 3769.138276553106, 594.7895791583167, 659.7194388777555, 717.4348697394789, 811.2224448897796, 876.1523046092184, 926.6533066132265, 1063.7274549098197, 1128.6573146292585, 1272.9458917835673, 1402.805611222445, 1482.1643286573146, 1554.308617234469, 1713.0260521042085, 1763.5270541082164, 1835.6713426853707, 1907.8156312625251, 2095.3907815631264, 2766.3326653306613, 2903.4068136272545, 2989.9799599198395, 3927.8557114228456, 731.8637274549098, 1034.8697394789579, 1085.370741482966, 1388.3767535070142, 1503.807615230461, 1612.0240480961925, 1799.5991983967936, 1864.5290581162326, 1943.8877755511023, 2744.689378757515, 2888.9779559118238, 2939.478957915832, 3040.4809619238476, 3076.553106212425, 731.8637274549098, 1034.8697394789579, 1085.370741482966, 1388.3767535070142, 1503.807615230461, 1612.0240480961925, 1799.5991983967936, 1864.5290581162326, 1943.8877755511023, 2888.9779559118238, 2939.478957915832, 3040.4809619238476, 3076.553106212425, 731.8637274549098, 1034.8697394789579, 1085.370741482966, 1388.3767535070142, 1503.807615230461, 1612.0240480961925, 1799.5991983967936, 1864.5290581162326, 1943.8877755511023, 2744.689378757515, 2888.9779559118238, 2939.478957915832, 3040.4809619238476, 3076.553106212425, 731.8637274549098, 1034.8697394789579, 1085.370741482966, 1388.3767535070142, 1503.807615230461, 1612.0240480961925, 1799.5991983967936, 1864.5290581162326, 1943.8877755511023, 2888.9779559118238, 2939.478957915832, 3040.4809619238476, 731.8637274549098, 1034.8697394789579, 1085.370741482966, 1388.3767535070142, 1503.807615230461, 1612.0240480961925, 1799.5991983967936, 1864.5290581162326, 1943.8877755511023, 2888.9779559118238, 2939.478957915832, 3040.4809619238476, 3076.553106212425, 724.6492985971944, 1034.8697394789579, 1078.1563126252504, 1388.3767535070142, 1496.5931863727455, 1612.0240480961925, 1799.5991983967936, 1864.5290581162326, 1943.8877755511023, 2744.689378757515, 2881.763527054108, 2932.2645290581163, 3040.4809619238476, 3076.553106212425, 724.6492985971944, 1034.8697394789579, 1078.1563126252504, 1388.3767535070142, 1496.5931863727455, 1612.0240480961925, 1799.5991983967936, 1864.5290581162326, 1943.8877755511023, 2744.689378757515, 2881.763527054108, 2932.2645290581163, 3040.4809619238476, 3076.553106212425, 731.8637274549098, 1034.8697394789579, 1085.370741482966, 1388.3767535070142, 1503.807615230461, 1612.0240480961925, 1799.5991983967936, 1864.5290581162326, 1943.8877755511023, 2888.9779559118238, 2939.478957915832, 3040.4809619238476, 3076.553106212425, 731.8637274549098, 1034.8697394789579, 1085.370741482966, 1388.3767535070142, 1503.807615230461, 1612.0240480961925, 1799.5991983967936, 1864.5290581162326, 1943.8877755511023, 2888.9779559118238, 2939.478957915832, 3040.4809619238476, 3076.553106212425, 472.1442885771543, 594.7895791583167, 710.2204408817636, 962.7254509018036, 1135.871743486974, 1417.2344689378758, 1575.9519038076153, 1698.5971943887776, 1900.6012024048096, 2362.3246492985973, 2903.4068136272545, 2975.551102204409, 3769.138276553106, 724.6492985971944, 1034.8697394789579, 1078.1563126252504, 1388.3767535070142, 1496.5931863727455, 1612.0240480961925, 1799.5991983967936, 1864.5290581162326, 1943.8877755511023, 2744.689378757515, 2881.763527054108, 2932.2645290581163, 3040.4809619238476, 3076.553106212425, 724.6492985971944, 1034.8697394789579, 1085.370741482966, 1388.3767535070142, 1460.5210420841684, 1496.5931863727455, 1612.0240480961925, 1799.5991983967936, 1864.5290581162326, 1943.8877755511023, 2744.689378757515, 2881.763527054108, 2939.478957915832, 3040.4809619238476, 3076.553106212425, 731.8637274549098, 1034.8697394789579, 1085.370741482966, 1388.3767535070142, 1503.807615230461, 1612.0240480961925, 1799.5991983967936, 1864.5290581162326, 1943.8877755511023, 2888.9779559118238, 2939.478957915832, 3040.4809619238476, 3076.553106212425, 731.8637274549098, 1034.8697394789579, 1085.370741482966, 1388.3767535070142, 1503.807615230461, 1612.0240480961925, 1799.5991983967936, 1864.5290581162326, 1943.8877755511023, 2744.689378757515, 2888.9779559118238, 2939.478957915832, 3040.4809619238476, 3076.553106212425, 731.8637274549098, 1034.8697394789579, 1085.370741482966, 1388.3767535070142, 1503.807615230461, 1612.0240480961925, 1799.5991983967936, 1864.5290581162326, 1943.8877755511023, 2888.9779559118238, 2939.478957915832, 3040.4809619238476, 3076.553106212425, 724.6492985971944, 1034.8697394789579, 1078.1563126252504, 1388.3767535070142, 1496.5931863727455, 1612.0240480961925, 1799.5991983967936, 1864.5290581162326, 1943.8877755511023, 2744.689378757515, 2881.763527054108, 2932.2645290581163, 3040.4809619238476, 3076.553106212425, 724.6492985971944, 1034.8697394789579, 1085.370741482966, 1388.3767535070142, 1460.5210420841684, 1496.5931863727455, 1612.0240480961925, 1799.5991983967936, 1864.5290581162326, 1943.8877755511023, 2744.689378757515, 2881.763527054108, 2939.478957915832, 3040.4809619238476, 3076.553106212425, 731.8637274549098, 1034.8697394789579, 1085.370741482966, 1388.3767535070142, 1503.807615230461, 1612.0240480961925, 1799.5991983967936, 1864.5290581162326, 1943.8877755511023, 2888.9779559118238, 2939.478957915832, 3040.4809619238476, 3076.553106212425, 731.8637274549098, 1034.8697394789579, 1085.370741482966, 1388.3767535070142, 1503.807615230461, 1612.0240480961925, 1799.5991983967936, 1864.5290581162326, 1943.8877755511023, 2888.9779559118238, 2939.478957915832, 3040.4809619238476, 3076.553106212425, 457.71543086172346, 717.4348697394789, 1070.941883767535, 1474.9498997995993, 1597.5951903807616, 1792.3847695390782, 1922.2444889779558, 2917.8356713426856, 3033.2665330661325]","[238.12709030100334, 260.2006688963211]"
65-85-0,"['aromatic_ch', 'ether_co', 'aromatic_cc', 'amide_cn', 'anhydride_co', 'alkyl_halide_ccl', 'ester_co_c', 'aromatic_out_of_plane_ch', 'benzene_ring_breathing', 'alcohol_phenol_oh', 'alkyne_cc', 'nitro_no2_sym', 'nitro_no2_asym', 'sulfone_so2', 'alkyl_halide_cbr', 'alkyl_halide_cI', 'sulfate_so4', 'amine_cn', 'alkene_cc', 'alkene_out_of_plane_ch', 'carboxylic_acid_oh_broad']",[],"[472.1442885771543, 645.2905811623247, 688.5771543086173, 731.8637274549098, 840.0801603206413, 1006.0120240480962, 1049.2985971943888, 1099.7995991983967, 1150.3006012024048, 1208.0160320641282, 1373.947895791583, 1438.877755511022, 1482.1643286573146, 1518.2364729458918, 1626.4529058116232, 1741.88376753507, 1850.1002004008017, 2016.0320641282565, 2593.186372745491, 2715.831663326653, 3054.909819639279, 3415.6312625250503, 3805.2104208416836, 479.35871743486973, 638.0761523046092, 688.5771543086173, 739.0781563126252, 825.6513026052105, 998.7975951903808, 1049.2985971943888, 1099.7995991983967, 1150.3006012024048, 1200.801603206413, 1301.803607214429, 1345.0901803607214, 1474.9498997995993, 1554.308617234469, 1626.4529058116232, 1734.6693386773547, 1770.741482965932, 1878.9579158316633, 2138.677354709419, 2585.9719438877755, 2730.2605210420843, 2939.478957915832, 3783.5671342685373, 558.7174348697395, 616.4328657314629, 703.0060120240481, 1070.941883767535, 1157.5150300601204, 1272.9458917835673, 1330.6613226452905, 1438.877755511022, 1590.3807615230462, 1705.811623246493, 1756.312625250501, 1799.5991983967936, 3069.3386773547095, 3567.134268537074, 472.1442885771543, 602.004008016032, 674.1482965931864, 746.2925851703407, 789.5791583166333, 969.939879759519, 1049.2985971943888, 1143.0861723446894, 1222.4448897795592, 1309.0180360721442, 1431.6633266533067, 1518.2364729458918, 1662.5250501002004, 1799.5991983967936, 1864.5290581162326, 2751.9038076152306, 3004.4088176352707, 3545.490981963928, 3610.4208416833667, 3783.5671342685373, 472.1442885771543, 602.004008016032, 659.7194388777555, 746.2925851703407, 789.5791583166333, 969.939879759519, 1049.2985971943888, 1143.0861723446894, 1222.4448897795592, 1309.0180360721442, 1424.4488977955912, 1511.0220440881765, 1662.5250501002004, 1799.5991983967936, 1987.1743486973949, 2737.4749498997994, 3004.4088176352707, 3545.490981963928, 3776.3527054108217]","[216.05351170568562, 272.2408026755853]"
67-63-0,"['aromatic_ch', 'ether_co', 'amide_cn', 'alkyl_halide_ccl', 'ester_co_c', 'aromatic_out_of_plane_ch', 'benzene_ring_breathing', 'alcohol_phenol_oh', 'alkyne_cc', 'nitro_no2_sym', 'sulfone_so2', 'alkyl_halide_cbr', 'alkyl_halide_cI', 'sulfate_so4', 'alkane_ch_sp3', 'amine_cn', 'alkene_out_of_plane_ch', 'alkene_ch_sp2', 'carboxylic_acid_oh_broad']",[],"[818.4368737474949, 955.5110220440882, 1078.1563126252504, 1150.3006012024048, 1251.302605210421, 1381.1623246492986, 1460.5210420841684, 2888.9779559118238, 2975.551102204409, 3653.7074148296592, 818.4368737474949, 955.5110220440882, 1078.1563126252504, 1150.3006012024048, 1251.302605210421, 1388.3767535070142, 1467.7354709418837, 2896.1923847695393, 2982.7655310621244, 3660.921843687375, 818.4368737474949, 955.5110220440882, 1078.1563126252504, 1150.3006012024048, 1251.302605210421, 1388.3767535070142, 1467.7354709418837, 2896.1923847695393, 2975.551102204409, 3653.7074148296592, 818.4368737474949, 955.5110220440882, 1078.1563126252504, 1150.3006012024048, 1251.302605210421, 1388.3767535070142, 1467.7354709418837, 2896.1923847695393, 2975.551102204409, 3653.7074148296592, 818.4368737474949, 955.5110220440882, 1078.1563126252504, 1150.3006012024048, 1251.302605210421, 1381.1623246492986, 1460.5210420841684, 2888.9779559118238, 2975.551102204409, 3653.7074148296592, 818.4368737474949, 955.5110220440882, 1078.1563126252504, 1150.3006012024048, 1251.302605210421, 1388.3767535070142, 1467.7354709418837, 2896.1923847695393, 2982.7655310621244, 3660.921843687375, 818.4368737474949, 955.5110220440882, 1078.1563126252504, 1157.5150300601204, 1251.302605210421, 1388.3767535070142, 1467.7354709418837, 2896.1923847695393, 2982.7655310621244, 3660.921843687375, 818.4368737474949, 955.5110220440882, 1078.1563126252504, 1150.3006012024048, 1251.302605210421, 1388.3767535070142, 1467.7354709418837, 2896.1923847695393, 2982.7655310621244, 3660.921843687375, 818.4368737474949, 955.5110220440882, 1078.1563126252504, 1157.5150300601204, 1251.302605210421, 1388.3767535070142, 1467.7354709418837, 2896.1923847695393, 2982.7655310621244, 3660.921843687375, 818.4368737474949, 955.5110220440882, 1078.1563126252504, 1150.3006012024048, 1251.302605210421, 1381.1623246492986, 1460.5210420841684, 2888.9779559118238, 2975.551102204409, 3653.7074148296592, 818.4368737474949, 955.5110220440882, 1078.1563126252504, 1150.3006012024048, 1251.302605210421, 1388.3767535070142, 1467.7354709418837, 2896.1923847695393, 2975.551102204409, 3653.7074148296592, 472.1442885771543, 796.7935871743487, 955.5110220440882, 1070.941883767535, 1135.871743486974, 1236.8737474949899, 1359.5190380761524, 1446.0921843687374, 2874.5490981963926, 2953.9078156312626, 3639.2785571142285, 472.1442885771543, 681.3627254509017, 789.5791583166333, 861.7234468937876, 998.7975951903808, 1107.0140280561122, 1208.0160320641282, 1301.803607214429, 1431.6633266533067, 2362.3246492985973, 2925.0501002004007, 3040.4809619238476, 3588.7775551102204, 3790.7815631262524, 818.4368737474949, 955.5110220440882, 1078.1563126252504, 1157.5150300601204, 1258.5170340681361, 1388.3767535070142, 1467.7354709418837, 2896.1923847695393, 2982.7655310621244, 3653.7074148296592, 818.4368737474949, 955.5110220440882, 1078.1563126252504, 1157.5150300601204, 1251.302605210421, 1388.3767535070142, 1467.7354709418837, 2896.1923847695393, 2982.7655310621244, 3660.921843687375, 818.4368737474949, 955.5110220440882, 1078.1563126252504, 1157.5150300601204, 1251.302605210421, 1388.3767535070142, 1467.7354709418837, 2896.1923847695393, 2982.7655310621244, 3660.921843687375, 818.4368737474949, 955.5110220440882, 1078.1563126252504, 1150.3006012024048, 1251.302605210421, 1381.1623246492986, 1460.5210420841684, 2888.9779559118238, 2975.551102204409, 3653.7074148296592, 818.4368737474949, 955.5110220440882, 1078.1563126252504, 1150.3006012024048, 1251.302605210421, 1381.1623246492986, 1460.5210420841684, 2888.9779559118238, 2975.551102204409, 3653.7074148296592, 818.4368737474949, 955.5110220440882, 1078.1563126252504, 1157.5150300601204, 1251.302605210421, 1388.3767535070142, 1467.7354709418837, 2896.1923847695393, 2982.7655310621244, 3660.921843687375, 818.4368737474949, 955.5110220440882, 1078.1563126252504, 1157.5150300601204, 1251.302605210421, 1388.3767535070142, 1467.7354709418837, 2896.1923847695393, 2982.7655310621244, 3660.921843687375, 818.4368737474949, 955.5110220440882, 1078.1563126252504, 1150.3006012024048, 1251.302605210421, 1388.3767535070142, 1467.7354709418837, 2896.1923847695393, 2975.551102204409, 3653.7074148296592, 818.4368737474949, 955.5110220440882, 1078.1563126252504, 1150.3006012024048, 1251.302605210421, 1388.3767535070142, 1467.7354709418837, 2896.1923847695393, 2975.551102204409, 3653.7074148296592, 818.4368737474949, 955.5110220440882, 1078.1563126252504, 1150.3006012024048, 1251.302605210421, 1388.3767535070142, 1467.7354709418837, 2896.1923847695393, 2982.7655310621244, 3660.921843687375, 450.501002004008, 515.4308617234469, 796.7935871743487, 847.2945891783568, 1006.0120240480962, 1143.0861723446894, 1208.0160320641282, 1345.0901803607214, 1438.877755511022, 1554.308617234469, 1850.1002004008017, 2131.4629258517034, 2679.759519038076, 2903.4068136272545, 2946.693386773547, 3047.695390781563, 3595.991983967936, 3776.3527054108217, 818.4368737474949, 955.5110220440882, 1078.1563126252504, 1157.5150300601204, 1251.302605210421, 1388.3767535070142, 1467.7354709418837, 2896.1923847695393, 2982.7655310621244, 3660.921843687375, 818.4368737474949, 955.5110220440882, 1078.1563126252504, 1157.5150300601204, 1251.302605210421, 1388.3767535070142, 1467.7354709418837, 2896.1923847695393, 2982.7655310621244, 3660.921843687375, 818.4368737474949, 955.5110220440882, 1078.1563126252504, 1157.5150300601204, 1251.302605210421, 1388.3767535070142, 1467.7354709418837, 2896.1923847695393, 2982.7655310621244, 3660.921843687375, 818.4368737474949, 955.5110220440882, 1078.1563126252504, 1150.3006012024048, 1251.302605210421, 1388.3767535070142, 1467.7354709418837, 2896.1923847695393, 2982.7655310621244, 3660.921843687375]",[]
624-49-7,"['alkane_ch_sp3', 'amine_cn', 'aromatic_out_of_plane_ch', 'benzene_ring_breathing', 'anhydride_co', 'alkene_out_of_plane_ch', 'amide_nh', 'aromatic_cc', 'alkyl_halide_ccl', 'carboxylic_acid_oh_broad', 'amide_cn', 'ester_co_c', 'alkyl_halide_cI', 'ester_co', 'alkyl_halide_cbr']",[],"[493.7875751503006, 544.2885771543087, 695.7915831663327, 753.5070140280561, 804.0080160320641, 905.0100200400802, 1034.8697394789579, 1229.6593186372745, 1402.805611222445, 1489.37875751503, 1864.5290581162326, 2138.677354709419, 2989.9799599198395, 3054.909819639279, 3105.4108216432865, 3595.991983967936, 659.7194388777555, 861.7234468937876, 1027.6553106212425, 1157.5150300601204, 1258.5170340681361, 1294.5891783567135, 1438.877755511022, 1648.0961923847697, 1741.88376753507, 2953.9078156312626]",[]
592-41-6,"['alkane_ch_sp3', 'amine_cn', 'aromatic_out_of_plane_ch', 'anhydride_co', 'aromatic_ch', 'alkene_ch_sp2', 'alkene_out_of_plane_ch', 'nitro_no2_asym', 'aromatic_cc', 'carboxylic_acid_oh_broad', 'alkyl_halide_ccl', 'amide_cn', 'ester_co_c', 'alkyl_halide_cI', 'alkyl_halide_cbr']",[],"[493.7875751503006, 580.3607214428857, 703.0060120240481, 767.935871743487, 955.5110220440882, 1078.1563126252504, 1179.1583166332666, 1316.2324649298598, 1402.805611222445, 1489.37875751503, 1619.2384769539078, 1756.312625250501, 1922.2444889779558, 2896.1923847695393, 3040.4809619238476, 3783.5671342685373, 479.35871743486973, 587.5751503006012, 659.7194388777555, 782.3647294589179, 948.2965931863728, 1063.7274549098197, 1200.801603206413, 1410.0200400801605, 1568.7374749498997, 1698.5971943887776, 1792.3847695390782, 2499.3987975951904, 2896.1923847695393, 3040.4809619238476, 3754.7094188376755, 616.4328657314629, 897.7955911823647, 977.1543086172345, 1453.306613226453, 1619.2384769539078, 1814.0280561122245, 2932.2645290581163, 3062.124248496994]",[]
75-34-3,"['amine_cn', 'aromatic_out_of_plane_ch', 'benzene_ring_breathing', 'alkene_out_of_plane_ch', 'alkyl_halide_ccl', 'carboxylic_acid_oh_broad', 'alkyl_halide_cbr', 'amide_cn', 'ester_co_c']",[],"[630.8617234468938, 681.3627254509017, 724.6492985971944, 962.7254509018036, 1042.0841683366734, 1222.4448897795592, 1366.7334669338677, 1438.877755511022, 2925.0501002004007, 2997.194388777555]",[]
591-50-4,"['amine_cn', 'aromatic_out_of_plane_ch', 'benzene_ring_breathing', 'aromatic_ch', 'alkene_out_of_plane_ch', 'alkene_ch_sp2', 'nitro_no2_asym', 'ether_co', 'aromatic_cc', 'alkyl_halide_ccl', 'carboxylic_acid_oh_broad', 'alkyl_halide_cI', 'sulfate_so4']",[],"[472.1442885771543, 630.8617234468938, 674.1482965931864, 710.2204408817636, 767.935871743487, 876.1523046092184, 926.6533066132265, 977.1543086172345, 1042.0841683366734, 1121.442885771543, 1208.0160320641282, 1395.5911823647293, 1453.306613226453, 1496.5931863727455, 1655.310621242485, 1842.885771543086, 1915.0300601202405, 2297.3947895791584, 3401.202404809619, 3725.8517034068136, 3797.995991983968, 544.2885771543087, 652.5050100200401, 717.4348697394789, 876.1523046092184, 998.7975951903808, 1042.0841683366734, 1316.2324649298598, 1460.5210420841684, 1554.308617234469, 1864.5290581162326, 3026.052104208417, 3069.3386773547095, 3920.6412825651305]","[230.10033444816054, 256.18729096989966]"
624-64-6,"['alkane_ch_sp3', 'amine_cn', 'benzene_ring_breathing', 'nitro_no2_sym', 'alkene_out_of_plane_ch', 'ether_co', 'alkyl_halide_ccl', 'carboxylic_acid_oh_broad', 'sulfone_so2', 'amide_cn', 'alkyl_halide_cI', 'sulfate_so4']",[],"[472.1442885771543, 652.5050100200401, 1027.6553106212425, 1099.7995991983967, 1337.875751503006, 1640.881763527054, 1749.0981963927857, 1835.6713426853707, 2333.4669338677354, 2557.1142284569137, 2780.7615230460924, 3783.5671342685373, 955.5110220440882, 1287.374749498998, 1431.6633266533067, 1676.9539078156313, 2867.3346693386775, 2917.8356713426856]",[]
628-63-7,"['alkane_ch_sp3', 'amine_cn', 'aromatic_out_of_plane_ch', 'benzene_ring_breathing', 'anhydride_co', 'nitro_no2_sym', 'ether_co', 'amide_nh', 'carboxylic_acid_oh_broad', 'aromatic_cc', 'alkyl_halide_ccl', 'sulfone_so2', 'amide_cn', 'ester_co_c', 'alkyl_halide_cI', 'alkyl_halide_cbr', 'sulfate_so4']",[],"[616.4328657314629, 1034.8697394789579, 1186.372745490982, 1229.6593186372745, 1280.1603206412826, 1352.3046092184368, 1756.312625250501, 1799.5991983967936, 2953.9078156312626, 580.3607214428857, 703.0060120240481, 796.7935871743487, 840.0801603206413, 926.6533066132265, 991.5831663326653, 1099.7995991983967, 1150.3006012024048, 1330.6613226452905, 1410.0200400801605, 1597.5951903807616, 1994.3887775551102, 2896.1923847695393, 3292.9859719438878, 3776.3527054108217]",[]
591-87-7,"['aromatic_ch', 'ether_co', 'aromatic_cc', 'amide_cn', 'amine_nh_secondary', 'thiol_sh', 'anhydride_co', 'amide_nh', 'alkyl_halide_ccl', 'ester_co_c', 'aromatic_out_of_plane_ch', 'benzene_ring_breathing', 'nitro_no2_sym', 'nitro_no2_asym', 'sulfone_so2', 'alkyl_halide_cbr', 'alkyl_halide_cI', 'sulfate_so4', 'amine_nh_primary', 'amine_cn', 'alkene_ch_sp2', 'alkene_out_of_plane_ch', 'carboxylic_acid_oh_broad']",[],"[508.21643286573146, 573.1462925851704, 767.935871743487, 854.5090180360721, 948.2965931863728, 998.7975951903808, 1135.871743486974, 1309.0180360721442, 1402.805611222445, 1554.308617234469, 1676.9539078156313, 2658.11623246493, 2903.4068136272545, 3054.909819639279, 3235.2705410821645, 3776.3527054108217, 594.7895791583167, 912.2244488977956, 1020.440881763527, 1186.372745490982, 1222.4448897795592, 1359.5190380761524, 1438.877755511022, 1756.312625250501, 1799.5991983967936, 2946.693386773547, 3076.553106212425, 565.9318637274549, 666.9338677354709, 955.5110220440882, 1135.871743486974, 1330.6613226452905, 1417.2344689378758, 1503.807615230461, 1936.6733466933867, 3047.695390781563, 3163.12625250501, 450.501002004008, 529.8597194388777, 580.3607214428857, 804.0080160320641, 868.937875751503, 962.7254509018036, 1006.0120240480962, 1085.370741482966, 1143.0861723446894, 1330.6613226452905, 1410.0200400801605, 1539.879759519038, 1604.809619238477, 1676.9539078156313, 1965.5310621242486, 2535.4709418837674, 2910.62124248497, 3054.909819639279, 3408.4168336673347, 3805.2104208416836]",[]
100-42-5,"['aromatic_ch', 'ether_co', 'aromatic_cc', 'amide_cn', 'alkyl_halide_ccl', 'amide_nh', 'ester_co_c', 'aromatic_out_of_plane_ch', 'benzene_ring_breathing', 'alkyne_cc', 'nitro_no2_sym', 'nitro_no2_asym', 'alkyl_halide_cbr', 'alkyl_halide_cI', 'sulfate_so4', 'amine_cn', 'alkene_cc', 'alkene_out_of_plane_ch', 'carboxylic_acid_oh_broad', 'amide_co']",[],"[479.35871743486973, 594.7895791583167, 666.9338677354709, 710.2204408817636, 746.2925851703407, 789.5791583166333, 876.1523046092184, 926.6533066132265, 1006.0120240480962, 1056.5130260521041, 1222.4448897795592, 1474.9498997995993, 1518.2364729458918, 1648.0961923847697, 2102.605210420842, 3783.5671342685373, 529.8597194388777, 587.5751503006012, 659.7194388777555, 739.0781563126252, 818.4368737474949, 876.1523046092184, 948.2965931863728, 1056.5130260521041, 1135.871743486974, 1323.4468937875752, 1438.877755511022, 1474.9498997995993, 1532.6653306613227, 1669.739478957916, 1727.4549098196394, 1777.9559118236473, 1850.1002004008017, 1915.0300601202405, 2008.8176352705411, 3054.909819639279, 3191.983967935872, 3610.4208416833667, 3675.3507014028055, 3761.923847695391, 421.64328657314627, 522.6452905811623, 587.5751503006012, 739.0781563126252, 876.1523046092184, 948.2965931863728, 1056.5130260521041, 1135.871743486974, 1323.4468937875752, 1474.9498997995993, 1532.6653306613227, 1669.739478957916, 1727.4549098196394, 1777.9559118236473, 1857.314629258517, 1915.0300601202405, 2008.8176352705411, 3054.909819639279, 3191.983967935872, 3610.4208416833667, 3689.7795591182366, 3761.923847695391, 472.1442885771543, 580.3607214428857, 724.6492985971944, 804.0080160320641, 883.3667334669339, 933.8677354709419, 1042.0841683366734, 1121.442885771543, 1222.4448897795592, 1359.5190380761524, 1431.6633266533067, 1474.9498997995993, 1518.2364729458918, 1612.0240480961925, 1655.310621242485, 1770.741482965932, 1850.1002004008017, 1907.8156312625251, 2340.681362725451, 3047.695390781563, 3761.923847695391]","[226.08695652173913, 244.14715719063545, 264.2140468227425]"
50-29-3,"['amine_cn', 'aromatic_out_of_plane_ch', 'benzene_ring_breathing', 'aromatic_ch', 'alkene_out_of_plane_ch', 'nitro_no2_asym', 'ether_co', 'aromatic_cc', 'alkyl_halide_ccl', 'alkyl_halide_cbr', 'amide_cn', 'ester_co_c', 'alkyl_halide_cI', 'sulfate_so4']",[],"[472.1442885771543, 594.7895791583167, 638.0761523046092, 666.9338677354709, 688.5771543086173, 731.8637274549098, 804.0080160320641, 832.8657314629259, 876.1523046092184, 919.438877755511, 977.1543086172345, 1042.0841683366734, 1157.5150300601204, 1208.0160320641282, 1373.947895791583, 1431.6633266533067, 1467.7354709418837, 1518.2364729458918, 1568.7374749498997, 1640.881763527054, 1799.5991983967936, 2088.176352705411, 2946.693386773547, 3393.987975951904, 3790.7815631262524, 609.2184368737475, 695.7915831663327, 760.7214428857715, 1006.0120240480962, 1092.5851703406813, 1215.2304609218436, 1395.5911823647293, 1446.0921843687374, 1474.9498997995993, 1503.807615230461, 1575.9519038076153, 1756.312625250501, 1886.1723446893789, 3018.8376753507014, 3083.76753507014]","[210.0334448160535, 236.12040133779266]"
64-18-6,"['amine_cn', 'aromatic_out_of_plane_ch', 'benzene_ring_breathing', 'anhydride_co', 'aromatic_ch', 'alkene_out_of_plane_ch', 'ether_co', 'aromatic_cc', 'carboxylic_acid_oh_broad', 'alkyl_halide_ccl', 'amide_cn', 'ester_co_c', 'alkyl_halide_cI', 'ester_co', 'alkyl_halide_cbr', 'sulfate_so4']",[],"[472.1442885771543, 666.9338677354709, 760.7214428857715, 977.1543086172345, 1099.7995991983967, 1150.3006012024048, 1258.5170340681361, 1309.0180360721442, 1496.5931863727455, 1583.1663326653306, 1828.4569138276554, 2016.0320641282565, 2463.3266533066135, 2593.186372745491, 2658.11623246493, 2975.551102204409, 3054.909819639279, 3487.7755511022046, 3747.49498997996, 623.6472945891784, 1027.6553106212425, 1070.941883767535, 1114.2284569138278, 1200.801603206413, 1705.811623246493, 1749.0981963927857, 1763.5270541082164, 2196.392785571142, 2953.9078156312626, 3531.062124248497, 3574.3486973947897]",[]
71-23-8,"['alkane_ch_sp3', 'amine_cn', 'aromatic_out_of_plane_ch', 'benzene_ring_breathing', 'alcohol_phenol_oh', 'alkyne_cc', 'aromatic_ch', 'alkene_ch_sp2', 'alkene_out_of_plane_ch', 'nitro_no2_asym', 'aromatic_cc', 'carboxylic_acid_oh_broad', 'alkyl_halide_cbr', 'amide_cn', 'ester_co_c', 'alkyl_halide_cI']",[],"[472.1442885771543, 804.0080160320641, 926.6533066132265, 1006.0120240480962, 1157.5150300601204, 1265.7314629258517, 1431.6633266533067, 2535.4709418837674, 3523.8476953907816, 3776.3527054108217, 515.4308617234469, 832.8657314629259, 941.0821643286573, 991.5831663326653, 1034.8697394789579, 1179.1583166332666, 1265.7314629258517, 1417.2344689378758, 1503.807615230461, 1792.3847695390782, 2153.1062124248497, 2910.62124248497, 3062.124248496994, 3603.2064128256516, 3776.3527054108217, 464.92985971943887, 955.5110220440882, 1034.8697394789579, 1208.0160320641282, 1381.1623246492986, 2953.9078156312626, 3660.921843687375, 472.1442885771543, 804.0080160320641, 926.6533066132265, 1006.0120240480962, 1164.7294589178357, 1265.7314629258517, 1431.6633266533067, 2528.2565130260523, 3531.062124248497, 3769.138276553106]",[]
108-21-4,"['amine_cn', 'alkene_cc', 'anhydride_co', 'nitro_no2_sym', 'alkene_out_of_plane_ch', 'ether_co', 'alkyl_halide_ccl', 'carboxylic_acid_oh_broad', 'sulfone_so2', 'ester_co', 'ester_co_c', 'alkyl_halide_cI', 'amide_cn', 'sulfate_so4']",[],"[602.004008016032, 998.7975951903808, 1114.2284569138278, 1186.372745490982, 1236.8737474949899, 1280.1603206412826, 1359.5190380761524, 1446.0921843687374, 1705.811623246493, 1749.0981963927857, 2975.551102204409, 479.35871743486973, 681.3627254509017, 912.2244488977956, 977.1543086172345, 1078.1563126252504, 1128.6573146292585, 1164.7294589178357, 1200.801603206413, 1323.4468937875752, 1410.0200400801605, 1489.37875751503, 1626.4529058116232, 2095.3907815631264, 2953.9078156312626, 3018.8376753507014, 3761.923847695391]",[]
606-20-2,"['aromatic_out_of_plane_ch', 'nitro_no2_sym', 'nitro_no2_asym', 'aromatic_cc', 'alkyl_halide_ccl', 'amide_cn']",[],"[703.0060120240481, 796.7935871743487, 876.1523046092184, 1070.941883767535, 1309.0180360721442, 1352.3046092184368, 1467.7354709418837, 1539.879759519038, 1597.5951903807616, 2874.5490981963926]",[]
75-09-2,"['amine_cn', 'aromatic_out_of_plane_ch', 'benzene_ring_breathing', 'nitro_no2_sym', 'aromatic_ch', 'alkene_ch_sp2', 'alkyl_halide_ccl', 'sulfone_so2', 'alkyl_halide_cbr', 'carboxylic_acid_oh_broad', 'amide_cn', 'ester_co_c', 'alkyl_halide_cI']",[],"[760.7214428857715, 1272.9458917835673, 2997.194388777555, 753.5070140280561, 1265.7314629258517, 3004.4088176352707, 717.4348697394789, 753.5070140280561, 1272.9458917835673, 3004.4088176352707, 753.5070140280561, 1265.7314629258517, 2997.194388777555, 717.4348697394789, 753.5070140280561, 1272.9458917835673, 3004.4088176352707, 760.7214428857715, 1272.9458917835673, 2997.194388777555, 753.5070140280561, 1265.7314629258517, 2997.194388777555, 760.7214428857715, 1272.9458917835673, 2997.194388777555, 479.35871743486973, 630.8617234468938, 796.7935871743487, 1229.6593186372745, 1301.803607214429, 1503.807615230461, 2369.539078156313, 2917.8356713426856, 3754.7094188376755, 717.4348697394789, 753.5070140280561, 1272.9458917835673, 3004.4088176352707, 753.5070140280561, 1265.7314629258517, 2997.194388777555, 717.4348697394789, 753.5070140280561, 1272.9458917835673, 3004.4088176352707, 739.0781563126252, 1251.302605210421, 1438.877755511022, 2997.194388777555, 760.7214428857715, 1272.9458917835673, 2997.194388777555, 760.7214428857715, 1272.9458917835673, 2997.194388777555, 753.5070140280561, 1265.7314629258517, 3004.4088176352707, 645.2905811623247, 847.2945891783568, 1006.0120240480962, 1345.0901803607214, 2181.9639278557115, 2196.392785571142, 2333.4669338677354, 2542.685370741483, 2708.617234468938, 3018.8376753507014, 3408.4168336673347, 3877.3547094188375, 760.7214428857715, 1272.9458917835673, 2997.194388777555, 760.7214428857715, 1272.9458917835673, 2997.194388777555, 760.7214428857715, 1272.9458917835673, 2997.194388777555, 717.4348697394789, 753.5070140280561, 1272.9458917835673, 3004.4088176352707, 753.5070140280561, 1265.7314629258517, 3004.4088176352707, 753.5070140280561, 1265.7314629258517, 3004.4088176352707, 753.5070140280561, 1265.7314629258517, 2997.194388777555, 760.7214428857715, 1272.9458917835673, 2997.194388777555, 753.5070140280561, 1265.7314629258517, 3004.4088176352707, 760.7214428857715, 1272.9458917835673, 2997.194388777555, 753.5070140280561, 1265.7314629258517, 2997.194388777555]",[]
75-31-0,"['alkane_ch_sp3', 'amine_cn', 'aromatic_out_of_plane_ch', 'nitro_no2_sym', 'alkyl_halide_ccl', 'carboxylic_acid_oh_broad', 'amide_cn', 'ester_co_c']",[],"[472.1442885771543, 753.5070140280561, 1157.5150300601204, 1359.5190380761524, 1453.306613226453, 1597.5951903807616, 2910.62124248497, 2953.9078156312626]",[]
636-21-5,"['ether_co', 'aromatic_cc', 'amide_cn', 'carboxylic_acid_co', 'thiol_sh', 'anhydride_co', 'alkyl_halide_ccl', 'amide_nh', 'aromatic_out_of_plane_ch', 'benzene_ring_breathing', 'alcohol_phenol_oh', 'alkyne_cc', 'nitro_no2_sym', 'nitro_no2_asym', 'sulfone_so2', 'alkyl_halide_cbr', 'alkyl_halide_cI', 'sulfate_so4', 'amine_cn', 'ketone_co', 'carboxylic_acid_oh_broad']",[],"[486.5731462925852, 544.2885771543087, 681.3627254509017, 731.8637274549098, 775.1503006012024, 1056.5130260521041, 1099.7995991983967, 1258.5170340681361, 1330.6613226452905, 1467.7354709418837, 1539.879759519038, 1763.5270541082164, 2138.677354709419, 2658.11623246493, 2737.4749498997994, 3285.771543086172, 3783.5671342685373, 421.64328657314627, 486.5731462925852, 537.0741482965932, 630.8617234468938, 724.6492985971944, 775.1503006012024, 905.0100200400802, 1056.5130260521041, 1099.7995991983967, 1208.0160320641282, 1251.302605210421, 1345.0901803607214, 1467.7354709418837, 1539.879759519038, 1713.0260521042085, 1828.4569138276554, 2095.3907815631264, 2311.823647294589, 2658.11623246493, 2744.689378757515, 3235.2705410821645, 3776.3527054108217]",[]
60-35-5,"['amine_cn', 'aromatic_out_of_plane_ch', 'nitro_no2_sym', 'ketone_co', 'ester_co_c', 'alkene_out_of_plane_ch', 'amide_nh', 'aromatic_cc', 'alkyl_halide_cbr', 'alkyl_halide_ccl', 'sulfone_so2', 'amide_cn', 'amine_nh_secondary', 'alkyl_halide_cI', 'carboxylic_acid_co', 'amine_nh_primary']",[],"[602.004008016032, 724.6492985971944, 948.2965931863728, 1316.2324649298598, 1359.5190380761524, 1590.3807615230462, 1669.739478957916, 1713.0260521042085, 2917.8356713426856, 3430.060120240481, 3559.9198396793586, 558.7174348697395, 609.2184368737475, 854.5090180360721, 919.438877755511, 1027.6553106212425, 1078.1563126252504, 1179.1583166332666, 1373.947895791583, 1496.5931863727455, 1915.0300601202405, 2023.246492985972, 2852.9058116232463, 3249.699398797595, 3574.3486973947897, 3776.3527054108217]",[]
309-00-2,"['amine_cn', 'aromatic_out_of_plane_ch', 'benzene_ring_breathing', 'nitro_no2_sym', 'aromatic_ch', 'alkene_ch_sp2', 'alkene_out_of_plane_ch', 'ether_co', 'aromatic_cc', 'amide_nh', 'carboxylic_acid_oh_broad', 'alkyl_halide_ccl', 'sulfone_so2', 'amide_cn', 'ester_co_c', 'alkyl_halide_cI', 'alkyl_halide_cbr', 'sulfate_so4']",[],"[587.5751503006012, 681.3627254509017, 753.5070140280561, 796.7935871743487, 876.1523046092184, 1027.6553106212425, 1157.5150300601204, 1236.8737474949899, 1309.0180360721442, 1547.0941883767534, 1590.3807615230462, 2903.4068136272545, 2968.3366733466933, 3047.695390781563, 3112.625250501002, 472.1442885771543, 501.002004008016, 573.1462925851704, 623.6472945891784, 645.2905811623247, 731.8637274549098, 789.5791583166333, 854.5090180360721, 955.5110220440882, 1056.5130260521041, 1085.370741482966, 1128.6573146292585, 1200.801603206413, 1294.5891783567135, 1337.875751503006, 1489.37875751503, 1575.9519038076153, 2088.176352705411, 2463.3266533066135, 2932.2645290581163, 3018.8376753507014, 3783.5671342685373]",[]
532-27-4,"['amine_cn', 'aromatic_out_of_plane_ch', 'benzene_ring_breathing', 'aromatic_ch', 'alkene_ch_sp2', 'alkyl_halide_ccl', 'carboxylic_acid_oh_broad', 'alkyl_halide_cbr', 'amide_cn', 'ester_co_c']",[],"[551.5030060120241, 645.2905811623247, 674.1482965931864, 731.8637274549098, 1006.0120240480962, 1186.372745490982, 1258.5170340681361, 1301.803607214429, 1417.2344689378758, 1575.9519038076153, 1648.0961923847697, 1691.3827655310622, 1741.88376753507, 2939.478957915832, 3054.909819639279]",[]
107-98-2,"['alkane_ch_sp3', 'amine_cn', 'aromatic_out_of_plane_ch', 'nitro_no2_sym', 'alkene_out_of_plane_ch', 'ether_co', 'carboxylic_acid_oh_broad', 'sulfone_so2', 'amide_cn', 'ester_co_c', 'sulfate_so4']",[],"[472.1442885771543, 832.8657314629259, 955.5110220440882, 1114.2284569138278, 1236.8737474949899, 1316.2324649298598, 1373.947895791583, 1438.877755511022, 2831.2625250501, 2874.5490981963926, 2968.3366733466933, 3603.2064128256516]",[]
78-92-2,"['alkane_ch_sp3', 'amine_cn', 'aromatic_out_of_plane_ch', 'benzene_ring_breathing', 'alcohol_phenol_oh', 'nitro_no2_sym', 'aromatic_ch', 'alkene_ch_sp2', 'alkene_out_of_plane_ch', 'ether_co', 'alkyl_halide_ccl', 'carboxylic_acid_oh_broad', 'alkyl_halide_cbr', 'amide_cn', 'ester_co_c', 'sulfate_so4']",[],"[529.8597194388777, 753.5070140280561, 804.0080160320641, 847.2945891783568, 941.0821643286573, 1013.2264529058116, 1056.5130260521041, 1186.372745490982, 1272.9458917835673, 1352.3046092184368, 1431.6633266533067, 1547.0941883767534, 1850.1002004008017, 2896.1923847695393, 2946.693386773547, 3054.909819639279, 3588.7775551102204, 3776.3527054108217, 464.92985971943887, 912.2244488977956, 991.5831663326653, 1114.2284569138278, 1229.6593186372745, 1359.5190380761524, 1438.877755511022, 2874.5490981963926, 2953.9078156312626, 3639.2785571142285]",[]
74-88-4,"['alkane_ch_sp3', 'amine_cn', 'aromatic_out_of_plane_ch', 'aromatic_ch', 'ether_co', 'aromatic_cc', 'carboxylic_acid_oh_broad', 'alkyl_halide_ccl', 'amide_cn', 'ester_co_c', 'alkyl_halide_cI', 'alkyl_halide_cbr', 'sulfate_so4']",[],"[472.1442885771543, 753.5070140280561, 897.7955911823647, 1092.5851703406813, 1294.5891783567135, 1388.3767535070142, 1424.4488977955912, 1467.7354709418837, 1503.807615230461, 1662.5250501002004, 2008.8176352705411, 2412.8256513026054, 2528.2565130260523, 2903.4068136272545, 3018.8376753507014, 3415.6312625250503, 3783.5671342685373, 515.4308617234469, 876.1523046092184, 1186.372745490982, 1222.4448897795592, 1424.4488977955912, 1763.5270541082164, 2073.7474949899797, 2484.9699398797597, 2831.2625250501, 2961.122244488978, 3004.4088176352707, 3913.426853707415]",[]
91-20-3,"['aromatic_ch', 'ether_co', 'aromatic_cc', 'amide_cn', 'alkyl_halide_ccl', 'ester_co_c', 'aromatic_out_of_plane_ch', 'benzene_ring_breathing', 'nitro_no2_sym', 'nitro_no2_asym', 'sulfone_so2', 'alkyl_halide_cbr', 'alkyl_halide_cI', 'sulfate_so4', 'alkane_ch_sp3', 'amine_cn', 'alkene_ch_sp2', 'alkene_out_of_plane_ch', 'carboxylic_acid_oh_broad']",[],"[472.1442885771543, 594.7895791583167, 760.7214428857715, 804.0080160320641, 991.5831663326653, 1114.2284569138278, 1244.0881763527054, 1373.947895791583, 1503.807615230461, 1590.3807615230462, 1713.0260521042085, 1915.0300601202405, 3047.695390781563, 3155.9118236472946, 3826.85370741483, 717.4348697394789, 912.2244488977956, 984.3687374749499, 1042.0841683366734, 1179.1583166332666, 1309.0180360721442, 1474.9498997995993, 1575.9519038076153, 1633.6673346693387, 1864.5290581162326, 2355.1102204408817, 3971.142284569138, 501.002004008016, 594.7895791583167, 666.9338677354709, 847.2945891783568, 991.5831663326653, 1034.8697394789579, 1186.372745490982, 1244.0881763527054, 1316.2324649298598, 1366.7334669338677, 1410.0200400801605, 1532.6653306613227, 1568.7374749498997, 1619.2384769539078, 1691.3827655310622, 1749.0981963927857, 1785.1703406813626, 1871.743486973948, 1922.2444889779558, 2016.0320641282565, 2319.0380761523047, 2867.3346693386775, 2982.7655310621244, 3343.486973947896, 3790.7815631262524]","[250.16722408026754, 266.2207357859532, 280.2675585284281]"
74-85-1,"['amine_cn', 'aromatic_out_of_plane_ch', 'benzene_ring_breathing', 'aromatic_ch', 'alkene_ch_sp2', 'alkene_out_of_plane_ch', 'nitro_no2_asym', 'amide_nh', 'aromatic_cc', 'carboxylic_acid_oh_broad', 'alkyl_halide_ccl', 'amide_cn', 'ester_co_c', 'alkyl_halide_cI']",[],"[905.0100200400802, 955.5110220440882, 998.7975951903808, 1417.2344689378758, 1431.6633266533067, 1460.5210420841684, 1915.0300601202405, 2059.318637274549, 2968.3366733466933, 3018.8376753507014, 3090.9819639278558, 3127.0541082164327, 3170.3406813627253, 905.0100200400802, 955.5110220440882, 998.7975951903808, 1417.2344689378758, 1431.6633266533067, 1460.5210420841684, 1915.0300601202405, 2059.318637274549, 2968.3366733466933, 3018.8376753507014, 3090.9819639278558, 3127.0541082164327, 3170.3406813627253, 905.0100200400802, 948.2965931863728, 1013.2264529058116, 1431.6633266533067, 1474.9498997995993, 1864.5290581162326, 1907.8156312625251, 2975.551102204409, 3018.8376753507014, 3083.76753507014, 3127.0541082164327, 905.0100200400802, 948.2965931863728, 1013.2264529058116, 1034.8697394789579, 1417.2344689378758, 1431.6633266533067, 1474.9498997995993, 1864.5290581162326, 1907.8156312625251, 2975.551102204409, 3011.623246492986, 3076.553106212425, 3127.0541082164327, 3163.12625250501, 897.7955911823647, 948.2965931863728, 998.7975951903808, 1417.2344689378758, 1474.9498997995993, 1864.5290581162326, 1907.8156312625251, 2961.122244488978, 3011.623246492986, 3083.76753507014, 3127.0541082164327, 3170.3406813627253, 897.7955911823647, 948.2965931863728, 977.1543086172345, 1006.0120240480962, 1417.2344689378758, 1864.5290581162326, 1915.0300601202405, 2961.122244488978, 3018.8376753507014, 3083.76753507014, 3134.2685370741483, 897.7955911823647, 955.5110220440882, 998.7975951903808, 1417.2344689378758, 1431.6633266533067, 1460.5210420841684, 1915.0300601202405, 2968.3366733466933, 3018.8376753507014, 3090.9819639278558, 3127.0541082164327, 3170.3406813627253, 905.0100200400802, 948.2965931863728, 977.1543086172345, 1417.2344689378758, 1460.5210420841684, 1915.0300601202405, 2961.122244488978, 3011.623246492986, 3083.76753507014, 3127.0541082164327, 905.0100200400802, 955.5110220440882, 998.7975951903808, 1424.4488977955912, 1467.7354709418837, 1871.743486973948, 1922.2444889779558, 2961.122244488978, 2989.9799599198395, 3018.8376753507014, 3047.695390781563, 3090.9819639278558, 3134.2685370741483, 897.7955911823647, 948.2965931863728, 977.1543086172345, 1006.0120240480962, 1417.2344689378758, 1864.5290581162326, 1915.0300601202405, 2961.122244488978, 3018.8376753507014, 3083.76753507014, 3134.2685370741483, 905.0100200400802, 948.2965931863728, 977.1543086172345, 1417.2344689378758, 1460.5210420841684, 1915.0300601202405, 2961.122244488978, 3011.623246492986, 3083.76753507014, 3127.0541082164327, 472.1442885771543, 659.7194388777555, 919.438877755511, 984.3687374749499, 1229.6593186372745, 1446.0921843687374, 1467.7354709418837, 1561.5230460921844, 1886.1723446893789, 1958.316633266533, 2340.681362725451, 2989.9799599198395, 3047.695390781563, 3105.4108216432865, 3776.3527054108217, 905.0100200400802, 948.2965931863728, 977.1543086172345, 1417.2344689378758, 1460.5210420841684, 1915.0300601202405, 2961.122244488978, 3011.623246492986, 3083.76753507014, 3127.0541082164327, 905.0100200400802, 948.2965931863728, 1013.2264529058116, 1431.6633266533067, 1474.9498997995993, 1864.5290581162326, 1907.8156312625251, 2975.551102204409, 3018.8376753507014, 3083.76753507014, 3127.0541082164327, 905.0100200400802, 948.2965931863728, 1006.0120240480962, 1034.8697394789579, 1078.1563126252504, 1417.2344689378758, 1438.877755511022, 1474.9498997995993, 1871.743486973948, 1915.0300601202405, 2961.122244488978, 3018.8376753507014, 3083.76753507014, 3134.2685370741483, 912.2244488977956, 948.2965931863728, 977.1543086172345, 1417.2344689378758, 1460.5210420841684, 1915.0300601202405, 2961.122244488978, 3011.623246492986, 3083.76753507014, 3127.0541082164327, 897.7955911823647, 948.2965931863728, 998.7975951903808, 1417.2344689378758, 1460.5210420841684, 1864.5290581162326, 1915.0300601202405, 2961.122244488978, 3011.623246492986, 3083.76753507014, 3127.0541082164327, 897.7955911823647, 948.2965931863728, 977.1543086172345, 1006.0120240480962, 1417.2344689378758, 1864.5290581162326, 1915.0300601202405, 2961.122244488978, 3018.8376753507014, 3083.76753507014, 3134.2685370741483, 905.0100200400802, 948.2965931863728, 1013.2264529058116, 1431.6633266533067, 1474.9498997995993, 1864.5290581162326, 1907.8156312625251, 2975.551102204409, 3018.8376753507014, 3083.76753507014, 3127.0541082164327, 897.7955911823647, 948.2965931863728, 998.7975951903808, 1417.2344689378758, 1474.9498997995993, 1864.5290581162326, 1907.8156312625251, 2961.122244488978, 3011.623246492986, 3083.76753507014, 3127.0541082164327, 897.7955911823647, 948.2965931863728, 998.7975951903808, 1417.2344689378758, 1474.9498997995993, 1864.5290581162326, 1907.8156312625251, 2961.122244488978, 3011.623246492986, 3083.76753507014, 3127.0541082164327, 897.7955911823647, 948.2965931863728, 1013.2264529058116, 1417.2344689378758, 1474.9498997995993, 1864.5290581162326, 1907.8156312625251, 2961.122244488978, 3011.623246492986, 3090.9819639278558, 3127.0541082164327, 3177.555110220441, 897.7955911823647, 948.2965931863728, 977.1543086172345, 1006.0120240480962, 1417.2344689378758, 1864.5290581162326, 1915.0300601202405, 2961.122244488978, 3018.8376753507014, 3083.76753507014, 3134.2685370741483, 905.0100200400802, 948.2965931863728, 1013.2264529058116, 1417.2344689378758, 1431.6633266533067, 1474.9498997995993, 1864.5290581162326, 1907.8156312625251, 2975.551102204409, 3018.8376753507014, 3083.76753507014, 3127.0541082164327, 905.0100200400802, 948.2965931863728, 977.1543086172345, 1417.2344689378758, 1460.5210420841684, 1915.0300601202405, 2961.122244488978, 3011.623246492986, 3083.76753507014, 3127.0541082164327, 905.0100200400802, 955.5110220440882, 998.7975951903808, 1417.2344689378758, 1431.6633266533067, 1460.5210420841684, 1915.0300601202405, 2968.3366733466933, 3018.8376753507014, 3090.9819639278558, 3127.0541082164327, 3170.3406813627253]",[]
634-90-2,"['amine_cn', 'aromatic_out_of_plane_ch', 'benzene_ring_breathing', 'nitro_no2_asym', 'ether_co', 'aromatic_cc', 'alkyl_halide_ccl', 'alkyl_halide_cbr', 'ester_co_c', 'alkyl_halide_cI', 'sulfate_so4']",[],"[472.1442885771543, 587.5751503006012, 674.1482965931864, 796.7935871743487, 883.3667334669339, 1034.8697394789579, 1114.2284569138278, 1164.7294589178357, 1229.6593186372745, 1352.3046092184368, 1395.5911823647293, 1547.0941883767534, 1597.5951903807616, 1713.0260521042085]",[]
626-17-5,"['aromatic_ch', 'ether_co', 'aromatic_cc', 'amide_cn', 'alkyl_halide_ccl', 'ester_co_c', 'aromatic_out_of_plane_ch', 'alkyne_cc', 'nitro_no2_asym', 'isocyanate_nco', 'nitrile_cn', 'alkyl_halide_cbr', 'alkyl_halide_cI', 'sulfate_so4', 'amine_cn', 'ketone_co', 'alkene_ch_sp2', 'alkene_out_of_plane_ch', 'carboxylic_acid_oh_broad']",[],"[479.35871743486973, 522.6452905811623, 623.6472945891784, 674.1482965931864, 717.4348697394789, 789.5791583166333, 876.1523046092184, 1078.1563126252504, 1157.5150300601204, 1316.2324649298598, 1395.5911823647293, 1474.9498997995993, 1568.7374749498997, 1713.0260521042085, 1792.3847695390782, 1886.1723446893789, 1951.1022044088177, 2232.4649298597196, 3076.553106212425, 421.64328657314627, 479.35871743486973, 659.7194388777555, 703.0060120240481, 782.3647294589179, 832.8657314629259, 941.0821643286573, 1128.6573146292585, 1171.943887775551, 1208.0160320641282, 1251.302605210421, 1402.805611222445, 1446.0921843687374, 1503.807615230461, 1785.1703406813626, 1842.885771543086, 1965.5310621242486, 2254.1082164328654, 3098.1963927855713, 3783.5671342685373]",[]
106-49-0,"['aromatic_ch', 'ether_co', 'aromatic_cc', 'amine_nh_secondary', 'amide_cn', 'anhydride_co', 'amide_nh', 'alkyl_halide_ccl', 'ester_co_c', 'aromatic_out_of_plane_ch', 'benzene_ring_breathing', 'alcohol_phenol_oh', 'nitro_no2_sym', 'nitro_no2_asym', 'alkyl_halide_cbr', 'alkyl_halide_cI', 'amine_nh_primary', 'alkane_ch_sp3', 'amine_cn', 'sulfate_so4', 'alkene_out_of_plane_ch', 'alkene_ch_sp2', 'carboxylic_acid_oh_broad']",[],"[522.6452905811623, 753.5070140280561, 933.8677354709419, 1092.5851703406813, 1150.3006012024048, 1200.801603206413, 1352.3046092184368, 1482.1643286573146, 1547.0941883767534, 1799.5991983967936, 2044.8897795591183, 2643.687374749499, 2759.118236472946, 2888.9779559118238, 2968.3366733466933, 3155.9118236472946, 3256.913827655311, 3415.6312625250503, 3769.138276553106, 479.35871743486973, 638.0761523046092, 796.7935871743487, 840.0801603206413, 1070.941883767535, 1157.5150300601204, 1251.302605210421, 1467.7354709418837, 1511.0220440881765, 1612.0240480961925, 1705.811623246493, 1842.885771543086, 2874.5490981963926, 2917.8356713426856, 3011.623246492986, 3393.987975951904, 3473.3466933867735]","[214.04682274247492, 234.11371237458195, 290.3010033444816, 308.3612040133779]"
55-21-0,"['aromatic_ch', 'ether_co', 'aromatic_cc', 'amine_nh_secondary', 'amide_cn', 'anhydride_co', 'amide_nh', 'alkyl_halide_ccl', 'ester_co_c', 'aromatic_out_of_plane_ch', 'benzene_ring_breathing', 'alcohol_phenol_oh', 'nitro_no2_sym', 'nitro_no2_asym', 'sulfone_so2', 'alkyl_halide_cbr', 'ester_co', 'alkyl_halide_cI', 'amine_nh_primary', 'sulfate_so4', 'amine_cn', 'alkene_ch_sp2', 'alkene_out_of_plane_ch', 'carboxylic_acid_oh_broad']",[],"[508.21643286573146, 558.7174348697395, 666.9338677354709, 746.2925851703407, 876.1523046092184, 1049.2985971943888, 1208.0160320641282, 1323.4468937875752, 1431.6633266533067, 1474.9498997995993, 1597.5951903807616, 1640.881763527054, 1741.88376753507, 3242.4849699398796, 3444.4889779559117, 3776.3527054108217, 602.004008016032, 695.7915831663327, 739.0781563126252, 1056.5130260521041, 1287.374749498998, 1330.6613226452905, 1381.1623246492986, 1575.9519038076153, 1698.5971943887776, 1741.88376753507, 3054.909819639279, 3415.6312625250503, 3538.2765531062123, 616.4328657314629, 666.9338677354709, 739.0781563126252, 897.7955911823647, 948.2965931863728, 1049.2985971943888, 1164.7294589178357, 1208.0160320641282, 1323.4468937875752, 1431.6633266533067, 1525.4509018036072, 1597.5951903807616, 1640.881763527054, 1871.743486973948, 1936.6733466933867, 2001.6032064128258, 2881.763527054108, 3018.8376753507014, 3105.4108216432865, 3256.913827655311, 3502.2044088176353, 3949.498997995992]",[236.12040133779266]
78-93-3,"['ether_co', 'aromatic_cc', 'amide_cn', 'carboxylic_acid_co', 'anhydride_co', 'alkyl_halide_ccl', 'amide_nh', 'ester_co_c', 'aromatic_out_of_plane_ch', 'benzene_ring_breathing', 'nitro_no2_sym', 'alkyl_halide_cbr', 'ester_co', 'alkyl_halide_cI', 'sulfate_so4', 'amine_cn', 'ketone_co', 'alkene_out_of_plane_ch', 'carboxylic_acid_oh_broad', 'aldehyde_co']",[],"[587.5751503006012, 753.5070140280561, 941.0821643286573, 1171.943887775551, 1366.7334669338677, 1446.0921843687374, 1741.88376753507, 2989.9799599198395, 587.5751503006012, 753.5070140280561, 941.0821643286573, 1171.943887775551, 1366.7334669338677, 1446.0921843687374, 1741.88376753507, 2989.9799599198395, 594.7895791583167, 760.7214428857715, 941.0821643286573, 1171.943887775551, 1366.7334669338677, 1460.5210420841684, 1741.88376753507, 2989.9799599198395, 587.5751503006012, 753.5070140280561, 941.0821643286573, 1171.943887775551, 1366.7334669338677, 1446.0921843687374, 1741.88376753507, 2989.9799599198395, 587.5751503006012, 753.5070140280561, 941.0821643286573, 1171.943887775551, 1366.7334669338677, 1446.0921843687374, 1741.88376753507, 2989.9799599198395, 428.85771543086173, 537.0741482965932, 666.9338677354709, 825.6513026052105, 969.939879759519, 1034.8697394789579, 1121.442885771543, 1229.6593186372745, 1280.1603206412826, 1395.5911823647293, 1438.877755511022, 1597.5951903807616, 2016.0320641282565, 2239.679358717435, 2961.122244488978, 3271.3426853707415, 3776.3527054108217, 594.7895791583167, 760.7214428857715, 941.0821643286573, 1171.943887775551, 1366.7334669338677, 1446.0921843687374, 1741.88376753507, 2989.9799599198395, 594.7895791583167, 760.7214428857715, 941.0821643286573, 1171.943887775551, 1366.7334669338677, 1446.0921843687374, 1741.88376753507, 2989.9799599198395, 594.7895791583167, 753.5070140280561, 941.0821643286573, 1171.943887775551, 1366.7334669338677, 1431.6633266533067, 1741.88376753507, 2910.62124248497, 2989.9799599198395, 594.7895791583167, 760.7214428857715, 948.2965931863728, 1171.943887775551, 1366.7334669338677, 1460.5210420841684, 1741.88376753507, 2989.9799599198395, 594.7895791583167, 760.7214428857715, 941.0821643286573, 1171.943887775551, 1366.7334669338677, 1460.5210420841684, 1741.88376753507, 2989.9799599198395, 594.7895791583167, 760.7214428857715, 941.0821643286573, 1171.943887775551, 1366.7334669338677, 1460.5210420841684, 1741.88376753507, 2989.9799599198395, 594.7895791583167, 760.7214428857715, 941.0821643286573, 1171.943887775551, 1366.7334669338677, 1460.5210420841684, 1741.88376753507, 2989.9799599198395, 515.4308617234469, 753.5070140280561, 919.438877755511, 1157.5150300601204, 1352.3046092184368, 1438.877755511022, 1669.739478957916, 1720.2404809619238, 2961.122244488978, 3437.2745490981965, 594.7895791583167, 760.7214428857715, 941.0821643286573, 1171.943887775551, 1366.7334669338677, 1446.0921843687374, 1741.88376753507, 2989.9799599198395, 594.7895791583167, 753.5070140280561, 941.0821643286573, 1171.943887775551, 1366.7334669338677, 1446.0921843687374, 1741.88376753507, 2989.9799599198395, 3458.917835671343, 594.7895791583167, 760.7214428857715, 941.0821643286573, 1171.943887775551, 1366.7334669338677, 1446.0921843687374, 1741.88376753507, 2989.9799599198395, 587.5751503006012, 753.5070140280561, 941.0821643286573, 1171.943887775551, 1366.7334669338677, 1446.0921843687374, 1741.88376753507, 2989.9799599198395, 594.7895791583167, 760.7214428857715, 941.0821643286573, 1171.943887775551, 1366.7334669338677, 1460.5210420841684, 1741.88376753507, 2989.9799599198395, 486.5731462925852, 551.5030060120241, 710.2204408817636, 847.2945891783568, 1042.0841683366734, 1121.442885771543, 1287.374749498998, 1402.805611222445, 1619.2384769539078, 2333.4669338677354, 3278.557114228457, 3971.142284569138, 594.7895791583167, 753.5070140280561, 941.0821643286573, 1171.943887775551, 1366.7334669338677, 1446.0921843687374, 1741.88376753507, 2910.62124248497, 2989.9799599198395, 594.7895791583167, 760.7214428857715, 941.0821643286573, 1171.943887775551, 1366.7334669338677, 1460.5210420841684, 1741.88376753507, 2989.9799599198395, 594.7895791583167, 753.5070140280561, 941.0821643286573, 1171.943887775551, 1366.7334669338677, 1446.0921843687374, 1741.88376753507, 2910.62124248497, 2989.9799599198395, 594.7895791583167, 760.7214428857715, 941.0821643286573, 1171.943887775551, 1366.7334669338677, 1446.0921843687374, 1741.88376753507, 2989.9799599198395, 594.7895791583167, 760.7214428857715, 941.0821643286573, 1171.943887775551, 1366.7334669338677, 1460.5210420841684, 1741.88376753507, 2989.9799599198395, 594.7895791583167, 760.7214428857715, 941.0821643286573, 1171.943887775551, 1366.7334669338677, 1460.5210420841684, 1741.88376753507, 2989.9799599198395, 594.7895791583167, 760.7214428857715, 941.0821643286573, 1171.943887775551, 1366.7334669338677, 1460.5210420841684, 1741.88376753507, 2989.9799599198395, 594.7895791583167, 753.5070140280561, 941.0821643286573, 1171.943887775551, 1366.7334669338677, 1446.0921843687374, 1741.88376753507, 2910.62124248497, 2989.9799599198395]",[]
109-66-0,"['ether_co', 'aromatic_cc', 'amine_nh_secondary', 'amide_cn', 'anhydride_co', 'amide_nh', 'alkyl_halide_ccl', 'ester_co_c', 'aromatic_out_of_plane_ch', 'benzene_ring_breathing', 'alcohol_phenol_oh', 'nitro_no2_asym', 'alkyl_halide_cbr', 'alkyl_halide_cI', 'amine_nh_primary', 'alkane_ch_sp3', 'amine_cn', 'sulfate_so4', 'alkene_out_of_plane_ch', 'carboxylic_acid_oh_broad']",[],"[1446.0921843687374, 2953.9078156312626, 645.2905811623247, 811.2224448897796, 876.1523046092184, 941.0821643286573, 1042.0841683366734, 1092.5851703406813, 1193.5871743486973, 1280.1603206412826, 1410.0200400801605, 1828.4569138276554, 2001.6032064128258, 2095.3907815631264, 2434.4689378757516, 2643.687374749499, 2694.188376753507, 2759.118236472946, 3141.482965931864, 3350.7014028056115, 3494.9899799599198, 3834.068136272545, 3949.498997995992, 508.21643286573146, 681.3627254509017, 796.7935871743487, 883.3667334669339, 941.0821643286573, 1099.7995991983967, 1193.5871743486973, 1410.0200400801605, 1554.308617234469, 2102.605210420842, 2759.118236472946, 2896.1923847695393, 580.3607214428857, 811.2224448897796, 883.3667334669339, 955.5110220440882, 1056.5130260521041, 1107.0140280561122, 1200.801603206413, 1287.374749498998, 1417.2344689378758, 1532.6653306613227, 1640.881763527054, 1821.2424849699398, 1965.5310621242486, 2102.605210420842, 2506.613226452906, 2773.547094188377, 3119.8396793587176, 3336.2725450901803, 3545.490981963928, 3711.422845691383, 3826.85370741483, 3978.3567134268537, 421.64328657314627, 645.2905811623247, 811.2224448897796, 955.5110220440882, 1417.2344689378758, 1525.4509018036072, 1850.1002004008017, 2903.4068136272545, 3978.3567134268537, 421.64328657314627, 652.5050100200401, 818.4368737474949, 955.5110220440882, 1410.0200400801605, 1518.2364729458918, 1842.885771543086, 2903.4068136272545, 3119.8396793587176, 3978.3567134268537]",[]
603-35-0,"['amine_cn', 'aromatic_out_of_plane_ch', 'benzene_ring_breathing', 'nitro_no2_sym', 'aromatic_ch', 'alkene_out_of_plane_ch', 'nitro_no2_asym', 'ether_co', 'aromatic_cc', 'alkyl_halide_ccl', 'alkyl_halide_cbr', 'amide_cn', 'ester_co_c', 'alkyl_halide_cI', 'sulfate_so4']",[],"[457.71543086172346, 573.1462925851704, 724.6492985971944, 811.2224448897796, 868.937875751503, 933.8677354709419, 1006.0120240480962, 1049.2985971943888, 1135.871743486974, 1222.4448897795592, 1287.374749498998, 1352.3046092184368, 1410.0200400801605, 1460.5210420841684, 1511.0220440881765, 1561.5230460921844, 1633.6673346693387, 1691.3827655310622, 1792.3847695390782, 1857.314629258517, 1929.4589178356714, 2023.246492985972, 3033.2665330661325, 3112.625250501002, 3790.7815631262524]","[234.11371237458195, 264.2140468227425, 312.3745819397993]"
96-22-0,"['amine_cn', 'aromatic_out_of_plane_ch', 'benzene_ring_breathing', 'aldehyde_co', 'ketone_co', 'nitro_no2_sym', 'alkene_out_of_plane_ch', 'ether_co', 'aromatic_cc', 'alkyl_halide_ccl', 'carboxylic_acid_oh_broad', 'sulfone_so2', 'amide_cn', 'carboxylic_acid_co', 'sulfate_so4']",[],"[688.5771543086173, 876.1523046092184, 984.3687374749499, 1056.5130260521041, 1150.3006012024048, 1280.1603206412826, 1410.0200400801605, 1575.9519038076153, 1893.3867735470942, 2535.4709418837674, 3292.9859719438878, 3516.633266533066, 3978.3567134268537, 811.2224448897796, 933.8677354709419, 1013.2264529058116, 1092.5851703406813, 1337.875751503006, 1453.306613226453, 1648.0961923847697, 1720.2404809619238, 1777.9559118236473, 2975.551102204409, 3018.8376753507014, 3415.6312625250503]",[]
75-36-5,"['ether_co', 'aromatic_cc', 'amide_cn', 'amine_nh_secondary', 'thiol_sh', 'amide_nh', 'alkyl_halide_ccl', 'ester_co_c', 'aromatic_out_of_plane_ch', 'benzene_ring_breathing', 'alcohol_phenol_oh', 'alkyl_halide_cbr', 'alkyl_halide_cI', 'amine_nh_primary', 'sulfate_so4', 'amine_cn', 'alkene_cc', 'alkene_out_of_plane_ch', 'carboxylic_acid_oh_broad', 'amide_co']",[],"[486.5731462925852, 558.7174348697395, 746.2925851703407, 825.6513026052105, 998.7975951903808, 1056.5130260521041, 1244.0881763527054, 1323.4468937875752, 1402.805611222445, 1489.37875751503, 1655.310621242485, 1749.0981963927857, 1871.743486973948, 2008.8176352705411, 2117.0340681362723, 2593.186372745491, 2910.62124248497, 3473.3466933867735, 3646.492985971944, 3761.923847695391, 825.6513026052105, 905.0100200400802, 998.7975951903808, 1049.2985971943888, 1251.302605210421, 1330.6613226452905, 1395.5911823647293, 1489.37875751503, 1655.310621242485, 1741.88376753507, 1886.1723446893789, 2528.2565130260523, 2816.8336673346694, 2989.9799599198395, 3451.703406813627, 3963.927855711423]","[218.06020066889633, 256.18729096989966]"
107-02-8,"['aromatic_ch', 'ether_co', 'aromatic_cc', 'amide_cn', 'carboxylic_acid_co', 'anhydride_co', 'amide_nh', 'alkyl_halide_ccl', 'ester_co_c', 'aromatic_out_of_plane_ch', 'benzene_ring_breathing', 'alcohol_phenol_oh', 'alkyne_cc', 'nitro_no2_sym', 'nitro_no2_asym', 'sulfone_so2', 'alkyl_halide_cbr', 'alkyl_halide_cI', 'sulfate_so4', 'alkane_ch_sp3', 'amine_cn', 'alkene_cc', 'ketone_co', 'alkene_out_of_plane_ch', 'carboxylic_acid_oh_broad']",[],"[464.92985971943887, 623.6472945891784, 775.1503006012024, 868.937875751503, 926.6533066132265, 1063.7274549098197, 1229.6593186372745, 1301.803607214429, 1381.1623246492986, 1438.877755511022, 1583.1663326653306, 1633.6673346693387, 1792.3847695390782, 1886.1723446893789, 2196.392785571142, 2347.895791583166, 2463.3266533066135, 2715.831663326653, 2773.547094188377, 2939.478957915832, 3011.623246492986, 3249.699398797595, 3336.2725450901803, 3632.064128256513, 3783.5671342685373, 565.9318637274549, 912.2244488977956, 1150.3006012024048, 1395.5911823647293, 1590.3807615230462, 1713.0260521042085, 1799.5991983967936, 1915.0300601202405, 2795.190380761523, 3076.553106212425, 3401.202404809619, 688.5771543086173, 782.3647294589179, 941.0821643286573, 1070.941883767535, 1200.801603206413, 1323.4468937875752, 1388.3767535070142, 1453.306613226453, 1518.2364729458918, 1648.0961923847697, 1785.1703406813626, 1857.314629258517, 1958.316633266533, 2470.5410821643286, 2903.4068136272545, 3040.4809619238476, 3271.3426853707415, 3487.7755511022046, 3747.49498997996]","[336.45484949832775, 386.6220735785953]"
299-84-3,"['amine_cn', 'aromatic_out_of_plane_ch', 'benzene_ring_breathing', 'nitro_no2_sym', 'alkene_out_of_plane_ch', 'ether_co', 'aromatic_cc', 'alkyl_halide_ccl', 'sulfone_so2', 'amide_cn', 'ester_co_c', 'sulfate_so4']",[],"[703.0060120240481, 832.8657314629259, 948.2965931863728, 1049.2985971943888, 1099.7995991983967, 1222.4448897795592, 1330.6613226452905, 1410.0200400801605, 1453.306613226453, 2852.9058116232463, 2946.693386773547]",[]
75-69-4,"['amine_cn', 'aromatic_out_of_plane_ch', 'benzene_ring_breathing', 'alkene_out_of_plane_ch', 'ether_co', 'alkyl_halide_ccl', 'alkyl_halide_cbr', 'alkyl_halide_cI', 'sulfate_so4']",[],"[472.1442885771543, 645.2905811623247, 688.5771543086173, 883.3667334669339, 962.7254509018036, 1128.6573146292585, 1208.0160320641282, 1547.0941883767534, 1727.4549098196394, 2203.607214428858, 3769.138276553106, 789.5791583166333, 832.8657314629259, 912.2244488977956, 1070.941883767535]",[]
624-83-9,"['alkyne_cc', 'nitro_no2_sym', 'isocyanate_nco', 'alkyl_halide_ccl', 'nitrile_cn', 'alkyl_halide_cbr', 'carboxylic_acid_oh_broad', 'sulfone_so2', 'amide_cn', 'alkyl_halide_cI']",[],"[609.2184368737475, 854.5090180360721, 1417.2344689378758, 2254.1082164328654, 2456.112224448898, 2939.478957915832, 551.5030060120241, 674.1482965931864, 991.5831663326653, 1330.6613226452905, 1727.4549098196394, 2398.396793587174, 2535.4709418837674, 3307.4148296593185, 3776.3527054108217, 551.5030060120241, 666.9338677354709, 984.3687374749499, 1330.6613226452905, 1979.9599198396793, 2405.61122244489, 2751.9038076152306, 3300.2004008016033, 3776.3527054108217]",[]
100-37-8,"['amine_cn', 'aromatic_out_of_plane_ch', 'benzene_ring_breathing', 'alkyl_halide_ccl', 'carboxylic_acid_oh_broad', 'amide_cn', 'ester_co_c']",[],"[551.5030060120241, 717.4348697394789, 789.5791583166333, 868.937875751503, 1034.8697394789579, 1193.5871743486973, 1381.1623246492986, 1446.0921843687374, 2751.9038076152306, 2795.190380761523, 2874.5490981963926, 2961.122244488978, 3004.4088176352707, 3516.633266533066]",[]
108-05-4,"['ether_co', 'aromatic_cc', 'amine_nh_secondary', 'amide_cn', 'carboxylic_acid_co', 'thiol_sh', 'anhydride_co', 'amide_nh', 'alkyl_halide_ccl', 'ester_co_c', 'aromatic_out_of_plane_ch', 'benzene_ring_breathing', 'alcohol_phenol_oh', 'nitro_no2_sym', 'nitro_no2_asym', 'sulfone_so2', 'alkyl_halide_cbr', 'alkyl_halide_cI', 'sulfate_so4', 'amine_nh_primary', 'amine_cn', 'alkene_cc', 'ketone_co', 'alkene_out_of_plane_ch', 'carboxylic_acid_oh_broad', 'amide_co']",[],"[868.937875751503, 955.5110220440882, 1020.440881763527, 1150.3006012024048, 1222.4448897795592, 1294.5891783567135, 1381.1623246492986, 1655.310621242485, 1785.1703406813626, 868.937875751503, 955.5110220440882, 1020.440881763527, 1150.3006012024048, 1222.4448897795592, 1294.5891783567135, 1381.1623246492986, 1655.310621242485, 1785.1703406813626, 868.937875751503, 955.5110220440882, 1020.440881763527, 1143.0861723446894, 1222.4448897795592, 1294.5891783567135, 1373.947895791583, 1655.310621242485, 1785.1703406813626, 876.1523046092184, 955.5110220440882, 1027.6553106212425, 1150.3006012024048, 1222.4448897795592, 1301.803607214429, 1381.1623246492986, 1655.310621242485, 1785.1703406813626, 868.937875751503, 955.5110220440882, 1020.440881763527, 1150.3006012024048, 1222.4448897795592, 1294.5891783567135, 1381.1623246492986, 1655.310621242485, 1785.1703406813626, 876.1523046092184, 955.5110220440882, 1027.6553106212425, 1150.3006012024048, 1222.4448897795592, 1294.5891783567135, 1381.1623246492986, 1655.310621242485, 1785.1703406813626, 876.1523046092184, 955.5110220440882, 1027.6553106212425, 1150.3006012024048, 1222.4448897795592, 1294.5891783567135, 1381.1623246492986, 1655.310621242485, 1785.1703406813626, 868.937875751503, 955.5110220440882, 1020.440881763527, 1150.3006012024048, 1222.4448897795592, 1294.5891783567135, 1381.1623246492986, 1655.310621242485, 1785.1703406813626, 421.64328657314627, 486.5731462925852, 674.1482965931864, 739.0781563126252, 912.2244488977956, 984.3687374749499, 1099.7995991983967, 1171.943887775551, 1272.9458917835673, 1330.6613226452905, 1417.2344689378758, 1532.6653306613227, 1705.811623246493, 1835.6713426853707, 1929.4589178356714, 2023.246492985972, 2102.605210420842, 2203.607214428858, 2261.322645290581, 2319.0380761523047, 2391.1823647294586, 2686.9739478957918, 2816.8336673346694, 2975.551102204409, 3076.553106212425, 3473.3466933867735, 3776.3527054108217, 876.1523046092184, 955.5110220440882, 1027.6553106212425, 1150.3006012024048, 1222.4448897795592, 1294.5891783567135, 1381.1623246492986, 1655.310621242485, 1785.1703406813626, 876.1523046092184, 955.5110220440882, 1027.6553106212425, 1150.3006012024048, 1222.4448897795592, 1294.5891783567135, 1381.1623246492986, 1655.310621242485, 1785.1703406813626, 876.1523046092184, 955.5110220440882, 1020.440881763527, 1150.3006012024048, 1222.4448897795592, 1294.5891783567135, 1381.1623246492986, 1655.310621242485, 1785.1703406813626, 868.937875751503, 955.5110220440882, 1020.440881763527, 1143.0861723446894, 1222.4448897795592, 1294.5891783567135, 1373.947895791583, 1655.310621242485, 1785.1703406813626, 868.937875751503, 955.5110220440882, 1020.440881763527, 1143.0861723446894, 1222.4448897795592, 1294.5891783567135, 1373.947895791583, 1655.310621242485, 1785.1703406813626, 868.937875751503, 955.5110220440882, 1020.440881763527, 1150.3006012024048, 1222.4448897795592, 1294.5891783567135, 1381.1623246492986, 1655.310621242485, 1785.1703406813626, 876.1523046092184, 955.5110220440882, 1027.6553106212425, 1150.3006012024048, 1222.4448897795592, 1294.5891783567135, 1381.1623246492986, 1655.310621242485, 1785.1703406813626, 876.1523046092184, 955.5110220440882, 1027.6553106212425, 1150.3006012024048, 1222.4448897795592, 1301.803607214429, 1381.1623246492986, 1655.310621242485, 1785.1703406813626, 876.1523046092184, 955.5110220440882, 1020.440881763527, 1150.3006012024048, 1222.4448897795592, 1294.5891783567135, 1381.1623246492986, 1655.310621242485, 1785.1703406813626, 876.1523046092184, 955.5110220440882, 1027.6553106212425, 1150.3006012024048, 1222.4448897795592, 1301.803607214429, 1381.1623246492986, 1655.310621242485, 1785.1703406813626, 876.1523046092184, 955.5110220440882, 1020.440881763527, 1150.3006012024048, 1222.4448897795592, 1294.5891783567135, 1381.1623246492986, 1655.310621242485, 1785.1703406813626, 876.1523046092184, 962.7254509018036, 1027.6553106212425, 1150.3006012024048, 1222.4448897795592, 1301.803607214429, 1381.1623246492986, 1655.310621242485, 1785.1703406813626, 868.937875751503, 955.5110220440882, 1020.440881763527, 1143.0861723446894, 1222.4448897795592, 1294.5891783567135, 1373.947895791583, 1655.310621242485, 1785.1703406813626, 868.937875751503, 955.5110220440882, 1020.440881763527, 1143.0861723446894, 1222.4448897795592, 1294.5891783567135, 1373.947895791583, 1655.310621242485, 1785.1703406813626, 876.1523046092184, 955.5110220440882, 1020.440881763527, 1150.3006012024048, 1222.4448897795592, 1294.5891783567135, 1381.1623246492986, 1655.310621242485, 1785.1703406813626, 876.1523046092184, 955.5110220440882, 1027.6553106212425, 1150.3006012024048, 1222.4448897795592, 1301.803607214429, 1381.1623246492986, 1655.310621242485, 1785.1703406813626, 565.9318637274549, 616.4328657314629, 681.3627254509017, 746.2925851703407, 919.438877755511, 991.5831663326653, 1092.5851703406813, 1171.943887775551, 1272.9458917835673, 1330.6613226452905, 1410.0200400801605, 1482.1643286573146, 1604.809619238477, 1676.9539078156313, 1922.2444889779558, 2023.246492985972, 2203.607214428858, 2383.9679358717435, 2528.2565130260523, 3076.553106212425, 3379.559118236473, 3776.3527054108217, 876.1523046092184, 955.5110220440882, 1020.440881763527, 1150.3006012024048, 1222.4448897795592, 1294.5891783567135, 1381.1623246492986, 1655.310621242485, 1785.1703406813626, 594.7895791583167, 861.7234468937876, 998.7975951903808, 1128.6573146292585, 1200.801603206413, 1244.0881763527054, 1359.5190380761524, 1633.6673346693387, 1756.312625250501]",[266.2207357859532]
630-08-0,"['alkyne_cc', 'amine_cn', 'ester_co_c', 'alkyl_halide_cI']",[],"[508.21643286573146, 2109.819639278557, 2160.3206412825652, 479.35871743486973, 1200.801603206413, 2145.8917835671346, 2282.9659318637277, 3783.5671342685373]",[]
71-43-2,"['amine_cn', 'aromatic_out_of_plane_ch', 'benzene_ring_breathing', 'anhydride_co', 'nitro_no2_sym', 'aromatic_ch', 'alkene_ch_sp2', 'nitro_no2_asym', 'ether_co', 'aromatic_cc', 'carboxylic_acid_oh_broad', 'alkyl_halide_ccl', 'sulfone_so2', 'amide_cn', 'alkyl_halide_cI', 'alkyl_halide_cbr', 'sulfate_so4']",[],"[681.3627254509017, 1042.0841683366734, 1482.1643286573146, 1814.0280561122245, 1958.316633266533, 2896.1923847695393, 3047.695390781563, 3098.1963927855713, 645.2905811623247, 674.1482965931864, 703.0060120240481, 1034.8697394789579, 1482.1643286573146, 1814.0280561122245, 3047.695390781563, 3098.1963927855713, 674.1482965931864, 1034.8697394789579, 1482.1643286573146, 1814.0280561122245, 1958.316633266533, 2896.1923847695393, 3047.695390781563, 3098.1963927855713, 645.2905811623247, 674.1482965931864, 703.0060120240481, 1034.8697394789579, 1482.1643286573146, 1814.0280561122245, 3047.695390781563, 3098.1963927855713, 681.3627254509017, 1042.0841683366734, 1482.1643286573146, 1814.0280561122245, 1958.316633266533, 2896.1923847695393, 3047.695390781563, 3098.1963927855713, 472.1442885771543, 796.7935871743487, 883.3667334669339, 1056.5130260521041, 1330.6613226452905, 1417.2344689378758, 1503.807615230461, 1554.308617234469, 1734.6693386773547, 1842.885771543086, 1987.1743486973949, 2246.8937875751503, 2347.895791583166, 3062.124248496994, 3776.3527054108217, 645.2905811623247, 674.1482965931864, 1034.8697394789579, 1482.1643286573146, 1806.8136272545091, 1958.316633266533, 3047.695390781563, 3098.1963927855713, 674.1482965931864, 1034.8697394789579, 1482.1643286573146, 1814.0280561122245, 1958.316633266533, 3047.695390781563, 3098.1963927855713, 645.2905811623247, 674.1482965931864, 703.0060120240481, 1034.8697394789579, 1482.1643286573146, 1814.0280561122245, 1958.316633266533, 3047.695390781563, 3098.1963927855713, 674.1482965931864, 1034.8697394789579, 1482.1643286573146, 1814.0280561122245, 1958.316633266533, 3047.695390781563, 3098.1963927855713, 674.1482965931864, 1034.8697394789579, 1482.1643286573146, 1806.8136272545091, 1958.316633266533, 3047.695390781563, 3098.1963927855713, 659.7194388777555, 688.5771543086173, 731.8637274549098, 1034.8697394789579, 1482.1643286573146, 1806.8136272545091, 1958.316633266533, 2896.1923847695393, 3047.695390781563, 3098.1963927855713, 645.2905811623247, 674.1482965931864, 703.0060120240481, 1034.8697394789579, 1482.1643286573146, 1814.0280561122245, 1958.316633266533, 3047.695390781563, 3098.1963927855713, 674.1482965931864, 1034.8697394789579, 1482.1643286573146, 1814.0280561122245, 1958.316633266533, 3047.695390781563, 3098.1963927855713, 681.3627254509017, 1042.0841683366734, 1482.1643286573146, 1814.0280561122245, 1958.316633266533, 2896.1923847695393, 3047.695390781563, 3098.1963927855713, 645.2905811623247, 674.1482965931864, 703.0060120240481, 1034.8697394789579, 1482.1643286573146, 1814.0280561122245, 1958.316633266533, 3047.695390781563, 3098.1963927855713, 659.7194388777555, 688.5771543086173, 731.8637274549098, 1034.8697394789579, 1482.1643286573146, 1814.0280561122245, 1958.316633266533, 2896.1923847695393, 3047.695390781563, 3098.1963927855713, 645.2905811623247, 674.1482965931864, 1034.8697394789579, 1482.1643286573146, 1806.8136272545091, 1958.316633266533, 3047.695390781563, 3098.1963927855713, 645.2905811623247, 674.1482965931864, 703.0060120240481, 1034.8697394789579, 1482.1643286573146, 1814.0280561122245, 3047.695390781563, 3098.1963927855713, 645.2905811623247, 674.1482965931864, 703.0060120240481, 1034.8697394789579, 1482.1643286573146, 1814.0280561122245, 3047.695390781563, 3098.1963927855713, 674.1482965931864, 1034.8697394789579, 1482.1643286573146, 1814.0280561122245, 1958.316633266533, 3047.695390781563, 3098.1963927855713, 681.3627254509017, 1042.0841683366734, 1482.1643286573146, 1814.0280561122245, 1958.316633266533, 2896.1923847695393, 3047.695390781563, 3098.1963927855713, 645.2905811623247, 674.1482965931864, 703.0060120240481, 1034.8697394789579, 1482.1643286573146, 1814.0280561122245, 1958.316633266533, 3047.695390781563, 3098.1963927855713, 472.1442885771543, 623.6472945891784, 724.6492985971944, 969.939879759519, 1121.442885771543, 1424.4488977955912, 1554.308617234469, 1850.1002004008017, 2362.3246492985973, 2903.4068136272545, 2997.194388777555, 3076.553106212425, 3141.482965931864, 3776.3527054108217, 681.3627254509017, 1042.0841683366734, 1482.1643286573146, 1814.0280561122245, 1958.316633266533, 2896.1923847695393, 3047.695390781563, 3098.1963927855713, 645.2905811623247, 674.1482965931864, 1034.8697394789579, 1482.1643286573146, 1806.8136272545091, 1958.316633266533, 3047.695390781563, 3098.1963927855713, 674.1482965931864, 1034.8697394789579, 1467.7354709418837, 1792.3847695390782, 1951.1022044088177, 2989.9799599198395, 3033.2665330661325, 3076.553106212425, 674.1482965931864, 1034.8697394789579, 1482.1643286573146, 1814.0280561122245, 1958.316633266533, 3047.695390781563, 3098.1963927855713]",[]
10024-97-2,"['amine_cn', 'benzene_ring_breathing', 'alkyne_cc', 'thiol_sh', 'nitro_no2_sym', 'amide_nh', 'carboxylic_acid_oh_broad', 'sulfone_so2', 'nitrile_cn', 'amine_nh_secondary', 'amide_cn', 'ester_co_c', 'alkyl_halide_cI', 'alkyl_halide_cbr', 'amine_nh_primary']",[],"[493.7875751503006, 1034.8697394789579, 1215.2304609218436, 1287.374749498998, 1337.875751503006, 1597.5951903807616, 2037.6753507014027, 2225.250501002004, 2275.751503006012, 2499.3987975951904, 2557.1142284569137, 2614.8296593186374, 2838.4769539078156, 3401.202404809619, 3458.917835671343, 3509.418837675351, 3769.138276553106, 594.7895791583167, 1258.5170340681361, 1287.374749498998, 2189.178356713427, 2232.4649298597196, 2564.3286573146293, 3480.561122244489]",[]
594-72-9,"['amine_cn', 'aromatic_out_of_plane_ch', 'alkyne_cc', 'nitro_no2_sym', 'ether_co', 'aromatic_cc', 'alkyl_halide_ccl', 'sulfone_so2', 'amide_cn', 'ester_co_c', 'alkyl_halide_cI', 'alkyl_halide_cbr', 'sulfate_so4']",[],"[522.6452905811623, 674.1482965931864, 796.7935871743487, 1085.370741482966, 1121.442885771543, 1316.2324649298598, 1373.947895791583, 1431.6633266533067, 1590.3807615230462, 1640.881763527054, 2896.1923847695393, 472.1442885771543, 580.3607214428857, 753.5070140280561, 832.8657314629259, 991.5831663326653, 1222.4448897795592, 1359.5190380761524, 1410.0200400801605, 1467.7354709418837, 2102.605210420842, 2802.4048096192387, 3783.5671342685373]",[]
103-65-1,"['alkane_ch_sp3', 'amine_cn', 'aromatic_out_of_plane_ch', 'benzene_ring_breathing', 'alkyne_cc', 'aromatic_ch', 'alkene_ch_sp2', 'alkene_out_of_plane_ch', 'nitro_no2_asym', 'ether_co', 'aromatic_cc', 'carboxylic_acid_oh_broad', 'alkyl_halide_ccl', 'alkyl_halide_cI', 'alkyl_halide_cbr', 'sulfate_so4']",[],"[472.1442885771543, 551.5030060120241, 674.1482965931864, 724.6492985971944, 760.7214428857715, 876.1523046092184, 1078.1563126252504, 1373.947895791583, 1438.877755511022, 1590.3807615230462, 1792.3847695390782, 2874.5490981963926, 2953.9078156312626, 3026.052104208417, 609.2184368737475, 666.9338677354709, 717.4348697394789, 789.5791583166333, 840.0801603206413, 933.8677354709419, 1070.941883767535, 1128.6573146292585, 1222.4448897795592, 1352.3046092184368, 1395.5911823647293, 1474.9498997995993, 1518.2364729458918, 1633.6673346693387, 1684.1683366733466, 1777.9559118236473, 1842.885771543086, 1915.0300601202405, 2102.605210420842, 2456.112224448898, 2896.1923847695393, 3004.4088176352707, 3054.909819639279, 3300.2004008016033, 3935.070140280561]","[228.09364548494983, 260.2006688963211]"
497-19-8,[],[],[],[]
56-55-3,"['amine_cn', 'aromatic_out_of_plane_ch', 'benzene_ring_breathing', 'nitro_no2_sym', 'aromatic_ch', 'alkene_ch_sp2', 'alkene_out_of_plane_ch', 'alkyl_halide_ccl', 'aromatic_cc', 'carboxylic_acid_oh_broad', 'ester_co_c', 'alkyl_halide_cI', 'alkyl_halide_cbr']",[],"[674.1482965931864, 731.8637274549098, 782.3647294589179, 861.7234468937876, 933.8677354709419, 1013.2264529058116, 1135.871743486974, 1215.2304609218436, 1373.947895791583, 1453.306613226453, 1734.6693386773547, 1900.6012024048096, 3054.909819639279, 3098.1963927855713, 3494.9899799599198, 450.501002004008, 493.7875751503006, 515.4308617234469, 558.7174348697395, 594.7895791583167, 703.0060120240481, 760.7214428857715, 818.4368737474949, 905.0100200400802, 969.939879759519, 1042.0841683366734, 1128.6573146292585, 1171.943887775551, 1229.6593186372745, 1366.7334669338677, 1640.881763527054, 1698.5971943887776, 1756.312625250501, 1850.1002004008017, 1936.6733466933867, 1979.9599198396793, 2117.0340681362723, 2816.8336673346694, 3285.771543086172, 3790.7815631262524]",[]
123-92-2,"['ether_co', 'aromatic_cc', 'amide_cn', 'amine_nh_secondary', 'anhydride_co', 'alkyl_halide_ccl', 'amide_nh', 'ester_co_c', 'aromatic_out_of_plane_ch', 'benzene_ring_breathing', 'nitro_no2_sym', 'nitro_no2_asym', 'sulfone_so2', 'alkyl_halide_cbr', 'alkyl_halide_cI', 'sulfate_so4', 'alkane_ch_sp3', 'amine_cn', 'amine_nh_primary', 'alkene_cc', 'alkene_out_of_plane_ch', 'carboxylic_acid_oh_broad']",[],"[573.1462925851704, 666.9338677354709, 1128.6573146292585, 1323.4468937875752, 1417.2344689378758, 1525.4509018036072, 1893.3867735470942, 3249.699398797595, 3963.927855711423, 1034.8697394789579, 1186.372745490982, 1229.6593186372745, 1359.5190380761524, 1453.306613226453, 1756.312625250501, 1799.5991983967936, 2953.9078156312626, 3004.4088176352707, 472.1442885771543, 580.3607214428857, 623.6472945891784, 681.3627254509017, 832.8657314629259, 897.7955911823647, 984.3687374749499, 1092.5851703406813, 1186.372745490982, 1330.6613226452905, 1410.0200400801605, 1496.5931863727455, 1626.4529058116232, 1958.316633266533, 2203.607214428858, 2340.681362725451, 2888.9779559118238, 3393.987975951904, 3740.2805611222448]",[]
110-83-8,"['alkane_ch_sp3', 'amine_cn', 'aromatic_out_of_plane_ch', 'benzene_ring_breathing', 'alkene_cc', 'aromatic_ch', 'alkene_ch_sp2', 'alkene_out_of_plane_ch', 'nitro_no2_asym', 'ether_co', 'alkyl_halide_ccl', 'carboxylic_acid_oh_broad', 'alkyl_halide_cbr', 'aromatic_cc', 'amide_cn', 'ester_co_c', 'alkyl_halide_cI', 'sulfate_so4']",[],"[623.6472945891784, 710.2204408817636, 890.5811623246493, 1034.8697394789579, 1431.6633266533067, 1633.6673346693387, 2845.691382765531, 2917.8356713426856, 2961.122244488978, 3033.2665330661325, 493.7875751503006, 695.7915831663327, 782.3647294589179, 840.0801603206413, 897.7955911823647, 962.7254509018036, 1070.941883767535, 1179.1583166332666, 1301.803607214429, 1410.0200400801605, 1496.5931863727455, 1842.885771543086, 2542.685370741483, 2737.4749498997994, 2809.619238476954, 2896.1923847695393, 2997.194388777555, 3769.138276553106, 544.2885771543087, 695.7915831663327, 789.5791583166333, 854.5090180360721, 897.7955911823647, 955.5110220440882, 1114.2284569138278, 1164.7294589178357, 1294.5891783567135, 1366.7334669338677, 1568.7374749498997, 1633.6673346693387, 1770.741482965932, 2037.6753507014027, 2723.0460921843687, 3004.4088176352707, 3054.909819639279, 3155.9118236472946, 421.64328657314627, 529.8597194388777, 695.7915831663327, 789.5791583166333, 854.5090180360721, 897.7955911823647, 955.5110220440882, 1013.2264529058116, 1114.2284569138278, 1200.801603206413, 1294.5891783567135, 1373.947895791583, 1583.1663326653306, 1633.6673346693387, 1684.1683366733466, 1864.5290581162326, 2044.8897795591183, 2131.4629258517034, 2369.539078156313, 2549.8997995991986, 2629.258517034068, 2744.689378757515, 2989.9799599198395, 3249.699398797595, 3502.2044088176353, 486.5731462925852, 695.7915831663327, 775.1503006012024, 840.0801603206413, 897.7955911823647, 962.7254509018036, 1092.5851703406813, 1179.1583166332666, 1301.803607214429, 1410.0200400801605, 1496.5931863727455, 1814.0280561122245, 2549.8997995991986, 2737.4749498997994, 2816.8336673346694, 2888.9779559118238, 2997.194388777555, 3776.3527054108217]",[202.0066889632107]
463-58-1,"['amine_cn', 'aromatic_out_of_plane_ch', 'alkyne_cc', 'alkyl_halide_ccl', 'nitrile_cn', 'alkyl_halide_cbr', 'amide_cn', 'ester_co_c', 'alkyl_halide_cI']",[],"[479.35871743486973, 623.6472945891784, 897.7955911823647, 1222.4448897795592, 1568.7374749498997, 1749.0981963927857, 1929.4589178356714, 2109.819639278557, 2239.679358717435, 2398.396793587174, 2953.9078156312626, 3639.2785571142285, 3783.5671342685373, 472.1442885771543, 623.6472945891784, 811.2224448897796, 897.7955911823647, 1222.4448897795592, 1568.7374749498997, 1741.88376753507, 1929.4589178356714, 2218.0360721442885, 2405.61122244489, 2953.9078156312626, 3639.2785571142285, 3761.923847695391]",[]
77-78-1,"['alkane_ch_sp3', 'amine_cn', 'aromatic_out_of_plane_ch', 'nitro_no2_sym', 'alkene_out_of_plane_ch', 'ether_co', 'alkyl_halide_ccl', 'carboxylic_acid_oh_broad', 'alkyl_halide_cbr', 'sulfone_so2', 'amide_cn', 'ester_co_c', 'alkyl_halide_cI', 'sulfate_so4']",[],"[479.35871743486973, 522.6452905811623, 616.4328657314629, 724.6492985971944, 782.3647294589179, 912.2244488977956, 1128.6573146292585, 1301.803607214429, 1431.6633266533067, 1698.5971943887776, 1929.4589178356714, 2809.619238476954, 2874.5490981963926, 2989.9799599198395, 3401.202404809619, 3783.5671342685373, 565.9318637274549, 767.935871743487, 811.2224448897796, 926.6533066132265, 984.3687374749499, 1063.7274549098197, 1193.5871743486973, 1330.6613226452905, 1402.805611222445, 2953.9078156312626]",[]
334-48-5,"['alkane_ch_sp3', 'amine_cn', 'aromatic_out_of_plane_ch', 'benzene_ring_breathing', 'alcohol_phenol_oh', 'nitro_no2_sym', 'anhydride_co', 'nitro_no2_asym', 'ether_co', 'aromatic_cc', 'alkyl_halide_ccl', 'alkyl_halide_cbr', 'carboxylic_acid_oh_broad', 'amide_cn', 'alkyl_halide_cI', 'sulfate_so4']",[],"[688.5771543086173, 782.3647294589179, 1013.2264529058116, 1085.370741482966, 1135.871743486974, 1359.5190380761524, 1446.0921843687374, 1561.5230460921844, 2095.3907815631264, 2737.4749498997994, 573.1462925851704, 703.0060120240481, 789.5791583166333, 1020.440881763527, 1085.370741482966, 1143.0861723446894, 1366.7334669338677, 1446.0921843687374, 1489.37875751503, 1619.2384769539078, 2080.9619238476953, 2723.0460921843687, 2896.1923847695393, 3509.418837675351, 3783.5671342685373, 594.7895791583167, 1114.2284569138278, 1359.5190380761524, 1438.877755511022, 1756.312625250501, 2867.3346693386775, 2917.8356713426856, 2997.194388777555, 3559.9198396793586]",[]
77-47-4,"['amine_cn', 'aromatic_out_of_plane_ch', 'benzene_ring_breathing', 'alkyne_cc', 'alkene_cc', 'alkene_out_of_plane_ch', 'ether_co', 'alkyl_halide_ccl', 'nitrile_cn', 'alkyl_halide_cbr', 'aromatic_cc', 'amide_cn', 'ester_co_c', 'alkyl_halide_cI', 'sulfate_so4']",[],"[522.6452905811623, 565.9318637274549, 659.7194388777555, 703.0060120240481, 753.5070140280561, 832.8657314629259, 905.0100200400802, 998.7975951903808, 1099.7995991983967, 1164.7294589178357, 1208.0160320641282, 1258.5170340681361, 1330.6613226452905, 1446.0921843687374, 1583.1663326653306, 1626.4529058116232, 1676.9539078156313, 1734.6693386773547, 1777.9559118236473, 1871.743486973948, 3776.3527054108217, 565.9318637274549, 681.3627254509017, 739.0781563126252, 825.6513026052105, 876.1523046092184, 991.5831663326653, 1070.941883767535, 1157.5150300601204, 1200.801603206413, 1251.302605210421, 1417.2344689378758, 1676.9539078156313, 2218.0360721442885, 3978.3567134268537, 630.8617234468938, 674.1482965931864, 796.7935871743487, 955.5110220440882, 1114.2284569138278, 1215.2304609218436, 1244.0881763527054, 1590.3807615230462, 1756.312625250501]",[]
685-91-6,"['ether_co', 'aromatic_cc', 'amide_cn', 'amide_nh', 'alkyl_halide_ccl', 'ester_co_c', 'aromatic_out_of_plane_ch', 'benzene_ring_breathing', 'nitro_no2_sym', 'nitro_no2_asym', 'sulfone_so2', 'alkyl_halide_cbr', 'alkyl_halide_cI', 'sulfate_so4', 'amine_cn', 'alkene_cc', 'alkene_out_of_plane_ch', 'carboxylic_acid_oh_broad', 'amide_co']",[],"[472.1442885771543, 558.7174348697395, 760.7214428857715, 883.3667334669339, 926.6533066132265, 962.7254509018036, 1013.2264529058116, 1056.5130260521041, 1128.6573146292585, 1193.5871743486973, 1244.0881763527054, 1330.6613226452905, 1395.5911823647293, 1547.0941883767534, 2008.8176352705411, 2896.1923847695393, 2953.9078156312626, 3148.697394789579, 3797.995991983968, 587.5751503006012, 1027.6553106212425, 1157.5150300601204, 1222.4448897795592, 1272.9458917835673, 1402.805611222445, 1626.4529058116232, 1669.739478957916, 1720.2404809619238, 2968.3366733466933]",[220.06688963210703]
79-10-7,"['ether_co', 'aromatic_cc', 'amide_cn', 'anhydride_co', 'alkyl_halide_ccl', 'aromatic_out_of_plane_ch', 'benzene_ring_breathing', 'alcohol_phenol_oh', 'nitro_no2_sym', 'nitro_no2_asym', 'sulfone_so2', 'alkyl_halide_cbr', 'alkyl_halide_cI', 'sulfate_so4', 'amine_cn', 'alkene_cc', 'alkene_out_of_plane_ch', 'carboxylic_acid_oh_broad', 'amide_co']",[],"[565.9318637274549, 796.7935871743487, 998.7975951903808, 1114.2284569138278, 1164.7294589178357, 1316.2324649298598, 1395.5911823647293, 1633.6673346693387, 1705.811623246493, 1756.312625250501, 1799.5991983967936, 3567.134268537074, 602.004008016032, 674.1482965931864, 840.0801603206413, 883.3667334669339, 955.5110220440882, 1020.440881763527, 1099.7995991983967, 1265.7314629258517, 1345.0901803607214, 1532.6653306613227, 1662.5250501002004, 1886.1723446893789, 2044.8897795591183, 2203.607214428858, 2694.188376753507, 2744.689378757515, 2953.9078156312626, 3790.7815631262524]",[]
75-35-4,"['amine_cn', 'aromatic_out_of_plane_ch', 'benzene_ring_breathing', 'alkene_cc', 'ether_co', 'alkyl_halide_ccl', 'aromatic_cc', 'alkyl_halide_cbr', 'ester_co_c', 'alkyl_halide_cI', 'sulfate_so4']",[],"[602.004008016032, 796.7935871743487, 868.937875751503, 1092.5851703406813, 1143.0861723446894, 1395.5911823647293, 1568.7374749498997, 1626.4529058116232, 602.004008016032, 789.5791583166333, 868.937875751503, 1092.5851703406813, 1135.871743486974, 1395.5911823647293, 1568.7374749498997, 1619.2384769539078, 457.71543086172346, 594.7895791583167, 789.5791583166333, 861.7234468937876, 1027.6553106212425, 1070.941883767535, 1121.442885771543, 1373.947895791583, 1554.308617234469, 1597.5951903807616, 602.004008016032, 796.7935871743487, 876.1523046092184, 1092.5851703406813, 1143.0861723446894, 1395.5911823647293, 1568.7374749498997, 1619.2384769539078, 602.004008016032, 796.7935871743487, 868.937875751503, 1092.5851703406813, 1143.0861723446894, 1395.5911823647293, 1568.7374749498997, 1626.4529058116232, 602.004008016032, 796.7935871743487, 876.1523046092184, 1092.5851703406813, 1143.0861723446894, 1395.5911823647293, 1568.7374749498997, 1619.2384769539078, 602.004008016032, 796.7935871743487, 868.937875751503, 1092.5851703406813, 1143.0861723446894, 1395.5911823647293, 1568.7374749498997, 1626.4529058116232, 602.004008016032, 789.5791583166333, 868.937875751503, 1092.5851703406813, 1135.871743486974, 1395.5911823647293, 1568.7374749498997, 1619.2384769539078, 602.004008016032, 796.7935871743487, 868.937875751503, 1092.5851703406813, 1143.0861723446894, 1395.5911823647293, 1568.7374749498997, 1619.2384769539078, 602.004008016032, 796.7935871743487, 876.1523046092184, 1092.5851703406813, 1143.0861723446894, 1568.7374749498997, 1619.2384769539078, 602.004008016032, 796.7935871743487, 868.937875751503, 1092.5851703406813, 1143.0861723446894, 1395.5911823647293, 1568.7374749498997, 1619.2384769539078, 602.004008016032, 789.5791583166333, 868.937875751503, 1085.370741482966, 1135.871743486974, 1395.5911823647293, 1568.7374749498997, 1619.2384769539078, 602.004008016032, 796.7935871743487, 876.1523046092184, 1092.5851703406813, 1143.0861723446894, 1568.7374749498997, 1619.2384769539078, 602.004008016032, 796.7935871743487, 876.1523046092184, 1092.5851703406813, 1143.0861723446894, 1395.5911823647293, 1568.7374749498997, 1619.2384769539078, 602.004008016032, 796.7935871743487, 876.1523046092184, 1092.5851703406813, 1143.0861723446894, 1568.7374749498997, 1619.2384769539078, 602.004008016032, 796.7935871743487, 868.937875751503, 1092.5851703406813, 1143.0861723446894, 1395.5911823647293, 1568.7374749498997, 1626.4529058116232, 602.004008016032, 796.7935871743487, 876.1523046092184, 1092.5851703406813, 1143.0861723446894, 1568.7374749498997, 1619.2384769539078, 602.004008016032, 796.7935871743487, 876.1523046092184, 1092.5851703406813, 1143.0861723446894, 1395.5911823647293, 1568.7374749498997, 1619.2384769539078, 602.004008016032, 796.7935871743487, 868.937875751503, 1092.5851703406813, 1143.0861723446894, 1395.5911823647293, 1568.7374749498997, 1619.2384769539078, 602.004008016032, 796.7935871743487, 876.1523046092184, 1092.5851703406813, 1143.0861723446894, 1395.5911823647293, 1568.7374749498997, 1619.2384769539078, 602.004008016032, 789.5791583166333, 868.937875751503, 1092.5851703406813, 1135.871743486974, 1395.5911823647293, 1568.7374749498997, 1619.2384769539078, 602.004008016032, 796.7935871743487, 876.1523046092184, 1092.5851703406813, 1143.0861723446894, 1395.5911823647293, 1568.7374749498997, 1619.2384769539078, 602.004008016032, 796.7935871743487, 868.937875751503, 1092.5851703406813, 1143.0861723446894, 1395.5911823647293, 1568.7374749498997, 1619.2384769539078, 602.004008016032, 796.7935871743487, 868.937875751503, 1092.5851703406813, 1143.0861723446894, 1395.5911823647293, 1568.7374749498997, 1626.4529058116232, 602.004008016032, 796.7935871743487, 876.1523046092184, 1092.5851703406813, 1143.0861723446894, 1395.5911823647293, 1568.7374749498997, 1619.2384769539078, 602.004008016032, 789.5791583166333, 868.937875751503, 1092.5851703406813, 1135.871743486974, 1395.5911823647293, 1568.7374749498997, 1619.2384769539078, 479.35871743486973, 558.7174348697395, 703.0060120240481, 825.6513026052105, 1042.0841683366734, 1128.6573146292585, 1171.943887775551, 1431.6633266533067, 1583.1663326653306, 1669.739478957916, 2355.1102204408817, 2521.0420841683367, 3783.5671342685373]",[]
74-97-5,"['amine_cn', 'aromatic_out_of_plane_ch', 'nitro_no2_sym', 'alkene_out_of_plane_ch', 'alkyl_halide_ccl', 'sulfone_so2', 'alkyl_halide_cbr', 'amide_cn', 'ester_co_c', 'alkyl_halide_cI']",[],"[436.07214428857714, 529.8597194388777, 630.8617234468938, 825.6513026052105, 984.3687374749499, 1309.0180360721442, 2145.8917835671346, 2650.9018036072143, 3011.623246492986, 3783.5671342685373, 544.2885771543087, 594.7895791583167, 638.0761523046092, 717.4348697394789, 840.0801603206413, 1186.372745490982, 1222.4448897795592, 1554.308617234469, 2997.194388777555]",[]
630-20-6,"['amine_cn', 'aromatic_out_of_plane_ch', 'benzene_ring_breathing', 'nitro_no2_sym', 'alkene_out_of_plane_ch', 'ether_co', 'aromatic_cc', 'carboxylic_acid_oh_broad', 'alkyl_halide_ccl', 'sulfone_so2', 'amide_cn', 'ester_co_c', 'alkyl_halide_cI', 'alkyl_halide_cbr', 'sulfate_so4']",[],"[515.4308617234469, 565.9318637274549, 659.7194388777555, 731.8637274549098, 782.3647294589179, 897.7955911823647, 984.3687374749499, 1078.1563126252504, 1222.4448897795592, 1330.6613226452905, 1438.877755511022, 1575.9519038076153, 2052.104208416834, 2420.040080160321, 2989.9799599198395, 3112.625250501002, 551.5030060120241, 731.8637274549098, 811.2224448897796, 955.5110220440882, 1042.0841683366734, 1200.801603206413, 1280.1603206412826, 1424.4488977955912, 2968.3366733466933]",[]
108-83-8,"['alkane_ch_sp3', 'amine_cn', 'aromatic_out_of_plane_ch', 'benzene_ring_breathing', 'ketone_co', 'nitro_no2_sym', 'alkyl_halide_cbr', 'alkene_out_of_plane_ch', 'ether_co', 'amide_nh', 'carboxylic_acid_oh_broad', 'aromatic_cc', 'alkyl_halide_ccl', 'amide_cn', 'ester_co_c', 'carboxylic_acid_co', 'sulfate_so4']",[],"[919.438877755511, 1034.8697394789579, 1150.3006012024048, 1272.9458917835673, 1352.3046092184368, 1453.306613226453, 1669.739478957916, 1713.0260521042085, 1763.5270541082164, 2874.5490981963926, 2953.9078156312626, 3004.4088176352707, 565.9318637274549, 717.4348697394789, 984.3687374749499, 1092.5851703406813, 1200.801603206413, 1258.5170340681361, 1316.2324649298598, 1431.6633266533067, 1575.9519038076153, 1886.1723446893789, 2391.1823647294586, 2903.4068136272545, 3256.913827655311]",[]
75-08-1,"['alkane_ch_sp3', 'alkene_out_of_plane_ch', 'ether_co', 'alkyl_halide_ccl', 'carboxylic_acid_oh_broad', 'alkyl_halide_cbr', 'amide_cn', 'sulfate_so4']",[],"[638.0761523046092, 876.1523046092184, 955.5110220440882, 1078.1563126252504, 1272.9458917835673, 1438.877755511022, 2593.186372745491, 2953.9078156312626]",[216.05351170568562]
287-92-3,"['alkane_ch_sp3', 'amine_cn', 'amine_nh_primary', 'alkyne_cc', 'thiol_sh', 'nitro_no2_sym', 'alkene_out_of_plane_ch', 'ether_co', 'amide_nh', 'carboxylic_acid_oh_broad', 'alkyl_halide_cbr', 'alkyl_halide_ccl', 'sulfone_so2', 'amine_nh_secondary', 'alkyl_halide_cI', 'amide_cn', 'sulfate_so4']",[],"[508.21643286573146, 623.6472945891784, 933.8677354709419, 1085.370741482966, 1337.875751503006, 1792.3847695390782, 2117.0340681362723, 2297.3947895791584, 2441.6833667334668, 2513.827655310621, 2679.759519038076, 3386.7735470941884, 3632.064128256513, 3978.3567134268537, 1438.877755511022, 2953.9078156312626]",[]
74-95-3,"['amine_cn', 'aromatic_out_of_plane_ch', 'alkyl_halide_ccl', 'alkyl_halide_cbr', 'amide_cn', 'ester_co_c', 'alkyl_halide_cI']",[],"[587.5751503006012, 638.0761523046092, 796.7935871743487, 1186.372745490982, 472.1442885771543, 616.4328657314629, 681.3627254509017, 1164.7294589178357, 1222.4448897795592, 1258.5170340681361, 2910.62124248497, 3769.138276553106]",[]
620-14-4,"['alkane_ch_sp3', 'amine_cn', 'aromatic_out_of_plane_ch', 'benzene_ring_breathing', 'alkene_cc', 'aromatic_ch', 'alkene_ch_sp2', 'alkene_out_of_plane_ch', 'nitro_no2_asym', 'ether_co', 'aromatic_cc', 'carboxylic_acid_oh_broad', 'alkyl_halide_ccl', 'amide_cn', 'ester_co_c', 'alkyl_halide_cI', 'amide_co', 'sulfate_so4']",[],"[681.3627254509017, 760.7214428857715, 876.1523046092184, 1034.8697394789579, 1316.2324649298598, 1474.9498997995993, 1597.5951903807616, 1756.312625250501, 1835.6713426853707, 1915.0300601202405, 2874.5490981963926, 2953.9078156312626, 3018.8376753507014, 602.004008016032, 659.7194388777555, 731.8637274549098, 840.0801603206413, 912.2244488977956, 1070.941883767535, 1114.2284569138278, 1186.372745490982, 1337.875751503006, 1388.3767535070142, 1547.0941883767534, 1633.6673346693387, 1713.0260521042085, 1814.0280561122245, 1886.1723446893789, 2073.7474949899797, 2751.9038076152306, 2896.1923847695393, 2946.693386773547, 2997.194388777555, 3271.3426853707415, 3935.070140280561, 472.1442885771543, 580.3607214428857, 674.1482965931864, 724.6492985971944, 818.4368737474949, 919.438877755511, 1121.442885771543, 1193.5871743486973, 1395.5911823647293, 1474.9498997995993, 1511.0220440881765, 1590.3807615230462, 1640.881763527054, 2109.819639278557, 2888.9779559118238, 2946.693386773547, 2989.9799599198395, 3386.7735470941884, 3776.3527054108217]","[232.10702341137124, 264.2140468227425]"
622-62-8,"['amine_cn', 'aromatic_out_of_plane_ch', 'benzene_ring_breathing', 'alcohol_phenol_oh', 'alkyne_cc', 'nitro_no2_sym', 'aromatic_ch', 'alkene_ch_sp2', 'alkene_out_of_plane_ch', 'ether_co', 'aromatic_cc', 'carboxylic_acid_oh_broad', 'alkyl_halide_ccl', 'sulfone_so2', 'amide_cn', 'ester_co_c', 'sulfate_so4']",[],"[666.9338677354709, 731.8637274549098, 782.3647294589179, 868.937875751503, 955.5110220440882, 1070.941883767535, 1135.871743486974, 1186.372745490982, 1272.9458917835673, 1309.0180360721442, 1373.947895791583, 1417.2344689378758, 1460.5210420841684, 1575.9519038076153, 1763.5270541082164, 2189.178356713427, 2953.9078156312626, 3018.8376753507014, 3098.1963927855713, 3567.134268537074, 3776.3527054108217, 731.8637274549098, 811.2224448897796, 897.7955911823647, 1027.6553106212425, 1092.5851703406813, 1171.943887775551, 1215.2304609218436, 1258.5170340681361, 1417.2344689378758, 1496.5931863727455, 1539.879759519038, 2975.551102204409, 3653.7074148296592]",[]
101-77-9,"['aromatic_ch', 'ether_co', 'aromatic_cc', 'amine_nh_secondary', 'amide_cn', 'carboxylic_acid_co', 'alkyl_halide_ccl', 'amide_nh', 'ester_co_c', 'aromatic_out_of_plane_ch', 'benzene_ring_breathing', 'alcohol_phenol_oh', 'nitro_no2_sym', 'nitro_no2_asym', 'alkyl_halide_cbr', 'alkyl_halide_cI', 'sulfate_so4', 'alkane_ch_sp3', 'amine_cn', 'amine_nh_primary', 'alkene_cc', 'ketone_co', 'alkene_ch_sp2', 'carboxylic_acid_oh_broad', 'aldehyde_co', 'amide_co']",[],"[565.9318637274549, 652.5050100200401, 811.2224448897796, 1056.5130260521041, 1164.7294589178357, 1251.302605210421, 1301.803607214429, 1417.2344689378758, 1496.5931863727455, 1568.7374749498997, 1612.0240480961925, 1662.5250501002004, 1857.314629258517, 2896.1923847695393, 3011.623246492986, 3393.987975951904, 645.2905811623247, 746.2925851703407, 789.5791583166333, 883.3667334669339, 933.8677354709419, 1049.2985971943888, 1107.0140280561122, 1157.5150300601204, 1215.2304609218436, 1359.5190380761524, 1410.0200400801605, 1489.37875751503, 1554.308617234469, 1720.2404809619238, 1943.8877755511023, 3098.1963927855713, 3242.4849699398796, 3350.7014028056115, 3531.062124248497, 464.92985971943887, 537.0741482965932, 594.7895791583167, 746.2925851703407, 789.5791583166333, 868.937875751503, 926.6533066132265, 1034.8697394789579, 1099.7995991983967, 1150.3006012024048, 1200.801603206413, 1366.7334669338677, 1453.306613226453, 1539.879759519038, 1648.0961923847697, 1951.1022044088177, 2852.9058116232463, 2925.0501002004007, 3083.76753507014, 3256.913827655311, 3379.559118236473, 3487.7755511022046, 3805.2104208416836]",[]
74-83-9,"['alkane_ch_sp3', 'amine_cn', 'benzene_ring_breathing', 'nitro_no2_sym', 'aromatic_ch', 'alkene_out_of_plane_ch', 'nitro_no2_asym', 'alkene_ch_sp2', 'ether_co', 'aromatic_cc', 'carboxylic_acid_oh_broad', 'alkyl_halide_ccl', 'sulfone_so2', 'amide_nh', 'amide_cn', 'alkyl_halide_cI', 'alkyl_halide_cbr', 'sulfate_so4']",[],"[616.4328657314629, 941.0821643286573, 1309.0180360721442, 1395.5911823647293, 1460.5210420841684, 2860.120240480962, 2975.551102204409, 3033.2665330661325, 3105.4108216432865, 616.4328657314629, 948.2965931863728, 1309.0180360721442, 1395.5911823647293, 1474.9498997995993, 2860.120240480962, 2975.551102204409, 3033.2665330661325, 3069.3386773547095, 616.4328657314629, 948.2965931863728, 1309.0180360721442, 1410.0200400801605, 1453.306613226453, 1489.37875751503, 1532.6653306613227, 1561.5230460921844, 2845.691382765531, 2975.551102204409, 3090.9819639278558, 616.4328657314629, 948.2965931863728, 1309.0180360721442, 1410.0200400801605, 1453.306613226453, 1489.37875751503, 1532.6653306613227, 1561.5230460921844, 2845.691382765531, 2975.551102204409, 3062.124248496994, 3098.1963927855713, 616.4328657314629, 962.7254509018036, 1309.0180360721442, 1388.3767535070142, 1417.2344689378758, 1446.0921843687374, 1489.37875751503, 1518.2364729458918, 2268.5370741482966, 2860.120240480962, 2982.7655310621244, 3040.4809619238476, 3098.1963927855713, 616.4328657314629, 941.0821643286573, 1309.0180360721442, 1395.5911823647293, 1467.7354709418837, 2860.120240480962, 2975.551102204409, 3033.2665330661325, 3105.4108216432865, 616.4328657314629, 948.2965931863728, 1287.374749498998, 1309.0180360721442, 1395.5911823647293, 1431.6633266533067, 1453.306613226453, 1489.37875751503, 2614.8296593186374, 2860.120240480962, 2975.551102204409, 3033.2665330661325, 3069.3386773547095, 3112.625250501002, 616.4328657314629, 962.7254509018036, 1309.0180360721442, 1388.3767535070142, 1417.2344689378758, 1446.0921843687374, 1489.37875751503, 1518.2364729458918, 2268.5370741482966, 2860.120240480962, 2982.7655310621244, 3040.4809619238476, 3098.1963927855713, 616.4328657314629, 948.2965931863728, 1287.374749498998, 1309.0180360721442, 1395.5911823647293, 1431.6633266533067, 1467.7354709418837, 1489.37875751503, 2614.8296593186374, 2860.120240480962, 2975.551102204409, 3033.2665330661325, 3069.3386773547095, 3112.625250501002, 602.004008016032, 948.2965931863728, 1229.6593186372745, 1272.9458917835673, 1316.2324649298598, 1460.5210420841684, 2347.895791583166, 2593.186372745491, 2831.2625250501, 2946.693386773547, 2968.3366733466933, 3076.553106212425, 616.4328657314629, 948.2965931863728, 1309.0180360721442, 1410.0200400801605, 1453.306613226453, 1489.37875751503, 1532.6653306613227, 1561.5230460921844, 2845.691382765531, 2975.551102204409, 3098.1963927855713, 616.4328657314629, 1006.0120240480962, 1309.0180360721442, 1410.0200400801605, 1453.306613226453, 1525.4509018036072, 2845.691382765531, 2975.551102204409, 3062.124248496994, 3098.1963927855713, 616.4328657314629, 962.7254509018036, 1309.0180360721442, 1388.3767535070142, 1417.2344689378758, 1453.306613226453, 1489.37875751503, 1518.2364729458918, 2268.5370741482966, 2860.120240480962, 2982.7655310621244, 3040.4809619238476, 3098.1963927855713, 616.4328657314629, 1006.0120240480962, 1309.0180360721442, 1410.0200400801605, 1453.306613226453, 1525.4509018036072, 2845.691382765531, 2975.551102204409, 3062.124248496994, 616.4328657314629, 1006.0120240480962, 1309.0180360721442, 1410.0200400801605, 1453.306613226453, 1525.4509018036072, 2845.691382765531, 2975.551102204409, 3062.124248496994, 616.4328657314629, 948.2965931863728, 1287.374749498998, 1316.2324649298598, 1352.3046092184368, 1381.1623246492986, 1417.2344689378758, 1460.5210420841684, 1496.5931863727455, 1525.4509018036072, 2614.8296593186374, 2860.120240480962, 2975.551102204409, 3033.2665330661325, 3076.553106212425, 3112.625250501002, 616.4328657314629, 948.2965931863728, 1287.374749498998, 1309.0180360721442, 1395.5911823647293, 1431.6633266533067, 1467.7354709418837, 1489.37875751503, 2614.8296593186374, 2860.120240480962, 2975.551102204409, 3033.2665330661325, 3069.3386773547095, 3112.625250501002, 616.4328657314629, 962.7254509018036, 1309.0180360721442, 1388.3767535070142, 1417.2344689378758, 1453.306613226453, 1489.37875751503, 1518.2364729458918, 2268.5370741482966, 2860.120240480962, 2982.7655310621244, 3047.695390781563, 3098.1963927855713, 616.4328657314629, 941.0821643286573, 1309.0180360721442, 1395.5911823647293, 1467.7354709418837, 2860.120240480962, 2975.551102204409, 3033.2665330661325, 3105.4108216432865, 479.35871743486973, 652.5050100200401, 1114.2284569138278, 1352.3046092184368, 1438.877755511022, 1467.7354709418837, 2723.0460921843687, 2910.62124248497, 3026.052104208417, 3783.5671342685373, 594.7895791583167, 623.6472945891784, 984.3687374749499, 1287.374749498998, 1373.947895791583, 1431.6633266533067, 1467.7354709418837, 2261.322645290581, 2874.5490981963926, 2975.551102204409, 3054.909819639279, 3098.1963927855713, 616.4328657314629, 941.0821643286573, 1309.0180360721442, 1460.5210420841684, 2860.120240480962, 2975.551102204409, 3033.2665330661325, 3062.124248496994, 616.4328657314629, 948.2965931863728, 1287.374749498998, 1309.0180360721442, 1395.5911823647293, 1431.6633266533067, 1467.7354709418837, 1489.37875751503, 2614.8296593186374, 2860.120240480962, 2975.551102204409, 3033.2665330661325, 3069.3386773547095, 3112.625250501002, 616.4328657314629, 962.7254509018036, 1309.0180360721442, 1388.3767535070142, 1417.2344689378758, 1453.306613226453, 1489.37875751503, 1518.2364729458918, 2268.5370741482966, 2860.120240480962, 2982.7655310621244, 3040.4809619238476, 3098.1963927855713, 616.4328657314629, 948.2965931863728, 1309.0180360721442, 1410.0200400801605, 1453.306613226453, 1489.37875751503, 1532.6653306613227, 1561.5230460921844, 2845.691382765531, 2975.551102204409, 3062.124248496994, 3098.1963927855713, 616.4328657314629, 1006.0120240480962, 1309.0180360721442, 1410.0200400801605, 1453.306613226453, 1525.4509018036072, 2845.691382765531, 2975.551102204409, 3062.124248496994, 3098.1963927855713, 616.4328657314629, 948.2965931863728, 1309.0180360721442, 1410.0200400801605, 1453.306613226453, 1489.37875751503, 1532.6653306613227, 1561.5230460921844, 2845.691382765531, 2975.551102204409, 3098.1963927855713]","[208.0267558528428, 268.2274247491639]"
486-25-9,"['amine_cn', 'aromatic_out_of_plane_ch', 'ketone_co', 'aromatic_ch', 'alkene_ch_sp2', 'alkene_out_of_plane_ch', 'ether_co', 'aromatic_cc', 'carboxylic_acid_oh_broad', 'alkyl_halide_ccl', 'aldehyde_co', 'amide_cn', 'ester_co_c', 'carboxylic_acid_co', 'sulfate_so4']",[],"[652.5050100200401, 724.6492985971944, 789.5791583166333, 897.7955911823647, 941.0821643286573, 1085.370741482966, 1171.943887775551, 1294.5891783567135, 1446.0921843687374, 1590.3807615230462, 1684.1683366733466, 1720.2404809619238, 1814.0280561122245, 1936.6733466933867, 3054.909819639279, 3437.2745490981965]","[228.09364548494983, 260.2006688963211, 328.428093645485, 364.5484949832776]"
585-34-2,"['alkane_ch_sp3', 'amine_cn', 'aromatic_out_of_plane_ch', 'nitro_no2_sym', 'aromatic_ch', 'alkene_ch_sp2', 'alkene_out_of_plane_ch', 'aromatic_cc', 'carboxylic_acid_oh_broad', 'alkyl_halide_ccl', 'amide_cn', 'ester_co_c', 'alkyl_halide_cI']",[],"[464.92985971943887, 674.1482965931864, 753.5070140280561, 905.0100200400802, 1078.1563126252504, 1164.7294589178357, 1272.9458917835673, 1352.3046092184368, 1431.6633266533067, 1474.9498997995993, 1590.3807615230462, 2910.62124248497, 2953.9078156312626, 3033.2665330661325, 3639.2785571142285]",[]
56-38-2,"['amine_cn', 'aromatic_out_of_plane_ch', 'benzene_ring_breathing', 'nitro_no2_sym', 'alkene_out_of_plane_ch', 'nitro_no2_asym', 'ether_co', 'aromatic_cc', 'carboxylic_acid_oh_broad', 'alkyl_halide_ccl', 'sulfone_so2', 'amide_cn', 'ester_co_c', 'alkyl_halide_cI', 'alkyl_halide_cbr', 'sulfate_so4']",[],"[645.2905811623247, 746.2925851703407, 811.2224448897796, 912.2244488977956, 941.0821643286573, 1020.440881763527, 1143.0861723446894, 1215.2304609218436, 1258.5170340681361, 1337.875751503006, 1446.0921843687374, 1482.1643286573146, 1532.6653306613227, 1575.9519038076153, 2975.551102204409, 472.1442885771543, 493.7875751503006, 565.9318637274549, 616.4328657314629, 666.9338677354709, 710.2204408817636, 782.3647294589179, 840.0801603206413, 883.3667334669339, 948.2965931863728, 998.7975951903808, 1085.370741482966, 1135.871743486974, 1186.372745490982, 1265.7314629258517, 1316.2324649298598, 1373.947895791583, 1417.2344689378758, 1503.807615230461, 1568.7374749498997, 1640.881763527054, 1741.88376753507, 1886.1723446893789, 2052.104208416834, 2549.8997995991986, 2881.763527054108, 2953.9078156312626, 3062.124248496994, 3776.3527054108217]","[216.05351170568562, 274.24749163879596, 382.6086956521739]"
624-38-4,"['amine_cn', 'aromatic_out_of_plane_ch', 'benzene_ring_breathing', 'nitro_no2_sym', 'alkene_out_of_plane_ch', 'ether_co', 'aromatic_cc', 'alkyl_halide_ccl', 'alkyl_halide_cbr', 'amide_cn', 'alkyl_halide_cI', 'sulfate_so4']",[],"[443.2865731462926, 486.5731462925852, 558.7174348697395, 775.1503006012024, 818.4368737474949, 962.7254509018036, 1020.440881763527, 1042.0841683366734, 1085.370741482966, 1121.442885771543, 1272.9458917835673, 1352.3046092184368, 1395.5911823647293, 1446.0921843687374, 1489.37875751503, 1799.5991983967936, 1951.1022044088177, 2448.8977955911823, 3776.3527054108217, 457.71543086172346, 630.8617234468938, 789.5791583166333, 948.2965931863728, 977.1543086172345, 1006.0120240480962, 1056.5130260521041, 1200.801603206413, 1359.5190380761524, 1453.306613226453, 1482.1643286573146, 1597.5951903807616, 1756.312625250501, 1871.743486973948, 2355.1102204408817, 3076.553106212425, 3877.3547094188375]",[]
694-80-4,"['amine_cn', 'aromatic_out_of_plane_ch', 'benzene_ring_breathing', 'alkene_cc', 'aromatic_ch', 'alkene_out_of_plane_ch', 'alkene_ch_sp2', 'nitro_no2_asym', 'ether_co', 'aromatic_cc', 'alkyl_halide_ccl', 'alkyl_halide_cbr', 'carboxylic_acid_oh_broad', 'amide_cn', 'ester_co_c', 'alkyl_halide_cI', 'sulfate_so4']",[],"[464.92985971943887, 551.5030060120241, 695.7915831663327, 775.1503006012024, 919.438877755511, 962.7254509018036, 1056.5130260521041, 1150.3006012024048, 1222.4448897795592, 1381.1623246492986, 1482.1643286573146, 1648.0961923847697, 1857.314629258517, 2037.6753507014027, 2773.547094188377, 3401.202404809619, 3783.5671342685373, 450.501002004008, 638.0761523046092, 724.6492985971944, 760.7214428857715, 984.3687374749499, 1013.2264529058116, 1114.2284569138278, 1157.5150300601204, 1236.8737474949899, 1388.3767535070142, 1438.877755511022, 1482.1643286573146, 1554.308617234469, 1676.9539078156313, 1893.3867735470942, 3069.3386773547095]",[]
591-78-6,"['ether_co', 'aromatic_cc', 'amine_nh_secondary', 'amide_cn', 'carboxylic_acid_co', 'alkyl_halide_ccl', 'amide_nh', 'ester_co_c', 'aromatic_out_of_plane_ch', 'benzene_ring_breathing', 'nitro_no2_sym', 'alkyne_ch_sp', 'alkyl_halide_cbr', 'alkyl_halide_cI', 'amine_nh_primary', 'alkane_ch_sp3', 'amine_cn', 'sulfate_so4', 'alkene_cc', 'ketone_co', 'alkene_out_of_plane_ch', 'carboxylic_acid_oh_broad', 'amide_co']",[],"[515.4308617234469, 710.2204408817636, 948.2965931863728, 1157.5150300601204, 1222.4448897795592, 1309.0180360721442, 1352.3046092184368, 1438.877755511022, 1669.739478957916, 1713.0260521042085, 1763.5270541082164, 2874.5490981963926, 2953.9078156312626, 2997.194388777555, 501.002004008016, 558.7174348697395, 616.4328657314629, 674.1482965931864, 746.2925851703407, 818.4368737474949, 919.438877755511, 1034.8697394789579, 1128.6573146292585, 1200.801603206413, 1280.1603206412826, 1395.5911823647293, 1438.877755511022, 1489.37875751503, 1640.881763527054, 1929.4589178356714, 2412.8256513026054, 2896.1923847695393, 3307.4148296593185, 3718.637274549098]",[]
104-94-9,"['aromatic_ch', 'ether_co', 'aromatic_cc', 'amine_nh_secondary', 'amide_cn', 'amide_nh', 'alkyl_halide_ccl', 'ester_co_c', 'aromatic_out_of_plane_ch', 'benzene_ring_breathing', 'alcohol_phenol_oh', 'nitro_no2_sym', 'nitro_no2_asym', 'alkyl_halide_cbr', 'alkyl_halide_cI', 'amine_nh_primary', 'alkane_ch_sp3', 'amine_cn', 'sulfate_so4', 'carboxylic_acid_oh_broad']",[],"[493.7875751503006, 558.7174348697395, 695.7915831663327, 782.3647294589179, 883.3667334669339, 1013.2264529058116, 1063.7274549098197, 1157.5150300601204, 1208.0160320641282, 1272.9458917835673, 1323.4468937875752, 1373.947895791583, 1482.1643286573146, 1568.7374749498997, 1698.5971943887776, 1943.8877755511023, 2874.5490981963926, 3033.2665330661325, 3264.128256513026, 3393.987975951904, 3473.3466933867735, 3812.4248496993987, 652.5050100200401, 811.2224448897796, 1020.440881763527, 1171.943887775551, 1222.4448897795592, 1446.0921843687374, 1496.5931863727455, 1612.0240480961925, 2816.8336673346694, 2932.2645290581163, 3018.8376753507014]","[236.12040133779266, 296.3210702341137]"
2.04013111-65-9,"['alkane_ch_sp3', 'carboxylic_acid_oh_broad']",[],"[1446.0921843687374, 2867.3346693386775, 2917.8356713426856, 2953.9078156312626, 2997.194388777555]",[]
107-05-1,"['amine_cn', 'aromatic_out_of_plane_ch', 'alkene_cc', 'nitro_no2_sym', 'aromatic_ch', 'alkene_ch_sp2', 'alkene_out_of_plane_ch', 'ether_co', 'alkyl_halide_ccl', 'carboxylic_acid_oh_broad', 'alkyl_halide_cbr', 'amide_cn', 'ester_co_c', 'alkyl_halide_cI', 'sulfate_so4']",[],"[573.1462925851704, 666.9338677354709, 724.6492985971944, 868.937875751503, 912.2244488977956, 962.7254509018036, 1186.372745490982, 1236.8737474949899, 1395.5911823647293, 1633.6673346693387, 1835.6713426853707, 2968.3366733466933, 3076.553106212425, 472.1442885771543, 630.8617234468938, 847.2945891783568, 962.7254509018036, 1128.6573146292585, 1359.5190380761524, 1604.809619238477, 1684.1683366733466, 2319.0380761523047, 2751.9038076152306, 2903.4068136272545, 3047.695390781563, 3769.138276553106]",[]
108-10-1,"['alkane_ch_sp3', 'amine_cn', 'aromatic_out_of_plane_ch', 'benzene_ring_breathing', 'ketone_co', 'nitro_no2_sym', 'alkene_out_of_plane_ch', 'ether_co', 'amide_nh', 'carboxylic_acid_oh_broad', 'alkyl_halide_cbr', 'alkyl_halide_ccl', 'sulfone_so2', 'amide_cn', 'ester_co_c', 'alkyl_halide_cI', 'carboxylic_acid_co', 'sulfate_so4']",[],"[515.4308617234469, 580.3607214428857, 933.8677354709419, 1157.5150300601204, 1272.9458917835673, 1352.3046092184368, 1446.0921843687374, 1669.739478957916, 1713.0260521042085, 2874.5490981963926, 2953.9078156312626, 3004.4088176352707, 493.7875751503006, 551.5030060120241, 616.4328657314629, 681.3627254509017, 890.5811623246493, 1056.5130260521041, 1135.871743486974, 1215.2304609218436, 1258.5170340681361, 1316.2324649298598, 1402.805611222445, 1438.877755511022, 1604.809619238477, 2030.4609218436874, 2766.3326653306613, 2910.62124248497, 3249.699398797595, 3949.498997995992]",[]
75-65-0,"['alkane_ch_sp3', 'amine_cn', 'aromatic_out_of_plane_ch', 'benzene_ring_breathing', 'alcohol_phenol_oh', 'nitro_no2_sym', 'aromatic_ch', 'alkene_ch_sp2', 'alkene_out_of_plane_ch', 'ether_co', 'alkyl_halide_ccl', 'carboxylic_acid_oh_broad', 'aromatic_cc', 'amide_cn', 'ester_co_c', 'sulfate_so4']",[],"[724.6492985971944, 832.8657314629259, 941.0821643286573, 1049.2985971943888, 1280.1603206412826, 1424.4488977955912, 1547.0941883767534, 1777.9559118236473, 2016.0320641282565, 3054.909819639279, 3574.3486973947897, 3639.2785571142285, 3776.3527054108217, 464.92985971943887, 912.2244488977956, 1128.6573146292585, 1193.5871743486973, 1359.5190380761524, 2910.62124248497, 2953.9078156312626, 3632.064128256513, 731.8637274549098, 775.1503006012024, 962.7254509018036, 1070.941883767535, 1179.1583166332666, 1287.374749498998, 1345.0901803607214, 1417.2344689378758, 1597.5951903807616, 3033.2665330661325, 3776.3527054108217, 493.7875751503006, 724.6492985971944, 840.0801603206413, 977.1543086172345, 1042.0841683366734, 1272.9458917835673, 1438.877755511022, 1597.5951903807616, 1777.9559118236473, 1987.1743486973949, 2636.4729458917836, 3062.124248496994, 3797.995991983968]",[]
57-41-0,[],[],[],[210.0334448160535]
77-92-9,[],[],[],"[206.02006688963212, 266.2207357859532]"
563-79-1,[],[],[],[]
624-92-0,[],[],[],"[264.2140468227425, 294.314381270903]"
106-51-4,[],[],[],"[224.08026755852842, 246.15384615384616, 362.54180602006693, 384.61538461538464]"
74-89-5,[],[],[],"[212.0401337792642, 232.10702341137124]"
542-92-7,[],[],[],"[216.05351170568562, 240.13377926421404]"
75-18-3,[],[],[],[2137792642]
95-63-6,[],[],[],[266.2207357859532]
352-93-2,[],[],[],[212.0401337792642]
591-35-5,[],[],[],"[210.0334448160535, 286.2876254180602]"
507-40-4,[],[],[],"[240.13377926421404, 336.45484949832775]"
504-24-5,[],[],[],"[216.05351170568562, 262.2073578595318]"
288-32-4,[],[],[],[]
334-88-3,[],[],[],"[260.2006688963211, 282.2742474916388]"
600-14-6,[],[],[],"[210.0334448160535, 252.17391304347825, 416.72240802675583]"
556-88-7,[],[],[],"[212.0401337792642, 262.2073578595318, 312.3745819397993]"
591-27-5,[],[],[],"[258.19397993311037, 296.3210702341137]"
100-44-7,[],[],[],"[214.04682274247492, 224.08026755852842, 284.2809364548495]"
555-16-8,[],[],[],"[218.06020066889633, 260.2006688963211]"
75-61-6,[],[],[],[218.06020066889633]
100-25-4,[],[],[],"[206.02006688963212, 262.2073578595318, 402.67558528428094]"
619-08-9,[],[],[],"[282.2742474916388, 296.3210702341137, 380.60200668896323]"
366-18-7,[],[],[],"[216.05351170568562, 242.14046822742475, 302.34113712374585]"
107-03-9,[],[],[],"[214.04682274247492, 228.09364548494983]"
78-79-5,[],[],[],"[208.0267558528428, 222.0735785953177, 232.10702341137124]"
72-43-5,[],[],[],"[220.06688963210703, 228.09364548494983]"
608-31-1,[],[],[],"[224.08026755852842, 298.32775919732444]"
520-45-6,[],[],[],"[228.09364548494983, 302.34113712374585, 328.428093645485]"
144-62-7,[],[],[],[222.0735785953177]
554-84-7,[],[],[],"[238.12709030100334, 272.2408026755853, 340.46822742474916]"
637-07-0,[],[],[],"[216.05351170568562, 226.08695652173913, 278.2608695652174]"
693-98-1,[],[],[],[206.02006688963212]
504-60-9,[],[],[],[222.0735785953177]
563-80-4,[],[],[],"[278.2608695652174, 294.314381270903]"
494-03-1,[],[],[],"[214.04682274247492, 254.18060200668896, 286.2876254180602, 348.494983277592]"
74-93-1,[],[],[],[228.09364548494983]
75-63-8,[],[],[],"[210.0334448160535, 262.2073578595318]"
100-63-0,[],[],[],"[236.12040133779266, 270.23411371237455, 318.39464882943145]"
